Name,Location,Year,Kilometers_Driven,Fuel_Type,Transmission,Owner_Type,Mileage,Engine,Power,Colour,Seats,No. of Doors,New_Price,Price
Mahindra Scorpio,Pune,2012.0,99000.0,Diesel,Manual,Third,12.05 kmpl,2179 CC,120 bhp,Black/Silver,8.0,5.0,,6.0
Maruti Baleno,Kochi,2018.0,18678.0,Petrol,Manual,First,21.1 kmpl,998 CC,100 bhp,Others,5.0,4.0,,8.32
Mahindra Xylo,Bangalore,2013.0,197000.0,Diesel,Manual,First,11.68 kmpl,2498 CC,112 bhp,White,7.0,5.0,,4.0
Hyundai Grand,Delhi,2014.0,45000.0,Diesel,Manual,First,24.0 kmpl,1120 CC,70 bhp,White,5.0,4.0,,3.49
Toyota Innova,Delhi,2011.0,65000.0,Diesel,Manual,First,12.8 kmpl,2494 CC,102 bhp,Others,8.0,5.0,,6.4
Honda WRV,Kochi,2018.0,15135.0,Petrol,Manual,First,17.5 kmpl,1199 CC,88.7 bhp,White,5.0,4.0,10.57 Lakh,9.29
Hyundai Verna,Bangalore,2016.0,79000.0,Diesel,Manual,First,24.8 kmpl,1396 CC,88.7 bhp,White,5.0,4.0,,7.25
Toyota Fortuner,Pune,2015.0,36000.0,Diesel,Automatic,First,12.55 kmpl,2982 CC,168.5 bhp,White,7.0,5.0,,22.0
Toyota Innova,Hyderabad,2009.0,156056.0,Diesel,Manual,First,12.8 kmpl,2494 CC,102 bhp,Others,8.0,5.0,,8.5
Chevrolet Beat,Hyderabad,2012.0,61250.0,Diesel,Manual,First,25.44 kmpl,936 CC,57.6 bhp,Others,5.0,4.0,,2.7
Toyota Innova,Hyderabad,2007.0,199000.0,Diesel,Manual,Second,12.8 kmpl,2494 CC,102 bhp,Others,7.0,4.0,,5.2
Audi A6,Ahmedabad,2008.0,41000.0,Petrol,Automatic,Second,10.4 kmpl,2773 CC,201 bhp,White,5.0,4.0,,10.5
Hyundai i20,Delhi,2017.0,17431.0,Petrol,Manual,First,18.6 kmpl,1197 CC,81.83 bhp,Black/Silver,5.0,4.0,,6.0
Skoda Laura,Mumbai,2009.0,48000.0,Diesel,Automatic,Second,17.0 kmpl,1896 CC,105 bhp,White,5.0,4.0,,2.95
Honda City,Mumbai,2015.0,10400.0,Petrol,Manual,First,17.4 kmpl,1497 CC,117.3 bhp,Black/Silver,5.0,4.0,,6.51
Maruti Baleno,Delhi,2017.0,33000.0,Diesel,Manual,First,27.39 kmpl,1248 CC,74 bhp,Black/Silver,5.0,4.0,,6.96
Audi Q7,Pune,2009.0,94000.0,Diesel,Automatic,Second,12.07 kmpl,2967 CC,241.4 bhp,White,7.0,5.0,,12.0
Renault Duster,Bangalore,2014.0,70000.0,Diesel,Manual,First,19.01 kmpl,1461 CC,108.45 bhp,Black/Silver,5.0,4.0,,8.25
Maruti Ertiga,Chennai,2012.0,40000.0,Diesel,Manual,First,20.77 kmpl,1248 CC,88.8 bhp,Others,7.0,5.0,,7.0
Land Rover Freelander,Hyderabad,2012.0,139000.0,Diesel,Automatic,First,0.0 kmpl,2179 CC,115 bhp,Black/Silver,5.0,4.0,,16.75
Skoda Rapid,Mumbai,2014.0,35000.0,Petrol,Manual,First,15.0 kmpl,1598 CC,103.52 bhp,Black/Silver,5.0,4.0,,4.5
Maruti Zen,Pune,2007.0,42000.0,Petrol,Manual,Third,18.2 kmpl,998 CC,67.1 bhp,Others,5.0,4.0,,1.3
BMW 3,Mumbai,2014.0,48000.0,Diesel,Automatic,First,21.76 kmpl,1995 CC,190 bhp,Others,5.0,4.0,60.88 Lakh,26.5
Hyundai i20,Bangalore,2015.0,59000.0,Petrol,Manual,First,18.5 kmpl,1197 CC,80 bhp,Black/Silver,5.0,4.0,,5.75
Maruti Wagon,Chennai,2013.0,79000.0,Petrol,Manual,First,18.9 kmpl,998 CC,67.1 bhp,White,5.0,4.0,,3.0
Honda Jazz,Kolkata,2010.0,45000.0,Petrol,Manual,First,16.0 kmpl,1198 CC,90 bhp,White,5.0,4.0,,2.0
Maruti Wagon,Ahmedabad,2008.0,60123.0,Petrol,Manual,Second,18.9 kmpl,998 CC,67.1 bhp,Others,5.0,4.0,,1.95
Maruti Vitara,Coimbatore,2018.0,64456.0,Diesel,Manual,First,24.3 kmpl,1248 CC,88.5 bhp,White,5.0,4.0,11 Lakh,10.46
ISUZU D-MAX,Jaipur,2017.0,25000.0,Diesel,Manual,First,12.4 kmpl,2499 CC,134 bhp,Others,5.0,4.0,,8.0
Maruti SX4,Delhi,2011.0,75000.0,Diesel,Manual,First,21.5 kmpl,1248 CC,88.8 bhp,Black/Silver,5.0,4.0,,2.5
Hyundai i10,Coimbatore,2014.0,31446.0,Petrol,Manual,First,20.36 kmpl,1197 CC,78.9 bhp,Others,5.0,4.0,,4.66
Honda Amaze,Hyderabad,2014.0,97236.0,Diesel,Manual,First,25.8 kmpl,1498 CC,98.6 bhp,White,5.0,4.0,,4.4
Maruti Wagon,Kochi,2011.0,15466.0,Petrol,Manual,First,22.5 kmpl,998 CC,67.04 bhp,White,5.0,4.0,5.04 Lakh,3.36
Hyundai Xcent,Pune,2016.0,51000.0,Diesel,Manual,First,24.4 kmpl,1120 CC,71 bhp,White,5.0,4.0,,5.25
Jaguar F,Hyderabad,2015.0,8000.0,Petrol,Automatic,First,12.5 kmpl,5000 CC,488.1 bhp,Others,2.0,2.0,,100.0
BMW 3,Chennai,2009.0,137000.0,Diesel,Automatic,Second,13.2 kmpl,1995 CC,170 bhp,Others,5.0,4.0,,9.0
Mercedes-Benz C-Class,Mumbai,2018.0,8682.0,Diesel,Automatic,First,0.0 kmpl,1950 CC,194 bhp,White,5.0,4.0,52.26 Lakh,39.5
Volkswagen Polo,Kolkata,2012.0,55339.0,Diesel,Manual,First,22.07 kmpl,1199 CC,73.9 bhp,White,5.0,4.0,,2.65
Renault Duster,Delhi,2016.0,26000.0,Diesel,Manual,First,19.64 kmpl,1461 CC,108.45 bhp,White,5.0,4.0,,10.0
BMW 5,Mumbai,2013.0,78000.0,Diesel,Automatic,First,18.48 kmpl,1995 CC,177 bhp,Others,5.0,4.0,,19.5
Mahindra Thar,Coimbatore,2019.0,16392.0,Diesel,Manual,First,16.55 kmpl,2498 CC,105 bhp,White,6.0,5.0,,10.36
BMW 3,Chennai,2010.0,83000.0,Diesel,Automatic,First,16.07 kmpl,1995 CC,181 bhp,Others,5.0,4.0,,12.75
Maruti Alto,Hyderabad,2013.0,54000.0,Petrol,Manual,Second,20.92 kmpl,998 CC,,Others,5.0,4.0,,2.75
Hyundai i20,Kolkata,2016.0,19008.0,Petrol,Manual,First,17.0 kmpl,1197 CC,80 bhp,Others,5.0,4.0,,5.25
Hyundai i10,Kolkata,2015.0,18000.0,Petrol,Manual,First,20.36 kmpl,1197 CC,78.9 bhp,White,5.0,4.0,,2.85
Honda Amaze,Delhi,2015.0,48000.0,Diesel,Manual,First,25.8 kmpl,1498 CC,98.6 bhp,Others,5.0,4.0,,4.5
Audi A3,Mumbai,2016.0,39000.0,Diesel,Automatic,First,20.38 kmpl,1968 CC,143 bhp,Others,5.0,4.0,42.89 Lakh,18.9
Tata Xenon,Pune,2014.0,85000.0,Diesel,Manual,First,13.49 kmpl,2179 CC,138.03 bhp,White,5.0,4.0,,3.5
Toyota Innova,Coimbatore,2019.0,31271.0,Diesel,Manual,First,13.68 kmpl,2393 CC,147.8 bhp,White,8.0,5.0,24.01 Lakh,21.42
BMW X1,Pune,2011.0,102000.0,Diesel,Automatic,First,15.06 kmpl,1995 CC,177 bhp,Others,5.0,4.0,,13.75
Hyundai Getz,Hyderabad,2006.0,63181.0,Petrol,Manual,First,15.3 kmpl,1341 CC,83 bhp,Black/Silver,5.0,4.0,,1.85
Audi Q7,Bangalore,2014.0,45000.0,Diesel,Automatic,Second,12.07 kmpl,2967 CC,241.4 bhp,White,7.0,5.0,,37.9
Volkswagen Vento,Jaipur,2013.0,144000.0,Diesel,Manual,First,20.54 kmpl,1598 CC,103.6 bhp,Black/Silver,5.0,4.0,,7.0
BMW 3,Mumbai,2010.0,67000.0,Diesel,Automatic,Second,22.69 kmpl,1995 CC,190 bhp,White,5.0,4.0,47.87 Lakh,9.25
Volkswagen Vento,Jaipur,2013.0,125000.0,Diesel,Manual,Second,20.54 kmpl,1598 CC,103.6 bhp,Others,5.0,4.0,,6.25
Chevrolet Sail,Kolkata,2014.0,9500.0,Petrol,Manual,First,18.2 kmpl,1199 CC,82.5 bhp,Black/Silver,5.0,4.0,,3.5
Renault Duster,Bangalore,2014.0,52000.0,Petrol,Manual,First,13.24 kmpl,1598 CC,102.57 bhp,White,5.0,4.0,,5.99
Maruti Ertiga,Kolkata,2013.0,53073.0,Diesel,Manual,First,20.77 kmpl,1248 CC,88.76 bhp,Black/Silver,7.0,5.0,,5.95
Maruti Alto,Ahmedabad,2009.0,35000.0,Petrol,Manual,First,19.7 kmpl,796 CC,46.3 bhp,White,5.0,4.0,,1.5
Hyundai Grand,Coimbatore,2016.0,29091.0,Petrol,Manual,First,18.9 kmpl,1197 CC,81.86 bhp,Others,5.0,4.0,6.82 Lakh,4.87
Renault Duster,Kochi,2015.0,82603.0,Petrol,Manual,First,13.06 kmpl,1598 CC,102.53 bhp,Others,5.0,4.0,,4.9
Volkswagen Jetta,Coimbatore,2016.0,44340.0,Diesel,Automatic,First,16.96 kmpl,1968 CC,138.03 bhp,Black/Silver,5.0,4.0,,13.83
Maruti Alto,Bangalore,2011.0,64357.0,Petrol,Manual,First,24.07 kmpl,998 CC,67.1 bhp,Others,5.0,4.0,4.7 Lakh,2.75
Honda Jazz,Kolkata,2015.0,45000.0,Petrol,Manual,First,18.7 kmpl,1199 CC,88.7 bhp,White,5.0,4.0,,4.75
Maruti Ciaz,Coimbatore,2016.0,41810.0,Petrol,Manual,First,20.73 kmpl,1373 CC,91.1 bhp,Black/Silver,5.0,4.0,,7.11
Hyundai i10,Ahmedabad,2014.0,47003.0,Petrol,Manual,First,20.36 kmpl,1197 CC,78.9 bhp,Black/Silver,5.0,4.0,,3.67
Audi A6,Coimbatore,2009.0,48040.0,Diesel,Automatic,Second,16.77 kmpl,2967 CC,241.38 bhp,Black/Silver,5.0,4.0,,12.07
Honda Jazz,Kochi,2017.0,24700.0,Petrol,Manual,First,18.7 kmpl,1199 CC,88.7 bhp,Black/Silver,5.0,4.0,,7.07
Volkswagen Polo,Hyderabad,2012.0,63000.0,Diesel,Manual,First,22.07 kmpl,1199 CC,73.9 bhp,Others,5.0,4.0,,4.2
Honda CR-V,Pune,2015.0,63050.0,Petrol,Automatic,First,11.1 kmpl,2354 CC,158.8 bhp,White,5.0,4.0,,17.5
Mahindra XUV500,Kolkata,2013.0,87284.0,Diesel,Manual,First,15.1 kmpl,2179 CC,140 bhp,White,7.0,5.0,,7.8
Mercedes-Benz New,Hyderabad,2012.0,86000.0,Diesel,Automatic,First,14.84 kmpl,2143 CC,170 bhp,White,5.0,4.0,,19.0
BMW 3,Kochi,2017.0,55389.0,Diesel,Automatic,First,18.88 kmpl,1995 CC,184 bhp,Others,5.0,4.0,,28.45
Honda Civic,Mumbai,2008.0,87000.0,Petrol,Manual,First,13.5 kmpl,1799 CC,130 bhp,White,5.0,4.0,,2.35
BMW X1,Hyderabad,2014.0,45000.0,Diesel,Automatic,First,17.05 kmpl,1995 CC,184 bhp,Black/Silver,5.0,4.0,,21.5
Hyundai Verna,Coimbatore,2013.0,66930.0,Petrol,Manual,First,17.1 kmpl,1591 CC,121.3 bhp,Others,5.0,4.0,,6.15
Hyundai i10,Pune,2009.0,62500.0,Petrol,Manual,First,20.36 kmpl,1197 CC,78.9 bhp,White,5.0,4.0,,2.1
Honda Jazz,Hyderabad,2015.0,67000.0,Diesel,Manual,First,27.3 kmpl,1498 CC,98.6 bhp,Others,5.0,4.0,,6.9
Honda City,Coimbatore,2012.0,66245.0,Petrol,Manual,First,17.0 kmpl,1497 CC,118 bhp,Black/Silver,5.0,4.0,,5.68
Honda City,Mumbai,2010.0,69000.0,Petrol,Automatic,Second,16.8 kmpl,1497 CC,118 bhp,White,5.0,4.0,,2.85
Skoda Superb,Kochi,2016.0,61648.0,Petrol,Automatic,First,13.7 kmpl,1798 CC,157.75 bhp,Others,5.0,4.0,,14.23
Maruti Ritz,Coimbatore,2011.0,90207.0,Diesel,Manual,First,21.1 kmpl,1248 CC,73.9 bhp,White,5.0,4.0,,3.91
Mitsubishi Pajero,Mumbai,2004.0,129000.0,Diesel,Manual,First,10.5 kmpl,2835 CC,107.2 bhp,White,6.0,5.0,,3.45
Toyota Corolla,Kolkata,2014.0,27000.0,Petrol,Manual,First,14.28 kmpl,1798 CC,138.03 bhp,White,5.0,4.0,,7.95
Hyundai Elantra,Pune,2013.0,48823.0,Diesel,Automatic,First,19.5 kmpl,1582 CC,126.24 bhp,Black/Silver,5.0,4.0,,8.5
Audi Q7,Hyderabad,2011.0,98000.0,Diesel,Automatic,First,12.07 kmpl,2967 CC,241.4 bhp,Others,7.0,5.0,,22.0
Ford Figo,Bangalore,2010.0,78400.0,Petrol,Manual,Second,15.6 kmpl,1196 CC,70 bhp,Others,5.0,4.0,,2.75
Ford Figo,Hyderabad,2016.0,72566.0,Diesel,Manual,First,25.83 kmpl,1498 CC,99 bhp,White,5.0,4.0,,5.29
Honda City,Delhi,2011.0,68000.0,Petrol,Manual,First,17.0 kmpl,1497 CC,118 bhp,Black/Silver,5.0,4.0,,3.6
Hyundai EON,Pune,2015.0,55000.0,Petrol,Manual,First,22.0 kmpl,814 CC,55 bhp,Others,5.0,4.0,,2.61
Maruti Ertiga,Pune,2016.0,63000.0,Diesel,Manual,First,24.52 kmpl,1248 CC,88.5 bhp,White,7.0,5.0,,8.15
Nissan Teana,Mumbai,2015.0,74000.0,Petrol,Automatic,Second,11.07 kmpl,2496 CC,179.5 bhp,Others,5.0,4.0,,8.25
Honda Amaze,Jaipur,2018.0,6000.0,Petrol,Manual,First,19.5 kmpl,1199 CC,86.76 bhp,White,5.0,4.0,8.18 Lakh,6.7
Maruti SX4,Pune,2008.0,85000.0,Petrol,Manual,First,16.51 kmpl,1586 CC,103.2 bhp,Black/Silver,5.0,4.0,,2.5
Volkswagen Jetta,Kolkata,2012.0,67000.0,Diesel,Manual,First,19.33 kmpl,1968 CC,138.1 bhp,White,5.0,4.0,,5.0
Maruti Swift,Jaipur,2016.0,41460.0,Diesel,Manual,First,25.2 kmpl,1248 CC,74 bhp,White,5.0,4.0,,5.9
Mercedes-Benz CLA,Coimbatore,2017.0,13689.0,Diesel,Automatic,First,17.9 kmpl,2143 CC,136 bhp,Others,5.0,4.0,,28.25
Land Rover Range,Delhi,2015.0,37000.0,Diesel,Automatic,First,12.7 kmpl,2179 CC,187.7 bhp,White,5.0,4.0,,36.0
Volkswagen Polo,Kolkata,2012.0,45000.0,Diesel,Manual,First,22.07 kmpl,1199 CC,73.9 bhp,White,5.0,4.0,,2.99
Audi Q3,Coimbatore,2016.0,58661.0,Diesel,Automatic,First,15.17 kmpl,1968 CC,181 bhp,Others,5.0,4.0,48.64 Lakh,28.03
Ford Fiesta,Bangalore,2011.0,47000.0,Diesel,Manual,Second,23.5 kmpl,1498 CC,90 bhp,Black/Silver,5.0,4.0,,6.0
Tata Indica,Hyderabad,2011.0,96000.0,Diesel,Manual,Second,17.88 kmpl,1396 CC,52.8 bhp,White,5.0,4.0,,0.91
BMW 5,Pune,2008.0,112500.0,Diesel,Automatic,First,11.5 kmpl,2993 CC,235 bhp,Black/Silver,5.0,4.0,,7.99
Ford Ecosport,Coimbatore,2019.0,23154.0,Diesel,Manual,First,23.0 kmpl,1498 CC,98.96 bhp,Black/Silver,5.0,4.0,12.12 Lakh,11.65
Maruti Ciaz,Kochi,2018.0,41283.0,Petrol,Manual,First,20.73 kmpl,1373 CC,91.1 bhp,Others,5.0,4.0,,9.9
Audi Q7,Coimbatore,2012.0,91743.0,Diesel,Automatic,First,12.07 kmpl,2967 CC,241.4 bhp,Black/Silver,7.0,5.0,,28.55
Volvo S80,Hyderabad,2008.0,79000.0,Diesel,Automatic,First,13.1 kmpl,2400 CC,215 bhp,Black/Silver,5.0,4.0,,10.99
Hyundai EON,Hyderabad,2013.0,84600.0,Petrol,Manual,Second,21.1 kmpl,814 CC,55.2 bhp,White,5.0,4.0,,2.5
Land Rover Range,Coimbatore,2017.0,49275.0,Diesel,Automatic,First,12.7 kmpl,2179 CC,187.7 bhp,Others,5.0,4.0,,45.64
Ford Figo,Chennai,2010.0,107389.0,Diesel,Manual,Second,20.0 kmpl,1399 CC,68 bhp,White,5.0,4.0,,1.9
Tata Indica,Chennai,2016.0,178000.0,Diesel,Manual,First,25.0 kmpl,1396 CC,69 bhp,Others,5.0,4.0,,2.5
Maruti Wagon,Kolkata,2015.0,14000.0,Petrol,Manual,First,18.9 kmpl,998 CC,67.1 bhp,Black/Silver,5.0,4.0,,2.8
Maruti Swift,Coimbatore,2019.0,41075.0,Diesel,Manual,First,28.4 kmpl,1248 CC,74 bhp,Black/Silver,5.0,4.0,,8.4
Land Rover Range,Coimbatore,2013.0,75995.0,Diesel,Automatic,Second,11.49 kmpl,4367 CC,335.3 bhp,White,5.0,4.0,,65.81
Hyundai i10,Kochi,2014.0,58472.0,Petrol,Manual,First,19.81 kmpl,1086 CC,68.05 bhp,Others,5.0,4.0,,3.41
Toyota Innova,Coimbatore,2017.0,65367.0,Diesel,Automatic,First,11.36 kmpl,2755 CC,171.5 bhp,Black/Silver,7.0,4.0,28.05 Lakh,20.14
Skoda Fabia,Jaipur,2009.0,87459.0,Petrol,Manual,First,14.7 kmpl,1390 CC,85 bhp,Others,5.0,4.0,,2.75
Volkswagen Vento,Kochi,2016.0,50867.0,Diesel,Manual,First,20.34 kmpl,1498 CC,103.2 bhp,Black/Silver,5.0,4.0,,7.95
Volkswagen Polo,Hyderabad,2013.0,74000.0,Diesel,Manual,First,22.07 kmpl,1199 CC,73.9 bhp,Others,5.0,4.0,,4.85
Maruti Wagon,Delhi,2011.0,68000.0,Petrol,Manual,First,18.9 kmpl,998 CC,67.1 bhp,White,5.0,4.0,,2.5
Honda City,Pune,2014.0,58407.0,Petrol,Manual,First,17.4 kmpl,1497 CC,117.3 bhp,Others,5.0,4.0,,6.16
Audi A4,Ahmedabad,2011.0,59000.0,Diesel,Automatic,First,16.55 kmpl,1968 CC,140 bhp,Others,5.0,4.0,,12.5
Maruti Swift,Coimbatore,2017.0,46849.0,Petrol,Automatic,First,18.5 kmpl,1197 CC,83.14 bhp,White,5.0,4.0,,6.93
Mercedes-Benz E-Class,Coimbatore,2018.0,41467.0,Diesel,Automatic,First,15.0 kmpl,2143 CC,204 bhp,Others,5.0,4.0,,37.98
Maruti Ciaz,Hyderabad,2017.0,15234.0,Petrol,Automatic,First,19.12 kmpl,1373 CC,91.1 bhp,White,5.0,4.0,,9.95
Mahindra Scorpio,Bangalore,2015.0,35000.0,Diesel,Manual,Second,15.4 kmpl,2179 CC,120 bhp,Others,7.0,5.0,,8.5
Honda Brio,Mumbai,2017.0,20000.0,Petrol,Automatic,First,16.5 kmpl,1198 CC,86.8 bhp,White,5.0,4.0,8.05 Lakh,5.99
Honda Amaze,Pune,2015.0,79000.0,Petrol,Manual,First,18.0 kmpl,1198 CC,86.7 bhp,Black/Silver,5.0,4.0,,4.0
Honda Jazz,Coimbatore,2017.0,49575.0,Petrol,Manual,First,18.7 kmpl,1199 CC,88.7 bhp,White,5.0,4.0,,7.17
Land Rover Discovery,Mumbai,2017.0,35000.0,Diesel,Automatic,First,18.0 kmpl,2993 CC,255 bhp,White,7.0,5.0,1.27 Cr,41.6
Ford Ikon,Jaipur,2010.0,82000.0,Diesel,Manual,Second,13.8 kmpl,1399 CC,68 bhp,White,5.0,4.0,,1.0
Ford Figo,Mumbai,2010.0,69009.0,Petrol,Manual,Second,15.6 kmpl,1196 CC,70 bhp,Others,5.0,4.0,,2.4
Audi A6,Kolkata,2010.0,35010.0,Diesel,Automatic,First,12.4 kmpl,2698 CC,179.5 bhp,Black/Silver,5.0,4.0,,11.5
Toyota Innova,Delhi,2012.0,62000.0,Diesel,Manual,First,12.99 kmpl,2494 CC,100 bhp,White,7.0,4.0,,7.75
Toyota Corolla,Chennai,2009.0,32000.0,Petrol,Manual,Second,14.28 kmpl,1798 CC,138.03 bhp,Others,5.0,4.0,22.66 Lakh,4.95
Maruti Swift,Kochi,2015.0,35082.0,Diesel,Manual,First,23.4 kmpl,1248 CC,74 bhp,Black/Silver,5.0,4.0,,6.61
Maruti Wagon,Delhi,2009.0,60000.0,Petrol,Manual,First,18.9 kmpl,1061 CC,67 bhp,Others,5.0,4.0,,1.35
Hyundai Santa,Coimbatore,2013.0,65278.0,Diesel,Manual,First,14.66 kmpl,2199 CC,194.3 bhp,Others,7.0,5.0,,8.36
Maruti SX4,Jaipur,2016.0,70000.0,Diesel,Manual,First,23.65 kmpl,1248 CC,88.5 bhp,White,5.0,4.0,,8.85
Maruti Alto,Bangalore,2014.0,73000.0,Petrol,Manual,Second,24.7 kmpl,796 CC,47.3 bhp,Others,5.0,4.0,,2.75
Mahindra Bolero,Hyderabad,2017.0,40279.0,Diesel,Manual,First,16.5 kmpl,1493 CC,70 bhp,Others,7.0,5.0,,8.0
Hyundai i10,Ahmedabad,2014.0,51000.0,Petrol,Manual,First,20.36 kmpl,1197 CC,78.9 bhp,White,5.0,4.0,,3.75
Maruti Baleno,Kochi,2018.0,42243.0,Diesel,Manual,First,27.39 kmpl,1248 CC,74 bhp,White,5.0,4.0,,7.48
Volkswagen Vento,Kolkata,2015.0,39000.0,Petrol,Manual,First,15.04 kmpl,1598 CC,103.2 bhp,White,5.0,4.0,,3.99
Maruti Ritz,Kolkata,2011.0,150000.0,Petrol,Manual,First,18.5 kmpl,1197 CC,85.80 bhp,Others,5.0,4.0,,2.5
Maruti Swift,Kolkata,2016.0,100000.0,Diesel,Manual,First,23.4 kmpl,1248 CC,74 bhp,Others,5.0,4.0,,3.5
Maruti Dzire,Pune,2012.0,150000.0,Diesel,Manual,Third,28.4 kmpl,1248 CC,73.75 bhp,White,5.0,4.0,7.91 Lakh,2.25
Renault KWID,Kolkata,2017.0,25000.0,Petrol,Manual,First,25.17 kmpl,799 CC,53.3 bhp,Others,5.0,4.0,,2.99
Maruti Wagon,Hyderabad,2015.0,45295.0,Petrol,Manual,First,18.9 kmpl,998 CC,67.1 bhp,Black/Silver,5.0,4.0,,4.3
Volkswagen Vento,Jaipur,2016.0,33000.0,Petrol,Manual,First,16.09 kmpl,1598 CC,103.5 bhp,White,5.0,4.0,11.63 Lakh,7.7
Maruti Swift,Hyderabad,2016.0,52000.0,Diesel,Manual,First,28.4 kmpl,1248 CC,74 bhp,Others,5.0,4.0,7.27 Lakh,5.95
Maruti Celerio,Delhi,2014.0,21701.0,Petrol,Manual,First,23.1 kmpl,998 CC,67.04 bhp,Black/Silver,5.0,4.0,,3.38
Hyundai i20,Coimbatore,2012.0,38214.0,Petrol,Manual,Second,18.5 kmpl,1197 CC,80 bhp,White,5.0,4.0,,4.05
Maruti Ertiga,Hyderabad,2015.0,59245.0,Diesel,Manual,First,20.77 kmpl,1248 CC,88.8 bhp,Others,7.0,5.0,,8.5
Chevrolet Optra,Jaipur,2007.0,118500.0,Petrol,Manual,First,12.9 kmpl,1598 CC,102.5 bhp,White,5.0,4.0,,1.25
Honda City,Coimbatore,2018.0,20300.0,Petrol,Automatic,First,18.0 kmpl,1497 CC,117.3 bhp,White,5.0,4.0,17.38 Lakh,14.21
Mercedes-Benz GLC,Bangalore,2016.0,44414.0,Diesel,Automatic,First,17.9 kmpl,2143 CC,170 bhp,White,5.0,4.0,,42.5
Chevrolet Beat,Chennai,2012.0,81000.0,Diesel,Manual,First,25.44 kmpl,936 CC,56.3 bhp,White,5.0,4.0,,2.5
Honda City,Kolkata,2014.0,37298.0,Diesel,Manual,First,25.1 kmpl,1498 CC,98.6 bhp,Black/Silver,5.0,4.0,,4.9
Toyota Corolla,Delhi,2015.0,12000.0,Petrol,Manual,First,14.53 kmpl,1798 CC,138 bhp,Others,5.0,4.0,,11.0
Hyundai i20,Jaipur,2016.0,30292.0,Petrol,Manual,First,18.6 kmpl,1197 CC,81.83 bhp,Black/Silver,5.0,4.0,,6.3
Audi A4,Delhi,2012.0,60000.0,Diesel,Automatic,Second,15.2 kmpl,1968 CC,140.8 bhp,Others,5.0,4.0,,10.35
Hyundai i20,Ahmedabad,2011.0,72000.0,Petrol,Manual,Second,17.0 kmpl,1197 CC,80 bhp,White,5.0,4.0,,3.25
Ford Figo,Hyderabad,2012.0,73500.0,Diesel,Manual,Second,20.0 kmpl,1399 CC,68 bhp,White,5.0,4.0,,2.6
BMW 3,Kochi,2012.0,55598.0,Diesel,Automatic,First,22.69 kmpl,1995 CC,190 bhp,Black/Silver,5.0,4.0,47.87 Lakh,11.5
Maruti Swift,Delhi,2015.0,24296.0,Petrol,Manual,First,20.85 kmpl,1197 CC,83.14 bhp,White,5.0,4.0,,4.65
Toyota Fortuner,Hyderabad,2010.0,100000.0,Diesel,Manual,First,11.5 kmpl,2982 CC,171 bhp,White,7.0,5.0,,13.0
Maruti Wagon,Delhi,2013.0,62000.0,CNG,Manual,First,26.6 km/kg,998 CC,58.16 bhp,White,5.0,4.0,,2.8
Chevrolet Beat,Coimbatore,2013.0,75421.0,Diesel,Manual,First,25.44 kmpl,936 CC,56.3 bhp,Others,5.0,4.0,,3.63
Honda City,Coimbatore,2012.0,60908.0,Petrol,Automatic,Second,15.6 kmpl,1497 CC,116.3 bhp,Others,5.0,4.0,,6.42
Maruti Swift,Hyderabad,2016.0,69000.0,Diesel,Manual,First,19.3 kmpl,1248 CC,73.9 bhp,Black/Silver,5.0,4.0,,4.79
Maruti Zen,Ahmedabad,2007.0,75180.0,Petrol,Manual,First,18.2 kmpl,1061 CC,64 bhp,Black/Silver,5.0,4.0,,1.65
BMW X3,Kochi,2017.0,36935.0,Diesel,Automatic,First,18.56 kmpl,1995 CC,190 bhp,White,5.0,4.0,,32.64
BMW 3,Hyderabad,2012.0,57156.0,Diesel,Automatic,Second,18.88 kmpl,1995 CC,184 bhp,Others,5.0,4.0,,18.0
Maruti Swift,Kochi,2016.0,45725.0,Diesel,Manual,First,25.2 kmpl,1248 CC,74 bhp,White,5.0,4.0,,5.34
Skoda Fabia,Mumbai,2009.0,86000.0,Diesel,Manual,First,19.4 kmpl,1422 CC,70 bhp,White,5.0,4.0,,2.75
Hyundai Grand,Jaipur,2015.0,14000.0,Petrol,Manual,First,18.9 kmpl,1197 CC,82 bhp,Black/Silver,5.0,4.0,,4.6
BMW 3,Mumbai,2013.0,25000.0,Diesel,Automatic,First,22.69 kmpl,1995 CC,190 bhp,Black/Silver,5.0,4.0,47.87 Lakh,17.99
Nissan Micra,Pune,2011.0,72000.0,Diesel,Manual,First,23.08 kmpl,1461 CC,63.1 bhp,Black/Silver,5.0,4.0,,2.3
Toyota Etios,Pune,2011.0,37000.0,Petrol,Manual,First,17.6 kmpl,1496 CC,88.73 bhp,Black/Silver,5.0,4.0,,2.8
Maruti Wagon,Coimbatore,2008.0,53934.0,Petrol,Manual,Second,18.9 kmpl,998 CC,67.1 bhp,Black/Silver,5.0,4.0,,2.69
Mahindra Scorpio,Mumbai,2010.0,76477.0,Diesel,Manual,First,10.5 kmpl,2179 CC,120 bhp,White,8.0,5.0,,4.25
Maruti Ertiga,Kolkata,2014.0,47052.0,Diesel,Manual,First,20.77 kmpl,1248 CC,88.76 bhp,White,7.0,5.0,,5.99
Hyundai i10,Bangalore,2010.0,69000.0,Petrol,Manual,First,20.36 kmpl,1197 CC,78.9 bhp,Others,5.0,4.0,,2.9
Audi A4,Pune,2013.0,87000.0,Diesel,Automatic,First,17.11 kmpl,1968 CC,174.33 bhp,White,5.0,4.0,,15.5
Volkswagen Jetta,Chennai,2009.0,100970.0,Diesel,Automatic,First,15.5 kmpl,1896 CC,105 bhp,Others,5.0,4.0,,4.0
Hyundai i20,Coimbatore,2016.0,44238.0,Petrol,Manual,First,18.6 kmpl,1197 CC,81.83 bhp,Others,5.0,4.0,,6.72
Skoda Rapid,Kolkata,2015.0,45000.0,Diesel,Automatic,First,21.66 kmpl,1498 CC,103.52 bhp,White,5.0,4.0,,4.25
Maruti Swift,Kolkata,2014.0,47000.0,Diesel,Manual,First,22.9 kmpl,1248 CC,74 bhp,Black/Silver,5.0,4.0,,3.9
Hyundai Grand,Mumbai,2015.0,20000.0,Petrol,Manual,First,18.9 kmpl,1197 CC,82 bhp,White,5.0,4.0,,3.85
Toyota Corolla,Kochi,2013.0,55101.0,Petrol,Automatic,First,14.53 kmpl,1794 CC,138.1 bhp,Black/Silver,5.0,4.0,,8.4
Honda Brio,Chennai,2012.0,31500.0,Petrol,Automatic,First,16.5 kmpl,1198 CC,86.8 bhp,White,5.0,4.0,,4.15
Honda City,Kolkata,2014.0,40000.0,Petrol,Manual,First,16.8 kmpl,1497 CC,116.3 bhp,White,5.0,4.0,,6.49
Mercedes-Benz CLA,Kochi,2019.0,29836.0,Diesel,Automatic,First,17.9 kmpl,2143 CC,136 bhp,White,5.0,4.0,43.07 Lakh,25.75
Honda City,Mumbai,2017.0,17000.0,Petrol,Automatic,First,18.0 kmpl,1497 CC,117.3 bhp,White,5.0,4.0,15.29 Lakh,11.6
Honda Civic,Delhi,2011.0,62000.0,Petrol,Automatic,First,12.9 kmpl,1799 CC,130 bhp,Black/Silver,5.0,4.0,,3.75
Hyundai Elantra,Bangalore,2014.0,46374.0,Petrol,Automatic,First,14.62 kmpl,1999 CC,149.92 bhp,White,5.0,4.0,23.64 Lakh,8.85
Hyundai Creta,Kochi,2019.0,8587.0,Petrol,Manual,First,15.29 kmpl,1591 CC,121.3 bhp,White,5.0,4.0,,13.56
Ford Endeavour,Kochi,2011.0,68022.0,Diesel,Manual,First,13.1 kmpl,2499 CC,141 bhp,Others,7.0,5.0,,5.86
Maruti Wagon,Kolkata,2016.0,4800.0,Petrol,Manual,First,20.51 kmpl,998 CC,67.04 bhp,Others,5.0,4.0,,3.6
BMW 3,Hyderabad,2010.0,105000.0,Diesel,Automatic,Second,13.2 kmpl,1995 CC,170 bhp,Others,5.0,4.0,,11.0
BMW 7,Bangalore,2017.0,17465.0,Petrol,Automatic,First,12.05 kmpl,2979 CC,320 bhp,White,5.0,4.0,,93.0
Honda City,Mumbai,2006.0,44000.0,Petrol,Manual,First,17.7 kmpl,1497 CC,78 bhp,White,5.0,4.0,,1.55
Mercedes-Benz E-Class,Mumbai,2011.0,47000.0,Diesel,Automatic,Second,14.21 kmpl,2143 CC,203 bhp,Others,5.0,4.0,,13.9
BMW X5,Chennai,2009.0,110000.0,Diesel,Automatic,First,11.0 kmpl,2993 CC,235 bhp,White,5.0,4.0,,18.0
Skoda Octavia,Hyderabad,2015.0,79000.0,Diesel,Automatic,First,19.3 kmpl,1968 CC,141 bhp,Black/Silver,5.0,4.0,,17.0
Mercedes-Benz E-Class,Coimbatore,2015.0,73187.0,Diesel,Automatic,First,13.0 kmpl,2143 CC,204 bhp,Black/Silver,5.0,4.0,,30.72
Maruti Alto,Pune,2012.0,69000.0,Petrol,Manual,First,20.92 kmpl,998 CC,67.1 bhp,Black/Silver,5.0,4.0,,2.1
Maruti Baleno,Kolkata,2016.0,20000.0,Petrol,Automatic,First,21.4 kmpl,1197 CC,83.1 bhp,Others,5.0,4.0,9.04 Lakh,5.74
Hyundai i20,Hyderabad,2010.0,85155.0,Petrol,Manual,First,17.0 kmpl,1197 CC,80 bhp,Others,5.0,4.0,,3.55
Honda Amaze,Kochi,2016.0,51806.0,Diesel,Manual,First,25.8 kmpl,1498 CC,98.6 bhp,Others,5.0,4.0,,5.4
Hyundai Grand,Kochi,2018.0,5354.0,Petrol,Automatic,First,18.9 kmpl,1197 CC,81.86 bhp,Others,5.0,4.0,7.37 Lakh,6.76
Skoda Superb,Pune,2014.0,136000.0,Petrol,Manual,First,13.1 kmpl,1798 CC,157.75 bhp,White,5.0,4.0,,9.5
Hyundai i20,Delhi,2014.0,67407.0,Diesel,Manual,First,21.27 kmpl,1396 CC,88.76 bhp,Others,5.0,4.0,,4.65
Mercedes-Benz GLC,Mumbai,2018.0,10003.0,Diesel,Automatic,First,17.9 kmpl,2143 CC,170 bhp,White,5.0,4.0,59.77 Lakh,48.5
Mercedes-Benz E-Class,Bangalore,2011.0,34000.0,Petrol,Automatic,Second,10.5 kmpl,1796 CC,157.7 bhp,Others,5.0,4.0,,19.0
Hyundai i10,Mumbai,2015.0,75915.0,Petrol,Manual,First,20.36 kmpl,1197 CC,78.9 bhp,Black/Silver,5.0,4.0,,3.9
Tata Zest,Kochi,2017.0,48198.0,Petrol,Manual,First,17.57 kmpl,1193 CC,88.7 bhp,Black/Silver,5.0,4.0,7.63 Lakh,4.65
Maruti Baleno,Chennai,2016.0,35129.0,Petrol,Automatic,First,21.4 kmpl,1197 CC,83.1 bhp,White,5.0,4.0,,7.0
Honda Civic,Hyderabad,2008.0,69972.0,Petrol,Manual,First,13.5 kmpl,1799 CC,130 bhp,Black/Silver,5.0,4.0,,3.8
Audi A6,Mumbai,2013.0,56500.0,Diesel,Automatic,First,17.68 kmpl,1968 CC,174.33 bhp,White,5.0,4.0,,19.8
Skoda Rapid,Coimbatore,2019.0,21214.0,Petrol,Manual,First,15.41 kmpl,1598 CC,103.52 bhp,Others,5.0,4.0,12.44 Lakh,9.66
Toyota Fortuner,Jaipur,2016.0,73053.0,Diesel,Manual,First,13.0 kmpl,2982 CC,168.5 bhp,White,7.0,5.0,,20.0
Ford Ecosport,Mumbai,2017.0,27000.0,Petrol,Manual,First,15.8 kmpl,1499 CC,110 bhp,White,5.0,4.0,,8.3
Hyundai i20,Pune,2010.0,50000.0,Petrol,Manual,Second,17.0 kmpl,1197 CC,80 bhp,Black/Silver,5.0,4.0,,3.0
BMW X3,Coimbatore,2017.0,51982.0,Diesel,Automatic,First,16.55 kmpl,2993 CC,258 bhp,Others,5.0,4.0,,45.77
Renault Scala,Pune,2016.0,52126.0,Diesel,Manual,First,21.64 kmpl,1461 CC,84.8 bhp,Others,5.0,4.0,,6.0
Hyundai Verna,Bangalore,2014.0,95000.0,Diesel,Manual,Second,22.32 kmpl,1582 CC,126.32 bhp,Others,5.0,4.0,,6.9
Hyundai Santa,Delhi,2014.0,110000.0,Diesel,Automatic,First,13.01 kmpl,2199 CC,194.3 bhp,Others,7.0,5.0,,12.9
Mahindra XUV500,Kolkata,2014.0,55000.0,Diesel,Manual,First,16.0 kmpl,2179 CC,140 bhp,Black/Silver,7.0,5.0,,8.5
Honda Amaze,Kolkata,2014.0,84677.0,Diesel,Manual,First,25.8 kmpl,1498 CC,98.6 bhp,Black/Silver,5.0,4.0,,3.0
Land Rover Discovery,Delhi,2016.0,70000.0,Diesel,Automatic,First,12.97 kmpl,2179 CC,187.7 bhp,White,5.0,4.0,,35.0
Maruti Swift,Hyderabad,2013.0,68800.0,Diesel,Manual,First,17.8 kmpl,1248 CC,null bhp,White,5.0,4.0,,5.0
Mercedes-Benz B,Kochi,2014.0,37245.0,Petrol,Automatic,First,14.8 kmpl,1595 CC,120.7 bhp,White,5.0,4.0,,11.96
Ford EcoSport,Kochi,2017.0,78526.0,Diesel,Manual,First,23.0 kmpl,1498 CC,98.96 bhp,Black/Silver,5.0,4.0,12.67 Lakh,8.09
Mahindra XUV500,Kochi,2014.0,63288.0,Diesel,Manual,First,15.1 kmpl,2179 CC,140 bhp,White,7.0,5.0,,7.77
Maruti Swift,Bangalore,2013.0,38623.0,Petrol,Manual,First,19.1 kmpl,1197 CC,85.8 bhp,White,5.0,4.0,,5.0
Hyundai Creta,Bangalore,2016.0,40000.0,Petrol,Manual,First,15.29 kmpl,1591 CC,121.3 bhp,Others,5.0,4.0,,11.5
Honda City,Mumbai,2013.0,60669.0,Petrol,Manual,First,16.8 kmpl,1497 CC,116.3 bhp,Others,5.0,4.0,,4.95
Volkswagen Vento,Pune,2011.0,66000.0,Petrol,Manual,Second,15.04 kmpl,1598 CC,103.6 bhp,Black/Silver,5.0,4.0,,4.25
Mahindra TUV,Coimbatore,2017.0,49404.0,Diesel,Manual,First,18.49 kmpl,1493 CC,100 bhp,Others,7.0,5.0,,7.36
Hyundai i10,Hyderabad,2013.0,89000.0,Petrol,Automatic,First,19.2 kmpl,1197 CC,80 bhp,White,5.0,4.0,,4.19
Toyota Innova,Hyderabad,2010.0,109000.0,Diesel,Manual,Second,12.99 kmpl,2494 CC,100.6 bhp,Others,7.0,4.0,,8.26
Hyundai Verna,Kochi,2012.0,54308.0,Petrol,Manual,First,17.1 kmpl,1591 CC,121.3 bhp,White,5.0,4.0,,4.28
Volkswagen Vento,Kochi,2015.0,57026.0,Petrol,Manual,First,15.04 kmpl,1598 CC,103.6 bhp,White,5.0,4.0,,5.54
Hyundai Verna,Bangalore,2011.0,60000.0,Petrol,Manual,First,16.2 kmpl,1599 CC,103.2 bhp,Black/Silver,5.0,4.0,,3.95
Hyundai Creta,Coimbatore,2016.0,47392.0,Diesel,Manual,First,20.5 kmpl,1582 CC,126.2 bhp,Black/Silver,5.0,4.0,19.18 Lakh,13.82
Toyota Fortuner,Ahmedabad,2017.0,15000.0,Diesel,Automatic,First,12.9 kmpl,2755 CC,174.5 bhp,Others,7.0,5.0,34.45 Lakh,30.0
Toyota Fortuner,Delhi,2015.0,92000.0,Diesel,Automatic,First,12.55 kmpl,2982 CC,168.5 bhp,White,7.0,5.0,,19.75
Maruti Grand,Chennai,2008.0,77000.0,Petrol,Automatic,Fourth & Above,9.7 kmpl,1995 CC,163.5 bhp,Black/Silver,5.0,4.0,,5.5
Maruti SX4,Chennai,2011.0,80000.0,Diesel,Manual,Third,21.5 kmpl,1248 CC,88.8 bhp,Black/Silver,5.0,4.0,,3.5
Maruti Wagon,Mumbai,2010.0,12000.0,Petrol,Manual,First,22.5 kmpl,998 CC,67.04 bhp,Others,5.0,4.0,5.04 Lakh,2.45
Audi Q7,Mumbai,2015.0,65938.0,Diesel,Automatic,Second,12.07 kmpl,2967 CC,241.4 bhp,White,7.0,5.0,,38.0
Hyundai i20,Bangalore,2013.0,445000.0,Petrol,Manual,First,18.5 kmpl,1197 CC,82.9 bhp,White,5.0,4.0,,4.45
Hyundai Grand,Coimbatore,2015.0,69053.0,Petrol,Automatic,First,18.9 kmpl,1197 CC,82 bhp,White,5.0,4.0,,5.72
Honda Amaze,Kochi,2016.0,40866.0,Petrol,Manual,First,19.5 kmpl,1199 CC,86.76 bhp,White,5.0,4.0,8.16 Lakh,5.47
Ford Endeavour,Chennai,2016.0,43000.0,Diesel,Automatic,First,10.91 kmpl,3198 CC,197.2 bhp,Others,7.0,5.0,,26.5
Hyundai i20,Kochi,2019.0,12800.0,Petrol,Manual,First,18.6 kmpl,1197 CC,81.83 bhp,Others,5.0,4.0,,7.67
Tata Hexa,Coimbatore,2019.0,14233.0,Diesel,Automatic,First,17.6 kmpl,2179 CC,153.86 bhp,White,7.0,5.0,22.74 Lakh,17.85
Skoda Octavia,Mumbai,2015.0,23000.0,Diesel,Automatic,First,19.3 kmpl,1968 CC,141 bhp,Black/Silver,5.0,4.0,,15.75
Toyota Fortuner,Delhi,2013.0,71000.0,Diesel,Manual,First,13.0 kmpl,2982 CC,168.5 bhp,White,7.0,5.0,,15.25
Maruti Wagon,Jaipur,2015.0,64876.0,Petrol,Manual,First,21.5 kmpl,1197 CC,81.80 bhp,Black/Silver,5.0,4.0,5.71 Lakh,3.5
Renault KWID,Mumbai,2016.0,8554.0,Petrol,Manual,First,25.17 kmpl,799 CC,53.3 bhp,Black/Silver,5.0,4.0,,3.2
Maruti Ciaz,Kochi,2016.0,51950.0,Petrol,Manual,First,20.73 kmpl,1373 CC,91.1 bhp,Others,5.0,4.0,,6.75
Hyundai Elite,Kochi,2017.0,13460.0,Petrol,Manual,First,18.6 kmpl,1197 CC,81.86 bhp,White,5.0,4.0,,8.91
Honda City,Delhi,2010.0,80302.0,Petrol,Manual,First,17.0 kmpl,1497 CC,118 bhp,Black/Silver,5.0,4.0,,3.5
Hyundai Accent,Bangalore,2008.0,80000.0,Petrol,Manual,Second,13.2 kmpl,1495 CC,94 bhp,Black/Silver,5.0,4.0,,1.9
Chevrolet Beat,Bangalore,2015.0,66000.0,Diesel,Manual,First,25.44 kmpl,936 CC,56.3 bhp,White,5.0,4.0,,2.35
Hyundai i10,Ahmedabad,2008.0,60000.0,Petrol,Manual,First,19.81 kmpl,1086 CC,68.05 bhp,Others,5.0,4.0,,1.99
Maruti Ciaz,Kochi,2016.0,40810.0,Diesel,Manual,First,28.09 kmpl,1248 CC,88.5 bhp,Others,5.0,4.0,,7.9
Maruti Ciaz,Mumbai,2015.0,30000.0,Petrol,Manual,First,20.73 kmpl,1373 CC,91.1 bhp,White,5.0,4.0,,6.55
Volkswagen Polo,Coimbatore,2013.0,56526.0,Petrol,Manual,First,15.26 kmpl,1598 CC,103.5 bhp,Black/Silver,5.0,4.0,,5.84
Mercedes-Benz E-Class,Kolkata,2009.0,43600.0,Petrol,Automatic,First,10.93 kmpl,3498 CC,272 bhp,White,5.0,4.0,,10.24
Maruti Alto,Hyderabad,2013.0,90121.0,Petrol,Manual,First,20.92 kmpl,998 CC,67.1 bhp,Others,5.0,4.0,,2.2
Mahindra TUV,Kochi,2017.0,57259.0,Diesel,Manual,First,18.49 kmpl,1493 CC,100 bhp,Black/Silver,7.0,5.0,,8.87
Mercedes-Benz GLE,Hyderabad,2017.0,29000.0,Diesel,Automatic,First,17.9 kmpl,2143 CC,201.15 bhp,Others,5.0,4.0,79.43 Lakh,57.0
Hyundai i20,Pune,2016.0,21000.0,Petrol,Manual,First,18.6 kmpl,1197 CC,81.83 bhp,White,5.0,4.0,,6.3
Ford Figo,Coimbatore,2013.0,44731.0,Diesel,Manual,Second,20.0 kmpl,1399 CC,68 bhp,Black/Silver,5.0,4.0,,4.34
Fiat Linea,Mumbai,2011.0,48000.0,Petrol,Manual,First,16.0 kmpl,1368 CC,90 bhp,Others,5.0,4.0,,3.0
Mercedes-Benz New,Jaipur,2009.0,116000.0,Diesel,Manual,Second,15.8 kmpl,2148 CC,170 bhp,White,5.0,4.0,,8.5
Tata Hexa,Pune,2017.0,39800.0,Diesel,Manual,First,17.6 kmpl,2179 CC,153.86 bhp,Others,7.0,5.0,20.87 Lakh,14.25
Hyundai Verna,Chennai,2013.0,85350.0,Diesel,Manual,Second,22.32 kmpl,1582 CC,126.32 bhp,Others,5.0,4.0,,5.7
Hyundai i10,Ahmedabad,2012.0,37229.0,Petrol,Automatic,First,16.95 kmpl,1197 CC,78.9 bhp,White,5.0,4.0,,3.41
Mahindra Scorpio,Bangalore,2005.0,60000.0,Diesel,Manual,First,10.5 kmpl,2179 CC,120 bhp,White,8.0,5.0,,4.0
Hyundai Grand,Hyderabad,2016.0,75700.0,Diesel,Manual,First,24.0 kmpl,1120 CC,70 bhp,Others,5.0,4.0,,5.7
Hyundai Elantra,Ahmedabad,2014.0,49000.0,Diesel,Automatic,First,18.23 kmpl,1582 CC,126.2 bhp,Others,5.0,4.0,22.43 Lakh,8.9
Maruti Omni,Jaipur,2011.0,35000.0,Petrol,Manual,Third,19.7 kmpl,796 CC,35 bhp,White,5.0,4.0,,1.85
Honda City,Bangalore,2011.0,60000.0,Petrol,Manual,First,17.0 kmpl,1497 CC,118 bhp,White,5.0,4.0,,4.95
Audi Q5,Coimbatore,2018.0,29091.0,Diesel,Automatic,First,13.22 kmpl,2967 CC,241.4 bhp,Black/Silver,5.0,4.0,,45.52
Audi A4,Bangalore,2014.0,29063.0,Diesel,Automatic,First,17.11 kmpl,1968 CC,174.33 bhp,Others,5.0,4.0,,25.75
Volkswagen Vento,Chennai,2014.0,70010.0,Diesel,Manual,First,20.54 kmpl,1598 CC,103.6 bhp,Others,5.0,4.0,,5.25
Maruti Alto,Jaipur,2019.0,3000.0,Petrol,Manual,First,24.7 kmpl,796 CC,47.3 bhp,White,5.0,4.0,,3.5
Toyota Corolla,Chennai,2008.0,86000.0,Petrol,Manual,Second,14.53 kmpl,1798 CC,138.1 bhp,Others,5.0,4.0,,3.5
Maruti Swift,Delhi,2014.0,52000.0,Diesel,Manual,First,23.4 kmpl,1248 CC,74 bhp,Others,5.0,4.0,,5.25
Audi A4,Kochi,2014.0,55730.0,Diesel,Automatic,First,16.55 kmpl,1968 CC,147.51 bhp,Others,5.0,4.0,,15.21
Hyundai Grand,Kochi,2016.0,26038.0,Petrol,Manual,First,18.9 kmpl,1197 CC,82 bhp,White,5.0,4.0,,5.43
Volkswagen Passat,Kolkata,2011.0,42500.0,Diesel,Automatic,First,18.33 kmpl,1968 CC,167.7 bhp,Black/Silver,5.0,4.0,,5.25
Maruti Ritz,Kolkata,2011.0,35888.0,Diesel,Manual,First,21.1 kmpl,1248 CC,73.9 bhp,White,5.0,4.0,,1.89
Hyundai i10,Kochi,2013.0,46821.0,Petrol,Manual,First,20.36 kmpl,1197 CC,78.9 bhp,Black/Silver,5.0,4.0,,3.42
Porsche Panamera,Delhi,2013.0,48000.0,Diesel,Automatic,Second,17.85 kmpl,2967 CC,300 bhp,Black/Silver,4.0,4.0,,50.5
Maruti Alto,Hyderabad,2012.0,67147.0,Petrol,Manual,First,19.7 kmpl,796 CC,46.3 bhp,Others,5.0,4.0,,2.6
Ford Endeavour,Delhi,2017.0,38000.0,Diesel,Automatic,First,10.91 kmpl,3198 CC,197 bhp,White,7.0,5.0,,30.48
Maruti Vitara,Kochi,2019.0,34688.0,Diesel,Manual,First,24.3 kmpl,1248 CC,88.5 bhp,Black/Silver,5.0,4.0,11.2 Lakh,10.49
Hyundai EON,Chennai,2014.0,37000.0,Petrol,Manual,First,21.1 kmpl,814 CC,55.2 bhp,Others,5.0,4.0,,3.25
Hyundai i10,Kochi,2013.0,56075.0,Petrol,Manual,First,19.81 kmpl,1086 CC,68.05 bhp,White,5.0,4.0,,3.12
Hyundai i20,Kolkata,2009.0,43000.0,Petrol,Manual,First,17.0 kmpl,1197 CC,80 bhp,White,5.0,4.0,,1.99
Honda BRV,Mumbai,2017.0,17000.0,Petrol,Automatic,First,16.0 kmpl,1497 CC,117.3 bhp,Black/Silver,7.0,5.0,15.02 Lakh,9.5
Hyundai i10,Delhi,2015.0,34951.0,Petrol,Manual,Second,20.36 kmpl,1197 CC,78.9 bhp,White,5.0,4.0,,3.15
Maruti Swift,Delhi,2015.0,51000.0,Diesel,Manual,First,22.9 kmpl,1248 CC,74 bhp,Black/Silver,5.0,4.0,,4.74
Mini Cooper,Mumbai,2016.0,11000.0,Diesel,Automatic,First,20.7 kmpl,1496 CC,113.98 bhp,Others,5.0,4.0,42.12 Lakh,29.5
Maruti Alto,Kolkata,2008.0,42000.0,Petrol,Manual,First,19.7 kmpl,796 CC,46.3 bhp,Others,5.0,4.0,,1.09
Maruti Ciaz,Jaipur,2015.0,40500.0,Diesel,Manual,First,28.09 kmpl,1248 CC,88.5 bhp,White,5.0,4.0,,7.1
Tata Indica,Jaipur,2009.0,117000.0,Diesel,Manual,First,18.0 kmpl,1248 CC,75 bhp,Black/Silver,5.0,4.0,,1.1
Volkswagen Vento,Pune,2013.0,65000.0,Petrol,Manual,Second,15.04 kmpl,1598 CC,103.6 bhp,Black/Silver,5.0,4.0,,4.5
Maruti Baleno,Coimbatore,2019.0,17705.0,Petrol,Manual,First,21.4 kmpl,1197 CC,83.1 bhp,Others,5.0,4.0,,8.7
Hyundai i20,Delhi,2017.0,25500.0,Diesel,Manual,First,22.54 kmpl,1396 CC,88.73 bhp,Black/Silver,5.0,4.0,,7.0
Tata Indigo,Kolkata,2016.0,78000.0,Diesel,Manual,First,25.0 kmpl,1396 CC,69.01 bhp,Others,5.0,4.0,,2.3
Tata Zest,Kochi,2016.0,54199.0,Diesel,Manual,First,23.0 kmpl,1248 CC,88.8 bhp,Others,5.0,4.0,,5.0
Ford EcoSport,Delhi,2017.0,39000.0,Diesel,Manual,First,23.0 kmpl,1498 CC,98.96 bhp,Others,5.0,4.0,11.47 Lakh,8.45
Honda City,Kolkata,2009.0,31423.0,Petrol,Manual,First,17.0 kmpl,1497 CC,118 bhp,Others,5.0,4.0,,1.99
Maruti Alto,Kolkata,2016.0,31000.0,Petrol,Manual,First,24.7 kmpl,796 CC,47.3 bhp,Black/Silver,5.0,4.0,,2.15
Maruti Swift,Chennai,2012.0,63000.0,Diesel,Manual,First,22.9 kmpl,1248 CC,74 bhp,White,5.0,4.0,,4.5
Hyundai Grand,Ahmedabad,2017.0,17125.0,Petrol,Manual,First,18.9 kmpl,1197 CC,82 bhp,White,5.0,4.0,,5.4
Hyundai Santa,Coimbatore,2016.0,28881.0,Diesel,Automatic,First,13.01 kmpl,2199 CC,194.3 bhp,White,7.0,5.0,,21.37
BMW 5,Mumbai,2012.0,61240.0,Diesel,Automatic,First,22.48 kmpl,1995 CC,190 bhp,Others,5.0,4.0,70.43 Lakh,17.5
Renault Duster,Jaipur,2015.0,55000.0,Diesel,Manual,First,19.87 kmpl,1461 CC,83.8 bhp,Black/Silver,5.0,4.0,,6.5
Maruti Ertiga,Delhi,2014.0,17585.0,Petrol,Manual,First,16.02 kmpl,1373 CC,93.7 bhp,Others,7.0,5.0,,6.35
Maruti Swift,Kolkata,2016.0,85450.0,Diesel,Manual,First,26.59 kmpl,1248 CC,74 bhp,Others,5.0,4.0,,4.0
Maruti A-Star,Hyderabad,2009.0,61964.0,Petrol,Manual,First,19.0 kmpl,998 CC,66.1 bhp,White,5.0,4.0,,2.25
Volkswagen Vento,Mumbai,2014.0,45000.0,Petrol,Manual,First,15.04 kmpl,1598 CC,103.6 bhp,Others,5.0,4.0,,4.8
Mercedes-Benz New,Mumbai,2015.0,16329.0,Diesel,Automatic,First,19.27 kmpl,2143 CC,170 bhp,White,5.0,4.0,,30.3
Maruti Swift,Coimbatore,2008.0,50121.0,Petrol,Manual,First,20.4 kmpl,1197 CC,83.11 bhp,White,5.0,4.0,,3.41
Toyota Etios,Chennai,2013.0,67620.0,Petrol,Manual,Second,17.6 kmpl,1496 CC,88.8 bhp,White,5.0,4.0,,4.2
Audi Q5,Chennai,2014.0,25000.0,Diesel,Automatic,First,12.19 kmpl,2967 CC,236 bhp,White,5.0,4.0,,44.0
Skoda Superb,Delhi,2011.0,78000.0,Petrol,Automatic,Second,13.7 kmpl,1798 CC,157.75 bhp,Black/Silver,5.0,4.0,,4.5
Volkswagen Vento,Chennai,2011.0,37000.0,Petrol,Manual,First,15.04 kmpl,1598 CC,103.6 bhp,Black/Silver,5.0,4.0,,4.8
Maruti Wagon,Mumbai,2010.0,19119.0,Petrol,Manual,First,18.9 kmpl,998 CC,67.1 bhp,Others,5.0,4.0,,2.7
Hyundai i20,Kochi,2017.0,51612.0,Petrol,Manual,First,18.6 kmpl,1197 CC,81.83 bhp,Black/Silver,5.0,4.0,,7.11
Toyota Innova,Chennai,2016.0,90000.0,Diesel,Manual,First,12.99 kmpl,2494 CC,100.6 bhp,White,7.0,4.0,,13.9
Honda City,Kolkata,2008.0,40000.0,Petrol,Manual,First,17.7 kmpl,1497 CC,78 bhp,White,5.0,4.0,,1.8
Tata Nano,Pune,2011.0,65000.0,Petrol,Manual,Second,26.0 kmpl,624 CC,35 bhp,White,4.0,4.0,,0.44
Maruti Ertiga,Chennai,2012.0,87000.0,Diesel,,First,20.77 kmpl,1248 CC,88.76 bhp,Others,7.0,5.0,,6.0
Hyundai Santro,Mumbai,2005.0,102000.0,Petrol,Manual,Second,17.0 kmpl,1086 CC,null bhp,White,5.0,4.0,,0.85
Audi A4,Hyderabad,2014.0,53000.0,Diesel,Automatic,First,16.55 kmpl,1968 CC,140 bhp,White,5.0,4.0,,20.5
Audi A4,Coimbatore,2013.0,40670.0,Diesel,,Second,15.2 kmpl,1968 CC,140.8 bhp,White,5.0,4.0,,17.74
Renault Duster,Ahmedabad,2014.0,55000.0,Diesel,Manual,First,20.45 kmpl,1461 CC,83.8 bhp,White,5.0,4.0,,4.75
Audi A6,Kolkata,2013.0,31000.0,Diesel,Automatic,First,17.68 kmpl,1968 CC,174.33 bhp,Black/Silver,5.0,4.0,,18.95
Honda Jazz,Kolkata,2010.0,45000.0,Petrol,Manual,First,16.7 kmpl,1198 CC,88.8 bhp,Black/Silver,5.0,4.0,,1.99
Maruti Swift,Mumbai,2015.0,130000.0,Diesel,Manual,First,23.4 kmpl,1248 CC,74 bhp,White,5.0,4.0,,3.25
Ford Endeavour,Chennai,2011.0,100000.0,Diesel,Automatic,First,11.4 kmpl,2953 CC,153.86 bhp,White,7.0,5.0,,8.5
Skoda Rapid,Kochi,2016.0,35058.0,Petrol,Manual,First,15.0 kmpl,1598 CC,103.52 bhp,Black/Silver,5.0,4.0,,6.54
Maruti Alto,Coimbatore,2010.0,48105.0,Petrol,Manual,First,19.7 kmpl,796 CC,46.3 bhp,White,5.0,4.0,,3.1
Maruti Swift,Delhi,2011.0,69313.0,Petrol,Manual,Second,17.5 kmpl,1197 CC,85.8 bhp,White,5.0,4.0,,2.65
Maruti Omni,Hyderabad,2015.0,52950.0,Petrol,Manual,First,14.0 kmpl,796 CC,35 bhp,White,5.0,4.0,,2.35
Tata Indigo,Jaipur,2016.0,65000.0,Diesel,Manual,First,25.0 kmpl,1396 CC,69.01 bhp,White,5.0,4.0,,2.8
Maruti Swift,Chennai,2014.0,54000.0,Petrol,Manual,Second,16.1 kmpl,1197 CC,85 bhp,Black/Silver,5.0,4.0,,4.5
Honda City,Mumbai,2015.0,42366.0,Petrol,Manual,First,17.8 kmpl,1497 CC,117.3 bhp,Black/Silver,5.0,4.0,,7.75
Maruti Dzire,Jaipur,2013.0,77084.0,Diesel,Manual,First,28.4 kmpl,1248 CC,73.75 bhp,White,5.0,4.0,8.75 Lakh,4.95
Ford Figo,Pune,2010.0,129986.0,Diesel,Manual,Second,20.0 kmpl,1399 CC,68 bhp,Black/Silver,5.0,4.0,,3.2
Ford Ecosport,Coimbatore,2015.0,28232.0,Petrol,Manual,Second,15.8 kmpl,1499 CC,110 bhp,Black/Silver,5.0,4.0,,7.72
Maruti Alto,Kolkata,2007.0,18700.0,Petrol,Manual,Second,19.7 kmpl,796 CC,46.3 bhp,Others,5.0,4.0,,1.25
Volkswagen Polo,Hyderabad,2013.0,86300.0,Diesel,Manual,First,22.07 kmpl,1199 CC,73.9 bhp,White,5.0,4.0,,4.5
Chevrolet Sail,Jaipur,2013.0,48000.0,Petrol,Manual,First,18.2 kmpl,1199 CC,82.4 bhp,Black/Silver,5.0,4.0,,3.25
Honda City,Kolkata,2006.0,44000.0,Petrol,Automatic,First,16.4 kmpl,1497 CC,78 bhp,Others,5.0,4.0,,1.5
BMW X5,Mumbai,2015.0,41000.0,Diesel,Automatic,First,15.3 kmpl,2993 CC,258 bhp,Others,5.0,4.0,,45.0
Toyota Etios,Delhi,2012.0,72351.0,Diesel,Manual,First,23.59 kmpl,1364 CC,null bhp,Black/Silver,5.0,4.0,,2.65
Maruti Swift,Coimbatore,2012.0,78212.0,Petrol,Manual,First,16.1 kmpl,1298 CC,88.2 bhp,White,5.0,4.0,,5.35
Volkswagen Tiguan,Jaipur,2017.0,50510.0,Diesel,Automatic,First,17.06 kmpl,1968 CC,141 bhp,White,5.0,4.0,36.45 Lakh,24.9
Ford Figo,Bangalore,2012.0,32510.0,Diesel,Manual,Second,20.0 kmpl,1399 CC,68 bhp,White,5.0,4.0,,3.75
Hyundai Grand,Jaipur,2015.0,50000.0,Diesel,Manual,Second,24.0 kmpl,1120 CC,70 bhp,Black/Silver,5.0,4.0,,4.0
Hyundai Creta,Coimbatore,2016.0,58671.0,Diesel,Automatic,First,17.01 kmpl,1582 CC,126.2 bhp,Black/Silver,5.0,4.0,,14.25
Toyota Innova,Delhi,2011.0,150000.0,Diesel,Manual,First,12.99 kmpl,2494 CC,100.6 bhp,Others,8.0,5.0,,6.95
Toyota Innova,Kolkata,2016.0,66618.0,Diesel,Automatic,First,11.36 kmpl,2755 CC,171.5 bhp,Black/Silver,7.0,4.0,24.82 Lakh,15.49
Ford Figo,Coimbatore,2011.0,51593.0,Petrol,Manual,Second,15.6 kmpl,1196 CC,70 bhp,Black/Silver,5.0,4.0,,3.47
BMW X5,Chennai,2017.0,21000.0,Diesel,Automatic,Second,15.97 kmpl,2993 CC,258 bhp,Others,5.0,4.0,,55.0
BMW 5,Kochi,2015.0,65266.0,Diesel,Automatic,First,14.69 kmpl,2993 CC,258 bhp,White,5.0,4.0,,31.75
Ford Ecosport,Mumbai,2017.0,22000.0,Petrol,Manual,First,18.88 kmpl,999 CC,123.24 bhp,White,5.0,4.0,,7.85
Honda City,Jaipur,2009.0,86863.0,Petrol,Manual,First,17.0 kmpl,1497 CC,118 bhp,Black/Silver,5.0,4.0,,3.6
Mercedes-Benz R-Class,Pune,2010.0,93000.0,Petrol,Automatic,Second,11.8 kmpl,3498 CC,272 bhp,Others,7.0,5.0,,15.0
Maruti Wagon,Jaipur,2011.0,80000.0,Petrol,Manual,First,18.9 kmpl,998 CC,67.1 bhp,Others,5.0,4.0,,2.5
Maruti Baleno,Hyderabad,2017.0,14900.0,Petrol,Automatic,First,21.4 kmpl,1197 CC,83.1 bhp,Black/Silver,5.0,4.0,,8.6
Maruti Celerio,Mumbai,2014.0,53000.0,Petrol,Automatic,First,23.1 kmpl,998 CC,67.04 bhp,Black/Silver,5.0,4.0,,3.8
Honda Civic,Ahmedabad,2007.0,51000.0,Petrol,Manual,First,13.5 kmpl,1799 CC,130 bhp,White,5.0,4.0,,4.9
Mahindra XUV500,Coimbatore,2013.0,116694.0,Diesel,Manual,First,15.1 kmpl,2179 CC,140 bhp,White,7.0,5.0,,9.57
Toyota Innova,Chennai,2008.0,192000.0,Diesel,Manual,First,12.8 kmpl,2494 CC,102 bhp,Others,8.0,5.0,,6.85
Hyundai Verna,Kochi,2012.0,32542.0,Petrol,Manual,First,17.0 kmpl,1591 CC,121.3 bhp,White,5.0,4.0,11.67 Lakh,5.77
Hyundai i10,Kolkata,2009.0,43002.0,Petrol,Manual,First,20.36 kmpl,1197 CC,78.9 bhp,White,5.0,4.0,,1.92
Maruti Vitara,Ahmedabad,2017.0,33000.0,Diesel,Manual,First,24.3 kmpl,1248 CC,88.5 bhp,Black/Silver,5.0,4.0,11.06 Lakh,9.25
Honda City,Hyderabad,2014.0,90000.0,Diesel,Manual,First,26.0 kmpl,1498 CC,98.6 bhp,Black/Silver,5.0,4.0,,6.75
Audi A4,Kolkata,2009.0,34000.0,Diesel,Automatic,First,16.55 kmpl,1968 CC,147.51 bhp,Others,5.0,4.0,,9.95
Skoda Rapid,Hyderabad,2013.0,71803.0,Diesel,Manual,First,20.5 kmpl,1598 CC,103.5 bhp,Black/Silver,5.0,4.0,,5.75
BMW 5,Coimbatore,2012.0,44450.0,Diesel,Automatic,First,22.48 kmpl,1995 CC,190 bhp,Black/Silver,5.0,4.0,71.82 Lakh,24.68
Honda Accord,Chennai,2008.0,90000.0,Petrol,Automatic,First,10.2 kmpl,2354 CC,180 bhp,Others,5.0,4.0,,6.5
Toyota Etios,Coimbatore,2013.0,46496.0,Diesel,Manual,First,23.59 kmpl,1364 CC,null bhp,White,5.0,4.0,,5.3
Maruti Swift,Jaipur,2014.0,75074.0,Diesel,Manual,First,23.4 kmpl,1248 CC,74 bhp,Others,5.0,4.0,,5.25
Mercedes-Benz CLA,Delhi,2016.0,25000.0,Petrol,Automatic,First,15.04 kmpl,1991 CC,183 bhp,Others,5.0,4.0,,26.0
Volkswagen Vento,Jaipur,2014.0,72000.0,Diesel,Manual,First,20.34 kmpl,1498 CC,103.2 bhp,Others,5.0,4.0,,4.75
Honda Amaze,Coimbatore,2016.0,51587.0,Diesel,Manual,First,25.8 kmpl,1498 CC,98.6 bhp,Others,5.0,4.0,,5.27
BMW 3,Mumbai,2016.0,38000.0,Diesel,Automatic,First,22.69 kmpl,1995 CC,190 bhp,Black/Silver,5.0,4.0,,23.99
Honda City,Coimbatore,2012.0,42750.0,Petrol,Manual,First,17.0 kmpl,1497 CC,118 bhp,Black/Silver,5.0,4.0,,6.33
Maruti Ertiga,Hyderabad,2017.0,17400.0,Diesel,Manual,First,24.52 kmpl,1248 CC,88.5 bhp,White,7.0,5.0,,9.75
Datsun GO,Pune,2017.0,32851.0,Petrol,Manual,First,19.83 kmpl,1198 CC,67 bhp,White,7.0,5.0,6.45 Lakh,3.95
Ford Aspire,Kolkata,2015.0,2800.0,Diesel,Manual,First,26.1 kmpl,1498 CC,99 bhp,Black/Silver,5.0,4.0,9.4 Lakh,8.41
Mahindra XUV500,Chennai,2014.0,80000.0,Diesel,Manual,First,15.1 kmpl,2179 CC,140 bhp,Others,7.0,5.0,,9.4
Maruti Celerio,Ahmedabad,2015.0,42150.0,Diesel,Manual,First,27.62 kmpl,793 CC,47 bhp,White,5.0,4.0,,3.6
Toyota Camry,Delhi,2014.0,67000.0,Petrol,Automatic,First,19.16 kmpl,2494 CC,158.2 bhp,White,5.0,4.0,,18.75
BMW 3,Ahmedabad,2011.0,100000.0,Diesel,Automatic,Second,22.69 kmpl,1995 CC,190 bhp,Others,5.0,4.0,43.31 Lakh,10.9
Skoda Rapid,Coimbatore,2015.0,20826.0,Petrol,Automatic,First,14.3 kmpl,1598 CC,103.6 bhp,Others,5.0,4.0,,7.72
Hyundai i10,Pune,2013.0,54534.0,Petrol,Automatic,First,16.95 kmpl,1197 CC,78.9 bhp,Others,5.0,4.0,,3.65
Hyundai i10,Pune,2008.0,68000.0,Petrol,Manual,Second,16.0 kmpl,1086 CC,66.7 bhp,White,5.0,4.0,,2.0
Maruti Baleno,Coimbatore,2018.0,33150.0,Petrol,Manual,First,21.4 kmpl,1197 CC,83.1 bhp,White,5.0,4.0,8.71 Lakh,7.39
Maruti Swift,Chennai,2016.0,71156.0,Diesel,Manual,First,26.59 kmpl,1248 CC,74 bhp,Black/Silver,5.0,4.0,,6.5
Maruti Wagon,Delhi,2014.0,74663.0,CNG,Manual,First,33.54 km/kg,998 CC,67.04 bhp,Black/Silver,5.0,4.0,5.35 Lakh,3.25
Hyundai Verna,Pune,2012.0,94900.0,Diesel,Manual,First,16.8 kmpl,1493 CC,110 bhp,Black/Silver,5.0,4.0,,5.35
Hyundai i10,Mumbai,2009.0,48000.0,Petrol,Manual,First,20.36 kmpl,1197 CC,78.9 bhp,White,5.0,4.0,,2.11
Honda Jazz,Mumbai,2016.0,15399.0,Petrol,Manual,First,18.7 kmpl,1199 CC,88.7 bhp,Others,5.0,4.0,,6.4
Hyundai Verna,Pune,2010.0,95000.0,Petrol,Manual,First,16.2 kmpl,1599 CC,103.2 bhp,Others,5.0,4.0,,2.5
Chevrolet Cruze,Hyderabad,2011.0,78203.0,Diesel,Automatic,First,18.1 kmpl,1991 CC,147.9 bhp,Others,4.0,4.0,,5.5
Maruti Swift,Kolkata,2015.0,35000.0,Diesel,Manual,First,19.3 kmpl,1248 CC,73.9 bhp,Black/Silver,5.0,4.0,,4.75
Toyota Fortuner,Chennai,2013.0,123000.0,Diesel,Manual,Second,12.55 kmpl,2982 CC,168.5 bhp,Black/Silver,7.0,5.0,,15.0
Volkswagen Vento,Pune,2016.0,19000.0,Diesel,Automatic,First,21.5 kmpl,1498 CC,108.5 bhp,Black/Silver,5.0,4.0,15.68 Lakh,10.0
Hyundai Santro,Delhi,2013.0,60000.0,Petrol,Manual,First,17.92 kmpl,1086 CC,62.1 bhp,Others,5.0,4.0,,2.3
Skoda Rapid,Ahmedabad,2015.0,20765.0,Petrol,Manual,First,15.0 kmpl,1598 CC,103.52 bhp,Others,5.0,4.0,,6.25
BMW X5,Mumbai,2015.0,29500.0,Diesel,Automatic,First,15.97 kmpl,2993 CC,258 bhp,White,7.0,5.0,,43.0
Hyundai Xcent,Chennai,2015.0,53000.0,Petrol,Automatic,Second,16.9 kmpl,1197 CC,81.86 bhp,Black/Silver,5.0,4.0,,4.0
Hyundai Verna,Kochi,2015.0,60519.0,Diesel,Manual,First,22.32 kmpl,1582 CC,126.32 bhp,Black/Silver,5.0,4.0,,6.24
Nissan Sunny,Chennai,2013.0,55000.0,Petrol,Manual,Second,16.95 kmpl,1498 CC,97.7 bhp,Black/Silver,5.0,4.0,,4.3
Maruti Ertiga,Pune,2016.0,130000.0,Diesel,Manual,First,25.47 kmpl,1248 CC,88.50 bhp,Black/Silver,7.0,5.0,11.27 Lakh,7.0
Hyundai Getz,Mumbai,2005.0,90000.0,Petrol,Manual,Second,15.3 kmpl,1341 CC,61 bhp,Others,5.0,4.0,,1.8
Honda Amaze,Hyderabad,2014.0,74885.0,Diesel,Manual,First,25.8 kmpl,1498 CC,98.6 bhp,Black/Silver,5.0,4.0,,5.4
Honda City,Delhi,2009.0,92000.0,Petrol,Manual,Second,17.0 kmpl,1497 CC,118 bhp,Others,5.0,4.0,,2.25
Nissan Sunny,Kochi,2014.0,51553.0,Diesel,Manual,First,21.64 kmpl,1461 CC,84.8 bhp,Others,5.0,4.0,,5.98
Maruti Celerio,Hyderabad,2014.0,58470.0,Petrol,Manual,First,23.1 kmpl,998 CC,67.04 bhp,White,5.0,4.0,,3.9
Maruti Baleno,Mumbai,2018.0,2000.0,Diesel,Manual,First,27.39 kmpl,1248 CC,74 bhp,Others,5.0,4.0,10.28 Lakh,8.7
Mahindra XUV500,Coimbatore,2016.0,59711.0,Diesel,Manual,First,15.1 kmpl,2179 CC,140 bhp,White,7.0,5.0,,13.28
Audi A6,Coimbatore,2017.0,41041.0,Diesel,Automatic,First,17.68 kmpl,1968 CC,174.33 bhp,Others,5.0,4.0,,37.56
Datsun redi-GO,Chennai,2016.0,26239.0,Petrol,Manual,First,22.7 kmpl,799 CC,53 bhp,Others,5.0,4.0,4.43 Lakh,2.75
Tata Indigo,Pune,2013.0,70000.0,Petrol,Manual,Second,15.4 kmpl,1193 CC,65 bhp,White,5.0,4.0,,1.5
Volkswagen Vento,Mumbai,2014.0,56058.0,Petrol,Manual,First,15.04 kmpl,1598 CC,103.2 bhp,Others,5.0,4.0,,4.95
Honda City,Mumbai,2011.0,49999.0,Petrol,Manual,First,17.0 kmpl,1497 CC,118 bhp,Black/Silver,5.0,4.0,,3.8
Mahindra XUV500,Delhi,2011.0,66000.0,Diesel,Manual,First,15.1 kmpl,2179 CC,140 bhp,White,7.0,5.0,,5.5
Skoda Superb,Delhi,2014.0,80000.0,Petrol,Automatic,First,13.7 kmpl,1798 CC,157.75 bhp,Black/Silver,5.0,4.0,,10.75
Hyundai i20,Chennai,2011.0,37442.0,Petrol,Manual,First,18.5 kmpl,1197 CC,80 bhp,Black/Silver,5.0,4.0,,3.4
Hyundai Creta,Coimbatore,2016.0,47016.0,Petrol,Manual,First,15.29 kmpl,1591 CC,121.3 bhp,Black/Silver,5.0,4.0,,9.43
Chevrolet Beat,Hyderabad,2010.0,111111.0,Petrol,Manual,Second,18.6 kmpl,1199 CC,79.4 bhp,Black/Silver,5.0,4.0,,2.0
Audi A6,Coimbatore,2014.0,66882.0,Diesel,Automatic,First,17.68 kmpl,1968 CC,174.33 bhp,White,5.0,4.0,,25.02
Maruti Swift,Mumbai,2016.0,18000.0,Petrol,Automatic,First,18.5 kmpl,1197 CC,83.14 bhp,Others,5.0,4.0,,6.2
Renault Duster,Hyderabad,2014.0,77500.0,Diesel,Manual,First,20.45 kmpl,1461 CC,83.8 bhp,Black/Silver,5.0,4.0,,6.6
Toyota Etios,Hyderabad,2015.0,116000.0,Diesel,Manual,Second,23.59 kmpl,1364 CC,67.05 bhp,Black/Silver,5.0,4.0,,5.8
Hyundai EON,Pune,2015.0,28700.0,Petrol,Manual,First,21.1 kmpl,814 CC,55.2 bhp,White,5.0,4.0,,2.6
Volkswagen Vento,Mumbai,2016.0,25500.0,Diesel,Automatic,First,21.5 kmpl,1498 CC,108.5 bhp,White,5.0,4.0,15.86 Lakh,8.95
Skoda Superb,Kolkata,2005.0,13000.0,Petrol,Automatic,First,9.3 kmpl,2771 CC,193.1 bhp,Others,5.0,4.0,,3.25
Jeep Compass,Coimbatore,2018.0,48188.0,Diesel,Manual,First,16.3 kmpl,1956 CC,170 bhp,White,5.0,4.0,26.95 Lakh,21.69
Toyota Innova,Chennai,2005.0,128000.0,Diesel,Manual,Second,12.8 kmpl,2494 CC,102 bhp,White,8.0,5.0,,4.25
Volkswagen Vento,Bangalore,2012.0,50000.0,Diesel,Manual,First,20.54 kmpl,1598 CC,103.6 bhp,Others,5.0,4.0,,5.5
Maruti Vitara,Kolkata,2018.0,2900.0,Diesel,Manual,First,24.3 kmpl,1248 CC,88.5 bhp,White,5.0,4.0,10.13 Lakh,8.75
Hyundai Creta,Coimbatore,2017.0,29952.0,Petrol,Automatic,First,13.0 kmpl,1591 CC,121.3 bhp,White,5.0,4.0,,13.77
Audi RS5,Mumbai,2013.0,23000.0,Petrol,Automatic,First,11.05 kmpl,2894 CC,444 bhp,White,4.0,4.0,1.28 Cr,37.0
Maruti Baleno,Coimbatore,2018.0,25433.0,Diesel,Manual,First,27.39 kmpl,1248 CC,74 bhp,Others,5.0,4.0,,7.83
Toyota Innova,Pune,2015.0,65000.0,Diesel,Manual,First,12.99 kmpl,2494 CC,100.6 bhp,Others,7.0,4.0,,15.0
Ford Figo,Kolkata,2013.0,22000.0,Diesel,Manual,First,20.0 kmpl,1399 CC,68 bhp,Black/Silver,5.0,4.0,,2.25
Honda Amaze,Kochi,2014.0,97439.0,Diesel,Manual,First,25.8 kmpl,1498 CC,98.6 bhp,White,5.0,4.0,,4.41
Fiat Linea,Chennai,2010.0,160000.0,Diesel,Manual,Second,19.0 kmpl,1248 CC,93 bhp,White,5.0,4.0,,2.5
Renault Duster,Mumbai,2013.0,74000.0,Diesel,Manual,First,20.46 kmpl,1461 CC,83.8 bhp,White,5.0,4.0,,5.5
Mahindra XUV500,Kochi,2018.0,25948.0,Diesel,Automatic,First,16.0 kmpl,2179 CC,140 bhp,White,7.0,5.0,,16.46
Mercedes-Benz E-Class,Chennai,2014.0,81000.0,Diesel,Automatic,First,13.0 kmpl,2143 CC,204 bhp,Black/Silver,5.0,4.0,,22.75
Volkswagen Passat,Chennai,2011.0,95000.0,Diesel,Automatic,Second,18.33 kmpl,1968 CC,167.7 bhp,White,5.0,4.0,,8.5
Honda City,Hyderabad,2016.0,14000.0,Petrol,Automatic,First,18.0 kmpl,1497 CC,117.3 bhp,Black/Silver,5.0,4.0,,11.5
Volvo S60,Coimbatore,2016.0,42259.0,Diesel,Automatic,First,9.0 kmpl,1984 CC,181 bhp,Others,5.0,4.0,,24.36
Ford Ecosport,Hyderabad,2015.0,45000.0,Diesel,Manual,First,22.7 kmpl,1498 CC,89.84 bhp,Others,5.0,4.0,,8.9
Fiat Punto,Hyderabad,2010.0,59270.0,Petrol,Manual,First,15.7 kmpl,1172 CC,67 bhp,White,5.0,4.0,,2.6
Tata Nano,Coimbatore,2015.0,25811.0,Petrol,Manual,Second,25.4 kmpl,624 CC,37.5 bhp,White,4.0,4.0,,2.13
Maruti Wagon,Mumbai,2016.0,8000.0,Petrol,Automatic,First,22.5 kmpl,998 CC,67 bhp,Black/Silver,5.0,4.0,6.14 Lakh,4.15
Audi Q5,Delhi,2013.0,71000.0,Diesel,Automatic,First,14.16 kmpl,1968 CC,174.3 bhp,Others,5.0,4.0,,21.5
Volvo XC60,Hyderabad,2012.0,86000.0,Diesel,Automatic,Second,14.7 kmpl,1985 CC,163 bhp,Black/Silver,5.0,4.0,,18.25
Maruti Celerio,Hyderabad,2016.0,80219.0,Diesel,Manual,First,27.62 kmpl,793 CC,47 bhp,Black/Silver,5.0,4.0,,3.5
Hyundai Santa,Coimbatore,2013.0,67901.0,Diesel,Manual,First,14.66 kmpl,2199 CC,194.3 bhp,White,7.0,5.0,,8.38
Tata Nano,Coimbatore,2016.0,5240.0,Petrol,Automatic,First,21.9 kmpl,624 CC,37.48 bhp,Black/Silver,4.0,4.0,,3.6
Maruti Zen,Pune,2006.0,67196.0,Petrol,Manual,First,17.3 kmpl,993 CC,60 bhp,Others,5.0,4.0,,1.25
Toyota Etios,Pune,2012.0,225000.0,Diesel,Manual,Second,23.59 kmpl,1364 CC,null bhp,Others,5.0,4.0,,2.6
Toyota Corolla,Kochi,2016.0,41617.0,Petrol,Automatic,First,14.53 kmpl,1794 CC,138.1 bhp,White,5.0,4.0,,14.14
Hyundai i20,Kochi,2014.0,42315.0,Petrol,Manual,First,18.5 kmpl,1197 CC,82.9 bhp,White,5.0,4.0,,4.79
Ford Fiesta,Chennai,2013.0,177000.0,Diesel,Manual,First,23.5 kmpl,1498 CC,88.7 bhp,Black/Silver,5.0,4.0,,3.5
Hyundai Verna,Ahmedabad,2012.0,52000.0,Diesel,Manual,First,22.32 kmpl,1582 CC,126.32 bhp,Black/Silver,5.0,4.0,,6.5
Honda Mobilio,Chennai,2014.0,23000.0,Diesel,Manual,First,24.5 kmpl,1498 CC,98.6 bhp,Black/Silver,7.0,5.0,,6.9
Honda Brio,Delhi,2012.0,40315.0,Petrol,Manual,First,18.5 kmpl,1198 CC,86.8 bhp,Black/Silver,5.0,4.0,5.92 Lakh,2.75
Toyota Fortuner,Delhi,2017.0,40000.0,Diesel,Automatic,First,12.9 kmpl,2755 CC,174.5 bhp,White,7.0,5.0,37.38 Lakh,30.0
Hyundai Verna,Kolkata,2014.0,58000.0,Diesel,Manual,First,22.32 kmpl,1582 CC,126.32 bhp,Others,5.0,4.0,,5.75
Hyundai i20,Kolkata,2010.0,18000.0,Petrol,Manual,First,18.5 kmpl,1197 CC,80 bhp,White,5.0,4.0,,2.25
Hyundai i20,Mumbai,2014.0,17858.0,Petrol,Manual,First,17.0 kmpl,1197 CC,80 bhp,Others,5.0,4.0,,5.32
Maruti Ritz,Jaipur,2013.0,65000.0,Diesel,Manual,First,23.2 kmpl,1248 CC,73.94 bhp,White,5.0,4.0,,3.75
Ford Fiesta,Pune,2007.0,112808.0,Diesel,Manual,Second,17.8 kmpl,1399 CC,68 bhp,White,5.0,4.0,,2.05
Maruti Swift,Pune,2010.0,109200.0,Petrol,Manual,Second,17.5 kmpl,1298 CC,85.8 bhp,Black/Silver,5.0,4.0,,2.2
Honda City,Delhi,2009.0,73200.0,Petrol,Manual,First,17.0 kmpl,1497 CC,118 bhp,Others,5.0,4.0,,2.78
Toyota Innova,Hyderabad,2012.0,104000.0,Diesel,Manual,First,12.8 kmpl,2494 CC,102 bhp,Others,7.0,4.0,,11.75
Maruti Swift,Bangalore,2012.0,62000.0,Diesel,Manual,First,17.8 kmpl,1248 CC,75 bhp,White,5.0,4.0,,4.5
Ford Figo,Hyderabad,2012.0,71558.0,Diesel,Manual,First,20.0 kmpl,1399 CC,68.05 bhp,White,5.0,4.0,,3.3
Hyundai Elantra,Ahmedabad,2015.0,65000.0,Diesel,Manual,First,22.7 kmpl,1582 CC,126.2 bhp,White,5.0,4.0,,7.75
BMW 3,Chennai,2008.0,170000.0,Diesel,Automatic,Third,16.07 kmpl,1995 CC,181 bhp,White,5.0,4.0,,9.75
Maruti Alto,Delhi,2016.0,35027.0,Petrol,Manual,First,24.07 kmpl,998 CC,67.1 bhp,White,5.0,4.0,3.91 Lakh,3.0
Renault Duster,Pune,2016.0,55000.0,Diesel,Manual,First,19.87 kmpl,1461 CC,83.8 bhp,Black/Silver,5.0,4.0,,7.8
Maruti Ciaz,Kochi,2017.0,44285.0,Petrol,Manual,First,20.73 kmpl,1373 CC,91.1 bhp,White,5.0,4.0,,7.47
Honda Jazz,Mumbai,2015.0,20568.0,Petrol,Manual,First,18.7 kmpl,1199 CC,88.7 bhp,Black/Silver,5.0,4.0,,5.6
Hyundai Xcent,Ahmedabad,2014.0,69000.0,Petrol,Automatic,First,16.9 kmpl,1197 CC,81.86 bhp,White,5.0,4.0,,5.25
Maruti Wagon,Mumbai,2008.0,64226.0,LPG,Manual,First,17.3 km/kg,1061 CC,57.5 bhp,Others,5.0,4.0,,1.45
Maruti Swift,Coimbatore,2016.0,18094.0,Petrol,Manual,Second,18.6 kmpl,1197 CC,85.8 bhp,Black/Silver,5.0,4.0,,6.26
Ford Figo,Chennai,2010.0,120000.0,Diesel,Manual,First,20.0 kmpl,1399 CC,68 bhp,White,5.0,4.0,,2.6
Tata Manza,Hyderabad,2010.0,76000.0,Diesel,Manual,First,18.8 kmpl,1248 CC,90 bhp,White,5.0,4.0,,2.7
Honda Accord,Chennai,2011.0,85000.0,Petrol,Automatic,Second,11.7 kmpl,2354 CC,177.6 bhp,Black/Silver,5.0,4.0,,7.5
BMW 5,Pune,2014.0,32000.0,Diesel,Automatic,First,18.12 kmpl,1995 CC,190 bhp,Others,5.0,4.0,,30.5
Ford Figo,Coimbatore,2015.0,92885.0,Diesel,Manual,First,20.0 kmpl,1399 CC,68 bhp,Others,5.0,4.0,,3.56
Honda Brio,Chennai,2013.0,53226.0,Petrol,Manual,First,19.4 kmpl,1198 CC,86.8 bhp,Black/Silver,5.0,4.0,,3.3
Hyundai Grand,Mumbai,2015.0,29631.0,Petrol,Automatic,First,18.9 kmpl,1197 CC,82 bhp,White,5.0,4.0,,4.9
Maruti Ertiga,Bangalore,2013.0,68000.0,Petrol,Manual,Second,16.02 kmpl,1373 CC,93.7 bhp,Others,7.0,5.0,,6.25
BMW 3,Chennai,2012.0,58000.0,Diesel,Automatic,Second,22.69 kmpl,1995 CC,190 bhp,Others,5.0,4.0,,15.3
Hyundai Santro,Ahmedabad,2005.0,58000.0,Petrol,Manual,Second,0.0 kmpl,999 CC,null bhp,Black/Silver,5.0,4.0,,1.51
Volkswagen Jetta,Chennai,2011.0,110000.0,Diesel,Automatic,First,16.96 kmpl,1968 CC,138.1 bhp,Black/Silver,5.0,4.0,,8.0
Mercedes-Benz S,Bangalore,2009.0,98000.0,Diesel,Automatic,Second,13.5 kmpl,2987 CC,282 bhp,Black/Silver,5.0,4.0,,25.0
Hyundai i10,Jaipur,2010.0,81402.0,Petrol,Manual,Second,20.36 kmpl,1197 CC,78.9 bhp,Black/Silver,5.0,4.0,,2.1
Maruti Swift,Jaipur,2014.0,96000.0,Diesel,Manual,First,23.4 kmpl,1248 CC,74 bhp,Others,5.0,4.0,,4.8
BMW 5,Coimbatore,2016.0,18090.0,Diesel,Automatic,First,16.2 kmpl,2993 CC,258 bhp,Others,5.0,4.0,,45.73
Honda City,Kochi,2013.0,50266.0,Petrol,Manual,First,17.0 kmpl,1497 CC,118 bhp,Black/Silver,5.0,4.0,,5.53
Volkswagen Vento,Chennai,2011.0,121311.0,Diesel,Manual,First,20.64 kmpl,1498 CC,108.5 bhp,Others,5.0,4.0,14.32 Lakh,2.9
Volkswagen Polo,Mumbai,2017.0,25000.0,Petrol,Automatic,First,17.21 kmpl,1197 CC,103.5 bhp,Others,5.0,4.0,11.26 Lakh,7.75
Hyundai Verna,Kochi,2014.0,89614.0,Diesel,Manual,First,22.0 kmpl,1582 CC,126.2 bhp,Black/Silver,5.0,4.0,15.57 Lakh,6.01
Volkswagen Polo,Hyderabad,2013.0,76476.0,Petrol,Manual,First,16.47 kmpl,1198 CC,73.9 bhp,White,5.0,4.0,,4.4
Renault Duster,Kochi,2014.0,68598.0,Diesel,Manual,First,19.01 kmpl,1461 CC,108.45 bhp,White,5.0,4.0,,6.17
Hyundai Creta,Kochi,2018.0,35480.0,Diesel,Manual,First,19.67 kmpl,1582 CC,126.2 bhp,Black/Silver,5.0,4.0,,13.34
Ford Fiesta,Kochi,2012.0,79985.0,Diesel,Manual,First,17.8 kmpl,1399 CC,67 bhp,Others,5.0,4.0,,3.16
Land Rover Range,Coimbatore,2017.0,34990.0,Diesel,Automatic,First,12.7 kmpl,2179 CC,187.7 bhp,Others,5.0,4.0,,53.83
Hyundai Grand,Bangalore,2015.0,50000.0,Petrol,Manual,First,18.9 kmpl,1197 CC,82 bhp,White,5.0,4.0,,5.75
Tata Indigo,Ahmedabad,2015.0,78008.0,Diesel,Manual,First,17.0 kmpl,1405 CC,70 bhp,Others,5.0,4.0,,2.9
Maruti Swift,Mumbai,2009.0,53001.0,Petrol,Manual,First,16.1 kmpl,1298 CC,88.2 bhp,Black/Silver,5.0,4.0,,1.95
Honda City,Jaipur,2011.0,52000.0,Petrol,Manual,First,17.0 kmpl,1497 CC,118 bhp,Others,5.0,4.0,,3.8
Honda Accord,Kochi,2011.0,62332.0,Petrol,Automatic,First,11.7 kmpl,2354 CC,177.6 bhp,White,5.0,4.0,,5.89
Honda Jazz,Kochi,2016.0,28503.0,Petrol,Automatic,First,19.0 kmpl,1199 CC,88.7 bhp,Others,5.0,4.0,,6.86
Mercedes-Benz E-Class,Bangalore,2014.0,37382.0,Diesel,Automatic,First,13.0 kmpl,2143 CC,201.1 bhp,White,5.0,4.0,,32.0
BMW X3,Kolkata,2012.0,51001.0,Diesel,Automatic,First,16.09 kmpl,1995 CC,184 bhp,White,5.0,4.0,,17.0
Mercedes-Benz E-Class,Kochi,2017.0,43368.0,Diesel,Automatic,First,15.0 kmpl,2143 CC,204 bhp,White,5.0,4.0,,31.94
Hyundai Verna,Bangalore,2014.0,46676.0,Petrol,Manual,First,17.0 kmpl,1591 CC,121.3 bhp,Others,5.0,4.0,12.27 Lakh,7.75
Honda Civic,Delhi,2008.0,72000.0,Petrol,Manual,First,13.5 kmpl,1799 CC,130 bhp,Others,5.0,4.0,,2.5
Maruti A-Star,Hyderabad,2013.0,56500.0,Petrol,Automatic,First,16.98 kmpl,998 CC,66.1 bhp,White,5.0,4.0,,3.45
Maruti Eeco,Hyderabad,2015.0,90413.0,Petrol,Manual,First,15.1 kmpl,1196 CC,73 bhp,Others,7.0,5.0,4.83 Lakh,2.95
Honda City,Delhi,2010.0,43000.0,Petrol,Manual,Second,16.8 kmpl,1497 CC,116.3 bhp,White,5.0,4.0,,3.75
Ford Ikon,Bangalore,2009.0,75000.0,Diesel,Manual,First,13.8 kmpl,1399 CC,68 bhp,White,5.0,4.0,,1.99
Audi A4,Delhi,2012.0,69000.0,Diesel,Automatic,Second,15.2 kmpl,1968 CC,140.8 bhp,Black/Silver,5.0,4.0,,10.25
Maruti Alto,Jaipur,2011.0,100000.0,Petrol,Manual,First,19.7 kmpl,796 CC,46.3 bhp,Black/Silver,5.0,4.0,,1.5
Maruti Swift,Delhi,2015.0,53503.0,Diesel,Manual,First,26.59 kmpl,1248 CC,74 bhp,Black/Silver,5.0,4.0,,5.0
Renault Duster,Kochi,2015.0,65178.0,Diesel,Manual,First,19.87 kmpl,1461 CC,83.8 bhp,Others,5.0,4.0,,6.79
Maruti Zen,Pune,2011.0,20575.0,Petrol,Manual,First,19.0 kmpl,998 CC,67.1 bhp,Others,5.0,4.0,,2.0
Maruti Vitara,Coimbatore,2017.0,25299.0,Diesel,Manual,First,24.3 kmpl,1248 CC,88.5 bhp,White,5.0,4.0,12.56 Lakh,10.34
Honda Brio,Mumbai,2013.0,17003.0,Petrol,Manual,First,19.4 kmpl,1198 CC,86.8 bhp,Black/Silver,5.0,4.0,,3.15
Maruti Alto,Hyderabad,2007.0,76161.0,Petrol,Manual,First,19.7 kmpl,796 CC,46.3 bhp,Others,5.0,4.0,,1.65
Honda City,Kolkata,2008.0,40000.0,Petrol,Manual,First,17.7 kmpl,1497 CC,78 bhp,Others,5.0,4.0,,2.0
Audi Q3,Delhi,2013.0,60000.0,Diesel,Automatic,Second,15.73 kmpl,1968 CC,174.33 bhp,Others,5.0,4.0,,14.5
Volkswagen Polo,Coimbatore,2018.0,39861.0,Diesel,Manual,First,20.14 kmpl,1498 CC,88.8 bhp,White,5.0,4.0,,7.38
Maruti Alto,Ahmedabad,2017.0,20000.0,Petrol,Automatic,First,24.07 kmpl,998 CC,67.1 bhp,White,5.0,4.0,,4.0
Mercedes-Benz GLA,Pune,2017.0,50000.0,Diesel,Automatic,First,17.9 kmpl,2143 CC,136 bhp,Others,5.0,4.0,,25.0
Tata Bolt,Hyderabad,2017.0,98500.0,Diesel,Manual,First,22.95 kmpl,1248 CC,74 bhp,White,5.0,4.0,7.97 Lakh,6.0
Audi A6,Pune,2012.0,50001.0,Diesel,Automatic,First,14.57 kmpl,2967 CC,241.38 bhp,White,5.0,4.0,,29.0
Land Rover Range,Coimbatore,2018.0,36091.0,Diesel,Automatic,First,12.7 kmpl,2179 CC,187.7 bhp,White,5.0,4.0,,55.76
Maruti Wagon,Jaipur,2017.0,34000.0,Petrol,Automatic,First,20.51 kmpl,998 CC,67 bhp,Black/Silver,5.0,4.0,,4.35
BMW 3,Bangalore,2014.0,69330.0,Diesel,Automatic,First,16.07 kmpl,1995 CC,181 bhp,Others,5.0,4.0,,23.5
Maruti Swift,Kolkata,2017.0,148000.0,Diesel,Manual,First,23.4 kmpl,1248 CC,74 bhp,White,5.0,4.0,,4.75
Volkswagen Vento,Hyderabad,2015.0,85000.0,Diesel,Manual,First,20.34 kmpl,1498 CC,103.2 bhp,Others,5.0,4.0,,6.0
BMW 6,Mumbai,2011.0,30000.0,Diesel,Automatic,First,9.52 kmpl,2993 CC,313 bhp,Others,4.0,4.0,,49.0
Volkswagen Vento,Bangalore,2012.0,65000.0,Diesel,Manual,First,20.54 kmpl,1598 CC,103.6 bhp,White,5.0,4.0,,5.5
Maruti Swift,Pune,2016.0,58000.0,Diesel,Manual,First,22.9 kmpl,1248 CC,74 bhp,Others,5.0,4.0,,7.55
Mercedes-Benz E-Class,Kochi,2016.0,35939.0,Petrol,Manual,First,12.3 kmpl,1796 CC,185 bhp,Black/Silver,5.0,4.0,,30.42
Hyundai i20,Coimbatore,2014.0,45051.0,Petrol,Automatic,First,15.0 kmpl,1396 CC,98.6 bhp,White,5.0,4.0,,5.96
Honda City,Pune,2018.0,4500.0,Petrol,Automatic,First,18.0 kmpl,1497 CC,117.3 bhp,Black/Silver,5.0,4.0,15.17 Lakh,12.5
Toyota Corolla,Delhi,2017.0,21000.0,Petrol,Automatic,First,14.28 kmpl,1798 CC,138.03 bhp,Black/Silver,5.0,4.0,23.25 Lakh,18.0
Toyota Corolla,Kolkata,2015.0,46000.0,Petrol,Manual,First,14.28 kmpl,1798 CC,138.03 bhp,Black/Silver,5.0,4.0,,6.95
Renault KWID,Mumbai,2016.0,16000.0,Petrol,Manual,First,25.17 kmpl,799 CC,53.3 bhp,White,5.0,4.0,4.78 Lakh,2.99
Maruti Swift,Kochi,2018.0,10671.0,Petrol,Manual,First,20.85 kmpl,1197 CC,83.14 bhp,Black/Silver,5.0,4.0,,6.51
Nissan Micra,Jaipur,2010.0,75055.0,Petrol,Manual,First,18.06 kmpl,1198 CC,75 bhp,Others,5.0,4.0,,2.25
Toyota Etios,Bangalore,2014.0,57464.0,Diesel,Manual,First,23.59 kmpl,1364 CC,67.06 bhp,Others,5.0,4.0,9.99 Lakh,5.75
Ford Endeavour,Jaipur,2008.0,205000.0,Diesel,Manual,Second,13.1 kmpl,2499 CC,141 bhp,Others,7.0,5.0,,3.9
Hyundai Grand,Jaipur,2016.0,22000.0,Petrol,Manual,First,18.9 kmpl,1197 CC,82 bhp,Others,5.0,4.0,,4.25
Honda Civic,Mumbai,2012.0,92000.0,Petrol,Manual,Second,14.8 kmpl,1799 CC,130.2 bhp,Black/Silver,5.0,4.0,,3.35
Renault Duster,Hyderabad,2012.0,82749.0,Diesel,Manual,First,19.01 kmpl,1461 CC,108.45 bhp,White,5.0,4.0,,5.99
Mercedes-Benz New,Kochi,2015.0,63983.0,Diesel,Automatic,First,19.27 kmpl,2143 CC,170 bhp,Black/Silver,5.0,4.0,,16.56
Hyundai Grand,Coimbatore,2017.0,31576.0,Petrol,Manual,First,18.9 kmpl,1197 CC,82 bhp,White,5.0,4.0,,7.85
Toyota Innova,Pune,2014.0,102418.0,Diesel,Manual,First,12.99 kmpl,2494 CC,100.6 bhp,White,7.0,4.0,,10.1
Fiat Grande,Jaipur,2011.0,130000.0,Diesel,Manual,First,20.3 kmpl,1248 CC,75 bhp,Black/Silver,5.0,4.0,,2.2
Maruti Wagon,Mumbai,2010.0,38000.0,Petrol,Manual,Second,22.5 kmpl,998 CC,67.04 bhp,White,5.0,4.0,5.61 Lakh,1.75
Maruti Ciaz,Kolkata,2015.0,34400.0,Diesel,Manual,First,28.09 kmpl,1248 CC,88.5 bhp,Others,5.0,4.0,,5.5
Mahindra Scorpio,Pune,2010.0,96813.0,Diesel,Manual,Second,12.05 kmpl,2179 CC,120 bhp,White,8.0,5.0,,5.5
Audi Q3,Hyderabad,2013.0,105000.0,Diesel,Automatic,First,17.32 kmpl,1968 CC,150 bhp,Black/Silver,5.0,4.0,,19.0
Maruti Alto,Coimbatore,2010.0,59136.0,Petrol,Manual,First,19.7 kmpl,796 CC,46.3 bhp,Others,5.0,4.0,,2.96
Toyota Corolla,Bangalore,2005.0,67000.0,Petrol,Automatic,Second,11.3 kmpl,1794 CC,125 bhp,Black/Silver,5.0,4.0,,2.45
Honda City,Kochi,2016.0,55700.0,Diesel,Manual,First,26.0 kmpl,1498 CC,98.6 bhp,White,5.0,4.0,,7.52
Maruti Esteem,Chennai,2004.0,95000.0,Petrol,Manual,First,15.9 kmpl,1298 CC,null bhp,White,5.0,4.0,,0.8
Hyundai Elantra,Delhi,2017.0,9500.0,Petrol,Automatic,First,14.62 kmpl,1999 CC,149.92 bhp,White,5.0,4.0,21.77 Lakh,16.35
Ford Ecosport,Mumbai,2015.0,44000.0,Diesel,Manual,First,22.7 kmpl,1498 CC,89.84 bhp,Black/Silver,5.0,4.0,,7.35
Honda City,Mumbai,2015.0,19000.0,Petrol,Automatic,First,18.0 kmpl,1497 CC,117.3 bhp,Black/Silver,5.0,4.0,15.29 Lakh,8.95
BMW 3,Pune,2013.0,49000.0,Petrol,Automatic,First,14.59 kmpl,1997 CC,245 bhp,White,5.0,4.0,,19.0
Jeep Compass,Jaipur,2017.0,45000.0,Diesel,Manual,First,16.3 kmpl,1956 CC,170 bhp,Others,5.0,4.0,25.54 Lakh,20.0
Tata Zest,Pune,2017.0,70000.0,Petrol,Manual,First,17.57 kmpl,1193 CC,88.7 bhp,White,5.0,4.0,6.67 Lakh,4.5
Datsun GO,Hyderabad,2016.0,19000.0,Petrol,Manual,First,20.63 kmpl,1198 CC,67 bhp,Others,5.0,4.0,,2.99
Mercedes-Benz M-Class,Mumbai,2012.0,51000.0,Diesel,Automatic,First,11.74 kmpl,2987 CC,254.8 bhp,Black/Silver,5.0,4.0,,22.25
Skoda Superb,Mumbai,2010.0,67000.0,Petrol,Automatic,First,13.7 kmpl,1798 CC,157.75 bhp,Black/Silver,5.0,4.0,,4.7
Chevrolet Optra,Kochi,2013.0,55176.0,Petrol,Manual,Second,17.4 kmpl,1599 CC,104 bhp,White,5.0,4.0,,3.47
Mahindra XUV500,Jaipur,2012.0,110000.0,Diesel,Manual,First,15.1 kmpl,2179 CC,140 bhp,Black/Silver,7.0,5.0,,7.2
Audi A6,Delhi,2014.0,58000.0,Diesel,Automatic,First,17.68 kmpl,1968 CC,174.33 bhp,Others,5.0,4.0,,18.5
BMW 3,Mumbai,2014.0,18600.0,Diesel,Automatic,Second,22.69 kmpl,1995 CC,190 bhp,White,5.0,4.0,54.43 Lakh,21.0
Maruti Alto,Hyderabad,2016.0,10000.0,Petrol,Manual,First,24.07 kmpl,998 CC,67.1 bhp,White,5.0,4.0,4.53 Lakh,3.5
Audi TT,Delhi,2013.0,12100.0,Petrol,Automatic,First,9.9 kmpl,1984 CC,207.8 bhp,White,2.0,2.0,,29.5
Mercedes-Benz New,Mumbai,2011.0,45000.0,Petrol,Automatic,Second,11.74 kmpl,1796 CC,186 bhp,Others,5.0,4.0,,13.5
Skoda Yeti,Hyderabad,2010.0,110009.0,Diesel,Manual,First,17.67 kmpl,1968 CC,138.08 bhp,White,5.0,4.0,,6.99
Volkswagen Ameo,Coimbatore,2017.0,22440.0,Diesel,Automatic,First,22.0 kmpl,1498 CC,108.495 bhp,Black/Silver,5.0,4.0,,8.89
Skoda Rapid,Mumbai,2013.0,23000.0,Diesel,Manual,First,21.14 kmpl,1498 CC,103.52 bhp,White,5.0,4.0,,4.95
Renault KWID,Kochi,2019.0,6568.0,Petrol,Manual,First,25.17 kmpl,799 CC,53.3 bhp,Black/Silver,5.0,4.0,4.78 Lakh,5.09
Mahindra Xylo,Hyderabad,2016.0,132000.0,Diesel,Manual,First,14.95 kmpl,2489 CC,93.7 bhp,White,7.0,5.0,,5.5
Ford Figo,Delhi,2010.0,59196.0,Petrol,Manual,Second,15.6 kmpl,1196 CC,70 bhp,Black/Silver,5.0,4.0,,2.25
Skoda Rapid,Coimbatore,2016.0,54620.0,Diesel,Automatic,First,21.66 kmpl,1498 CC,103.52 bhp,White,5.0,4.0,,9.86
Toyota Innova,Pune,2017.0,43000.0,Diesel,Manual,First,13.68 kmpl,2393 CC,147.8 bhp,White,7.0,4.0,25.52 Lakh,18.65
Mercedes-Benz CLA,Coimbatore,2017.0,23106.0,Diesel,Automatic,First,17.9 kmpl,2143 CC,136 bhp,Others,5.0,4.0,,27.43
Hyundai Verna,Jaipur,2012.0,75200.0,Diesel,Manual,First,22.32 kmpl,1582 CC,126.32 bhp,White,5.0,4.0,,5.25
Hyundai Santa,Pune,2015.0,100000.0,Diesel,Automatic,Second,13.01 kmpl,2199 CC,194.3 bhp,White,7.0,5.0,,14.5
Mahindra Xylo,Coimbatore,2016.0,93166.0,Diesel,Manual,Second,14.02 kmpl,2179 CC,118.3 bhp,White,7.0,5.0,11.67 Lakh,5.85
Hyundai Grand,Coimbatore,2017.0,22831.0,Petrol,Manual,First,18.9 kmpl,1197 CC,82 bhp,Others,5.0,4.0,,6.19
Audi TT,Kolkata,2012.0,7000.0,Petrol,Automatic,First,14.33 kmpl,1984 CC,226.6 bhp,Black/Silver,4.0,4.0,,35.0
Ford EcoSport,Kochi,2016.0,43983.0,Petrol,Automatic,First,15.63 kmpl,1499 CC,110.4 bhp,White,5.0,4.0,,7.58
Skoda Superb,Ahmedabad,2010.0,48002.0,Petrol,Manual,Second,13.14 kmpl,1798 CC,157.8 bhp,Black/Silver,5.0,4.0,,6.75
Audi Q7,Coimbatore,2014.0,51076.0,Diesel,Automatic,First,12.07 kmpl,2967 CC,241.4 bhp,Black/Silver,7.0,5.0,,34.88
Volvo XC60,Ahmedabad,2011.0,173000.0,Diesel,Automatic,First,13.5 kmpl,2400 CC,215 bhp,Others,5.0,4.0,,12.0
Maruti Swift,Pune,2008.0,150000.0,Diesel,Manual,Second,28.4 kmpl,1248 CC,74 bhp,White,5.0,4.0,,2.7
Audi A6,Kochi,2014.0,61726.0,Diesel,Automatic,First,17.68 kmpl,1968 CC,174.33 bhp,White,5.0,4.0,,20.77
Volkswagen Polo,Delhi,2014.0,62000.0,Diesel,Manual,Second,22.07 kmpl,1199 CC,73.9 bhp,Black/Silver,5.0,4.0,,4.25
Honda Brio,Delhi,2015.0,44328.0,Petrol,Manual,First,19.4 kmpl,1198 CC,86.8 bhp,Others,5.0,4.0,,3.8
Land Rover Discovery,Coimbatore,2019.0,24013.0,Diesel,Automatic,First,12.81 kmpl,1999 CC,148.31 bhp,Black/Silver,7.0,5.0,69.22 Lakh,56.14
BMW 3,Pune,2018.0,24000.0,Diesel,Automatic,First,18.88 kmpl,1995 CC,184 bhp,Black/Silver,5.0,4.0,,28.0
Hyundai EON,Jaipur,2017.0,8500.0,Petrol,Manual,First,21.1 kmpl,814 CC,55.2 bhp,Black/Silver,5.0,4.0,,3.42
Honda CR-V,Mumbai,2007.0,66000.0,Petrol,Automatic,First,11.1 kmpl,2354 CC,158.8 bhp,White,5.0,4.0,,3.7
Mercedes-Benz E-Class,Hyderabad,2005.0,102000.0,Diesel,Automatic,Second,11.0 kmpl,2987 CC,198.5 bhp,Others,5.0,4.0,,4.65
Mitsubishi Pajero,Bangalore,2018.0,8900.0,Diesel,Automatic,First,13.5 kmpl,2477 CC,175.56 bhp,Black/Silver,6.0,5.0,,26.5
Honda Amaze,Pune,2015.0,42023.0,Petrol,Automatic,First,15.5 kmpl,1198 CC,86.7 bhp,White,5.0,4.0,,4.34
Mahindra Logan,Mumbai,2010.0,93000.0,Petrol,Manual,First,15.7 kmpl,1390 CC,75 bhp,Black/Silver,5.0,4.0,,1.5
BMW X1,Mumbai,2016.0,7000.0,Diesel,Automatic,First,20.68 kmpl,1995 CC,190 bhp,Black/Silver,5.0,4.0,,27.75
BMW 3,Coimbatore,2011.0,75871.0,Petrol,Automatic,First,9.43 kmpl,2996 CC,254 bhp,White,5.0,4.0,,14.12
Skoda Laura,Delhi,2011.0,85000.0,Diesel,Manual,Second,20.0 kmpl,1968 CC,108.5 bhp,Others,5.0,4.0,,3.65
Maruti SX4,Chennai,2007.0,62493.0,Petrol,Manual,First,15.0 kmpl,1586 CC,104.68 bhp,White,5.0,4.0,,1.8
Hyundai Grand,Kolkata,2017.0,31184.0,Petrol,Manual,First,18.9 kmpl,1197 CC,81.86 bhp,White,5.0,4.0,6.4 Lakh,5.0
Maruti Alto,Kochi,2019.0,19855.0,Petrol,Manual,First,24.7 kmpl,796 CC,47.3 bhp,Black/Silver,5.0,4.0,,3.8
Hyundai Xcent,Kolkata,2016.0,32000.0,Petrol,Manual,First,19.1 kmpl,1197 CC,82 bhp,Others,5.0,4.0,,3.6
Hyundai i20,Bangalore,2010.0,77332.0,Diesel,Manual,Second,23.0 kmpl,1396 CC,90 bhp,Black/Silver,5.0,4.0,,3.65
Mercedes-Benz E-Class,Mumbai,2011.0,55000.0,Diesel,Automatic,Second,14.21 kmpl,2143 CC,203 bhp,Black/Silver,5.0,4.0,,16.0
Hyundai i20,Delhi,2016.0,32450.0,Petrol,Manual,First,18.6 kmpl,1197 CC,81.83 bhp,White,5.0,4.0,,5.75
Hyundai Xcent,Kolkata,2017.0,51000.0,Diesel,Manual,First,25.4 kmpl,1186 CC,73.97 bhp,Others,5.0,4.0,8.23 Lakh,4.2
Honda Amaze,Kochi,2016.0,51672.0,Petrol,Manual,First,19.5 kmpl,1199 CC,88.76 bhp,Others,5.0,4.0,7.55 Lakh,5.68
Toyota Innova,Chennai,2016.0,40000.0,Diesel,Automatic,First,11.36 kmpl,2755 CC,171.5 bhp,White,8.0,5.0,21.1 Lakh,16.45
Maruti Alto,Chennai,2016.0,57000.0,Petrol,Automatic,First,24.07 kmpl,998 CC,67.1 bhp,White,5.0,4.0,,3.4
Maruti Ertiga,Mumbai,2012.0,52500.0,Petrol,Manual,Second,16.02 kmpl,1373 CC,93.7 bhp,Black/Silver,7.0,5.0,,5.25
Maruti Celerio,Hyderabad,2016.0,21600.0,Petrol,Automatic,First,23.1 kmpl,998 CC,67.04 bhp,White,5.0,4.0,,4.65
Honda Amaze,Mumbai,2017.0,32005.0,Petrol,Manual,First,18.0 kmpl,1198 CC,86.7 bhp,Black/Silver,5.0,4.0,,4.25
Porsche Panamera,Kolkata,2015.0,25100.0,Diesel,Automatic,First,17.85 kmpl,2967 CC,300 bhp,White,4.0,4.0,,75.0
Audi A4,Hyderabad,2013.0,52000.0,Diesel,Automatic,First,16.55 kmpl,1968 CC,147.51 bhp,White,5.0,4.0,,19.5
Maruti Wagon,Delhi,2014.0,48500.0,CNG,Manual,Second,26.6 km/kg,998 CC,58.16 bhp,Others,5.0,4.0,,2.85
Hyundai Verna,Coimbatore,2019.0,6028.0,Petrol,Manual,First,17.01 kmpl,1591 CC,121.3 bhp,Others,5.0,4.0,,11.54
BMW X5,Chennai,2017.0,6500000.0,Diesel,Automatic,First,15.97 kmpl,2993 CC,258 bhp,White,5.0,4.0,,65.0
Maruti Ertiga,Bangalore,2014.0,42000.0,Petrol,Manual,Second,16.02 kmpl,1373 CC,93.7 bhp,Others,7.0,5.0,,5.94
Tata Indigo,Hyderabad,2005.0,92000.0,Diesel,Manual,Second,16.1 kmpl,1405 CC,70 bhp,White,5.0,4.0,,1.1
Maruti Vitara,Coimbatore,2017.0,26927.0,Diesel,Manual,First,24.3 kmpl,1248 CC,88.5 bhp,Black/Silver,5.0,4.0,12.56 Lakh,11.39
Toyota Innova,Kochi,2017.0,20789.0,Diesel,Automatic,First,11.36 kmpl,2755 CC,171.5 bhp,Others,7.0,4.0,20.74 Lakh,18.36
Hyundai Xcent,Coimbatore,2015.0,45960.0,Petrol,Manual,First,19.1 kmpl,1197 CC,82 bhp,White,5.0,4.0,,5.56
Hyundai Verna,Mumbai,2017.0,16100.0,Petrol,Automatic,First,17.1 kmpl,1591 CC,121.4 bhp,Black/Silver,5.0,4.0,,11.6
Renault KWID,Hyderabad,2018.0,4126.0,Petrol,Manual,First,21.7 kmpl,999 CC,67 bhp,White,5.0,4.0,5.3 Lakh,4.8
Hyundai i20,Chennai,2010.0,67714.0,Petrol,Manual,First,18.5 kmpl,1197 CC,80 bhp,Others,5.0,4.0,,3.25
Chevrolet Cruze,Mumbai,2013.0,59302.0,Diesel,Automatic,First,14.39 kmpl,1998 CC,163.7 bhp,Black/Silver,5.0,4.0,,5.25
Renault Pulse,Delhi,2014.0,67668.0,Diesel,Manual,First,23.08 kmpl,1461 CC,63.12 bhp,White,5.0,4.0,,3.1
Maruti Swift,Hyderabad,2014.0,81609.0,Diesel,Manual,First,17.8 kmpl,1248 CC,null bhp,Others,5.0,4.0,,5.55
Maruti Ignis,Mumbai,2017.0,1000.0,Petrol,Manual,First,20.89 kmpl,1197 CC,81.80 bhp,Black/Silver,5.0,4.0,7.87 Lakh,6.36
Renault Duster,Kolkata,2013.0,57000.0,Diesel,Manual,First,19.01 kmpl,1461 CC,108.45 bhp,Others,5.0,4.0,,4.99
Mercedes-Benz CLA,Jaipur,2017.0,39000.0,Diesel,Automatic,First,17.9 kmpl,2143 CC,136 bhp,Others,5.0,4.0,42.4 Lakh,27.0
Audi A4,Coimbatore,2016.0,39644.0,Diesel,Automatic,First,17.11 kmpl,1968 CC,174.33 bhp,Others,5.0,4.0,,25.75
Maruti Ritz,Hyderabad,2012.0,85112.0,Diesel,Manual,First,23.2 kmpl,1248 CC,73.94 bhp,Others,5.0,4.0,,3.39
Chevrolet Cruze,Chennai,2011.0,73000.0,Diesel,Manual,Third,18.3 kmpl,1991 CC,147.9 bhp,White,5.0,4.0,,4.2
Hyundai i10,Pune,2012.0,44000.0,Petrol,Manual,Second,19.81 kmpl,1086 CC,68.05 bhp,Others,5.0,4.0,,2.9
Maruti Ertiga,Mumbai,2017.0,28000.0,Petrol,Automatic,First,18.69 kmpl,1462 CC,103 bhp,Others,7.0,5.0,10.65 Lakh,8.0
Mahindra XUV500,Mumbai,2015.0,53392.0,Diesel,Manual,First,16.0 kmpl,2179 CC,140 bhp,Black/Silver,7.0,5.0,,11.95
Mercedes-Benz E-Class,Bangalore,2014.0,28000.0,Diesel,Automatic,First,13.0 kmpl,2987 CC,258 bhp,Black/Silver,5.0,4.0,,31.75
Ford Figo,Chennai,2012.0,72500.0,Diesel,Manual,First,18.5 kmpl,1399 CC,68 bhp,Black/Silver,5.0,4.0,,3.12
Hyundai EON,Jaipur,2013.0,70000.0,Petrol,Manual,First,21.1 kmpl,814 CC,55.2 bhp,Black/Silver,5.0,4.0,,1.8
Hyundai Verna,Hyderabad,2008.0,143275.0,Diesel,Manual,First,22.0 kmpl,1582 CC,126.2 bhp,White,5.0,4.0,14.07 Lakh,2.6
Mercedes-Benz GL-Class,Bangalore,2014.0,52000.0,Diesel,Automatic,First,12.0 kmpl,2987 CC,224 bhp,Black/Silver,7.0,5.0,,49.0
Maruti Swift,Hyderabad,2014.0,76126.0,Diesel,Manual,First,19.3 kmpl,1248 CC,73.9 bhp,White,5.0,4.0,,6.6
Hyundai Creta,Coimbatore,2017.0,60083.0,Diesel,Manual,First,19.67 kmpl,1582 CC,126.2 bhp,White,5.0,4.0,,13.78
Jaguar XF,Mumbai,2013.0,31400.0,Diesel,Automatic,First,16.36 kmpl,2179 CC,187.7 bhp,Black/Silver,5.0,4.0,,26.75
Maruti Alto,Kolkata,2017.0,2196.0,Petrol,Manual,First,22.74 kmpl,796 CC,47.3 bhp,White,5.0,4.0,,2.75
Ford EcoSport,Mumbai,2014.0,31130.0,Petrol,Manual,First,15.85 kmpl,1499 CC,110.4 bhp,White,5.0,4.0,,5.75
Mitsubishi Lancer,Chennai,2001.0,104000.0,Petrol,Manual,Third,13.7 kmpl,1468 CC,85.8 bhp,White,5.0,4.0,,1.0
Hyundai Santro,Hyderabad,2009.0,80227.0,Petrol,Manual,First,17.92 kmpl,1086 CC,62.1 bhp,Others,5.0,4.0,,2.3
Mercedes-Benz SLC,Kolkata,2017.0,13372.0,Petrol,Automatic,First,19.0 kmpl,2996 CC,362.07 bhp,White,2.0,2.0,95.04 Lakh,54.0
Mini Cooper,Hyderabad,2017.0,2000.0,Diesel,Automatic,First,20.7 kmpl,1496 CC,113.98 bhp,White,5.0,4.0,42.48 Lakh,34.0
Jaguar XF,Coimbatore,2012.0,75668.0,Diesel,Automatic,First,14.74 kmpl,2993 CC,270.9 bhp,Others,5.0,4.0,,16.58
Fiat Linea,Coimbatore,2013.0,60283.0,Petrol,Manual,First,14.6 kmpl,1368 CC,112 bhp,White,5.0,4.0,,2.98
BMW 5,Bangalore,2015.0,14000.0,Diesel,Automatic,First,18.12 kmpl,1995 CC,190 bhp,White,5.0,4.0,,35.0
Toyota Camry,Pune,2018.0,17585.0,Petrol,Automatic,First,19.16 kmpl,2494 CC,157.7 bhp,Black/Silver,5.0,4.0,,32.0
Porsche Cayenne,Kochi,2015.0,47877.0,Diesel,Automatic,First,15.15 kmpl,2967 CC,240 bhp,Others,5.0,4.0,,48.22
Mercedes-Benz A,Kochi,2016.0,35437.0,Diesel,Automatic,First,20.0 kmpl,2143 CC,136 bhp,Black/Silver,5.0,4.0,,18.58
Maruti Swift,Kochi,2016.0,19148.0,Petrol,Manual,First,16.1 kmpl,1197 CC,85 bhp,Others,5.0,4.0,,5.89
Maruti Swift,Coimbatore,2014.0,58310.0,Petrol,Manual,Second,19.1 kmpl,1197 CC,85.8 bhp,Black/Silver,5.0,4.0,,5.39
Jaguar XF,Delhi,2014.0,48000.0,Diesel,Automatic,First,16.36 kmpl,2179 CC,187.7 bhp,Black/Silver,5.0,4.0,,26.5
Hyundai i20,Pune,2012.0,39000.0,Petrol,Manual,First,18.5 kmpl,1197 CC,80 bhp,Black/Silver,5.0,4.0,,2.75
Maruti Alto,Chennai,2010.0,94385.0,Petrol,Manual,Second,19.7 kmpl,796 CC,46.3 bhp,White,5.0,4.0,,1.6
Maruti Wagon,Jaipur,2017.0,35362.0,Petrol,Manual,First,22.5 kmpl,998 CC,67.04 bhp,Others,5.0,4.0,5.44 Lakh,3.85
Ford Figo,Chennai,2010.0,90000.0,Diesel,Manual,First,20.0 kmpl,1399 CC,68 bhp,Others,5.0,4.0,,2.6
Toyota Fortuner,Kochi,2014.0,56501.0,Diesel,Automatic,First,12.9 kmpl,2755 CC,174.5 bhp,Black/Silver,7.0,5.0,,17.71
Hyundai i10,Bangalore,2009.0,37000.0,Petrol,Automatic,Third,16.95 kmpl,1197 CC,78.9 bhp,White,5.0,4.0,,2.95
Hyundai i20,Kochi,2016.0,69681.0,Petrol,Manual,First,17.0 kmpl,1197 CC,80 bhp,White,5.0,4.0,,6.13
Volkswagen Passat,Hyderabad,2011.0,81650.0,Diesel,Automatic,First,18.33 kmpl,1968 CC,167.7 bhp,White,5.0,4.0,,7.5
Audi A4,Coimbatore,2016.0,68193.0,Diesel,Automatic,First,17.11 kmpl,1968 CC,174.33 bhp,Others,5.0,4.0,,24.74
BMW 7,Mumbai,2011.0,55000.0,Diesel,Automatic,Second,16.46 kmpl,2993 CC,258 bhp,Others,5.0,4.0,,19.5
Audi A4,Kolkata,2008.0,17000.0,Diesel,Automatic,First,15.2 kmpl,1968 CC,140.8 bhp,White,5.0,4.0,,9.75
Hyundai EON,Mumbai,2016.0,25350.0,Petrol,Manual,First,21.1 kmpl,814 CC,55.2 bhp,White,5.0,4.0,,2.55
Volkswagen Jetta,Kochi,2012.0,58775.0,Diesel,Manual,First,19.33 kmpl,1968 CC,138.1 bhp,Others,5.0,4.0,,5.64
Maruti Swift,Mumbai,2013.0,65000.0,Diesel,Manual,Second,19.3 kmpl,1248 CC,73.9 bhp,Others,5.0,4.0,,4.99
Fiat Avventura,Pune,2014.0,52782.0,Diesel,Manual,First,20.5 kmpl,1248 CC,91.72 bhp,Others,5.0,4.0,,4.85
Land Rover Range,Kochi,2016.0,29022.0,Diesel,Automatic,Second,15.68 kmpl,1999 CC,177 bhp,Others,5.0,4.0,,34.08
Tata Safari,Jaipur,2016.0,36000.0,Diesel,Manual,First,14.1 kmpl,2179 CC,148 bhp,Black/Silver,7.0,5.0,,10.0
Mahindra Scorpio,Delhi,2012.0,85000.0,Diesel,Automatic,First,11.79 kmpl,2179 CC,120 bhp,White,7.0,5.0,,6.25
Audi Q3,Mumbai,2015.0,48000.0,Diesel,Automatic,First,15.73 kmpl,1968 CC,174.33 bhp,Others,5.0,4.0,,18.75
Volkswagen Polo,Delhi,2013.0,65088.0,Petrol,Manual,First,16.47 kmpl,1198 CC,73.9 bhp,White,5.0,4.0,,3.25
Hyundai Creta,Coimbatore,2017.0,36458.0,Petrol,Manual,First,15.29 kmpl,1591 CC,121.3 bhp,Others,5.0,4.0,,12.34
Maruti Alto,Hyderabad,2013.0,30131.0,Petrol,Manual,First,20.92 kmpl,998 CC,67.1 bhp,Black/Silver,5.0,4.0,,2.65
Toyota Innova,Ahmedabad,2013.0,119000.0,Diesel,Manual,First,12.99 kmpl,2494 CC,100 bhp,Others,8.0,5.0,,8.0
Maruti Wagon,Chennai,2006.0,40000.0,Petrol,Manual,First,18.9 kmpl,998 CC,67.1 bhp,White,5.0,4.0,,2.0
Hyundai i10,Coimbatore,2014.0,41016.0,Petrol,Automatic,Second,16.95 kmpl,1197 CC,78.9 bhp,Black/Silver,5.0,4.0,,5.08
Ford EcoSport,Mumbai,2017.0,30000.0,Diesel,Manual,First,23.0 kmpl,1498 CC,98.96 bhp,White,5.0,4.0,11.89 Lakh,8.99
Maruti Alto,Kochi,2016.0,32227.0,Petrol,Manual,First,22.74 kmpl,796 CC,47.3 bhp,White,5.0,4.0,,3.26
BMW 3,Mumbai,2009.0,52100.0,Diesel,Automatic,Second,13.2 kmpl,1995 CC,170 bhp,Others,5.0,4.0,,7.5
Hyundai Grand,Hyderabad,2017.0,20000.0,Petrol,Manual,First,18.9 kmpl,1197 CC,81.86 bhp,White,5.0,4.0,7.82 Lakh,5.98
Maruti Swift,Bangalore,2013.0,58291.0,Diesel,Manual,First,17.8 kmpl,1248 CC,null bhp,Others,5.0,4.0,,5.0
BMW X1,Kolkata,2017.0,27001.0,Diesel,Automatic,First,20.68 kmpl,1995 CC,190 bhp,Others,5.0,4.0,50.26 Lakh,29.0
Tata Nano,Kochi,2012.0,4187.0,Petrol,Manual,First,26.0 kmpl,624 CC,35 bhp,Others,4.0,4.0,,1.38
Chevrolet Beat,Pune,2014.0,8700.0,Petrol,Manual,First,18.6 kmpl,1199 CC,76.8 bhp,Others,5.0,4.0,,2.55
Toyota Innova,Bangalore,2017.0,53841.0,Diesel,Automatic,First,11.36 kmpl,2755 CC,171.5 bhp,Others,7.0,4.0,28.05 Lakh,20.5
Chevrolet Optra,Pune,2011.0,75372.0,Diesel,Manual,First,16.52 kmpl,1991 CC,123.7 bhp,White,5.0,4.0,,3.34
Hyundai i20,Delhi,2015.0,42000.0,Petrol,Manual,First,17.0 kmpl,1197 CC,80 bhp,Black/Silver,5.0,4.0,,5.1
Honda City,Jaipur,2011.0,95936.0,Petrol,Manual,First,17.0 kmpl,1497 CC,118 bhp,Others,5.0,4.0,,4.1
Hyundai Creta,Kochi,2016.0,36855.0,Petrol,Manual,Second,15.29 kmpl,1591 CC,121.3 bhp,White,5.0,4.0,,8.77
Maruti Alto,Delhi,2012.0,65537.0,CNG,Manual,First,26.83 km/kg,796 CC,38.4 bhp,Others,5.0,4.0,,2.1
Mahindra XUV500,Mumbai,2012.0,35000.0,Diesel,Manual,First,16.0 kmpl,2179 CC,140 bhp,Others,7.0,5.0,,8.25
Chevrolet Beat,Pune,2011.0,65000.0,Petrol,Manual,Second,18.6 kmpl,1199 CC,79.4 bhp,White,5.0,4.0,,2.5
Nissan Terrano,Mumbai,2014.0,50000.0,Diesel,Manual,First,19.01 kmpl,1461 CC,108.5 bhp,Others,5.0,4.0,,6.5
Mercedes-Benz M-Class,Bangalore,2011.0,54000.0,Diesel,Automatic,First,14.0 kmpl,2987 CC,224 bhp,White,5.0,4.0,,21.99
Hyundai Xcent,Coimbatore,2016.0,21495.0,Petrol,Manual,First,19.1 kmpl,1197 CC,81.86 bhp,Black/Silver,5.0,4.0,,6.16
Skoda Rapid,Mumbai,2013.0,45000.0,Diesel,Manual,First,20.5 kmpl,1598 CC,103.5 bhp,Black/Silver,5.0,4.0,,3.65
Honda CR-V,Hyderabad,2008.0,82167.0,Petrol,Automatic,First,10.1 kmpl,2354 CC,152 bhp,Others,5.0,4.0,,5.4
Toyota Corolla,Mumbai,2008.0,110000.0,Petrol,Automatic,Second,14.53 kmpl,1798 CC,138.1 bhp,Black/Silver,5.0,4.0,,2.75
Maruti Ertiga,Kolkata,2014.0,45617.0,Diesel,Manual,First,20.77 kmpl,1248 CC,88.76 bhp,Others,7.0,5.0,,5.85
Toyota Innova,Kochi,2019.0,14076.0,Diesel,Automatic,First,11.36 kmpl,2755 CC,171.5 bhp,White,7.0,4.0,20.74 Lakh,19.4
Renault Pulse,Coimbatore,2014.0,31897.0,Petrol,Manual,First,18.06 kmpl,1198 CC,74.96 bhp,White,5.0,4.0,,4.69
Mahindra Bolero,Mumbai,2016.0,40448.0,Diesel,Manual,First,15.96 kmpl,2523 CC,62.1 bhp,White,7.0,5.0,11.01 Lakh,3.5
Maruti Celerio,Chennai,2016.0,12000.0,Petrol,Automatic,Second,23.1 kmpl,998 CC,67.04 bhp,Black/Silver,5.0,4.0,,4.25
Maruti Wagon,Delhi,2012.0,65000.0,Petrol,Manual,First,18.9 kmpl,998 CC,67.1 bhp,White,5.0,4.0,,2.65
Maruti Ritz,Delhi,2014.0,32805.0,Diesel,Manual,First,23.2 kmpl,1248 CC,73.94 bhp,White,5.0,4.0,,3.6
Toyota Innova,Jaipur,2006.0,147350.0,Diesel,Manual,Second,12.99 kmpl,2494 CC,100.6 bhp,Others,8.0,5.0,,4.95
Volkswagen Vento,Jaipur,2011.0,50000.0,Diesel,Manual,First,20.54 kmpl,1598 CC,103.6 bhp,Black/Silver,5.0,4.0,,5.0
Hyundai i10,Jaipur,2008.0,82203.0,Petrol,Manual,First,19.81 kmpl,1086 CC,68.05 bhp,Others,5.0,4.0,,1.8
Honda WRV,Ahmedabad,2017.0,32248.0,Petrol,Manual,First,17.5 kmpl,1199 CC,88.7 bhp,Black/Silver,5.0,4.0,10.32 Lakh,8.25
Volkswagen Polo,Pune,2013.0,57000.0,Petrol,Manual,First,16.47 kmpl,1198 CC,73.9 bhp,Others,5.0,4.0,,3.75
Maruti Swift,Mumbai,2013.0,35000.0,Diesel,Manual,First,22.9 kmpl,1248 CC,74 bhp,Black/Silver,5.0,4.0,,4.65
Toyota Innova,Delhi,2011.0,72000.0,Diesel,Manual,First,12.8 kmpl,2494 CC,102 bhp,White,7.0,4.0,,7.1
Ford EcoSport,Kolkata,2017.0,30000.0,Diesel,Manual,First,22.77 kmpl,1498 CC,98.59 bhp,White,5.0,4.0,,6.0
Nissan Terrano,Mumbai,2014.0,40206.0,Diesel,Manual,First,19.01 kmpl,1461 CC,108.5 bhp,Others,5.0,4.0,,7.22
Honda City,Delhi,2015.0,53000.0,Petrol,Manual,First,17.8 kmpl,1497 CC,117.3 bhp,Others,5.0,4.0,,6.95
Volkswagen Polo,Mumbai,2012.0,45000.0,Diesel,Manual,First,22.07 kmpl,1199 CC,73.9 bhp,Others,5.0,4.0,,3.6
Maruti Swift,Chennai,2013.0,49000.0,Petrol,Manual,First,18.6 kmpl,1197 CC,85.8 bhp,White,5.0,4.0,,4.45
Tata Manza,Mumbai,2010.0,41195.0,Petrol,Manual,First,15.0 kmpl,1368 CC,90 bhp,White,5.0,4.0,,1.38
Toyota Fortuner,Mumbai,2009.0,92000.0,Diesel,Manual,First,11.5 kmpl,2982 CC,171 bhp,Others,7.0,5.0,,8.9
BMW 3,Delhi,2012.0,76000.0,Diesel,Automatic,First,16.07 kmpl,1995 CC,181 bhp,Black/Silver,4.0,4.0,,8.75
Chevrolet Cruze,Pune,2009.0,73204.0,Diesel,Automatic,Third,18.1 kmpl,1991 CC,147.9 bhp,White,4.0,4.0,,3.5
Maruti 800,Pune,2003.0,52000.0,Petrol,Manual,First,16.1 kmpl,796 CC,37 bhp,Black/Silver,4.0,4.0,,0.5
Toyota Fortuner,Mumbai,2012.0,87000.0,Diesel,Automatic,First,12.55 kmpl,2982 CC,168.5 bhp,Others,7.0,5.0,,15.0
Maruti SX4,Mumbai,2008.0,62000.0,Petrol,Manual,Second,15.0 kmpl,1586 CC,104.68 bhp,White,5.0,4.0,,2.11
BMW X1,Mumbai,2014.0,69000.0,Diesel,Automatic,First,17.05 kmpl,1995 CC,184 bhp,Others,5.0,4.0,,16.25
Mercedes-Benz New,Bangalore,2016.0,37944.0,Diesel,Automatic,First,14.84 kmpl,2143 CC,167.62 bhp,Black/Silver,5.0,4.0,,35.0
Volkswagen Vento,Bangalore,2014.0,58000.0,Diesel,Manual,First,20.34 kmpl,1498 CC,103.2 bhp,Others,5.0,4.0,,6.5
Honda Mobilio,Kolkata,2014.0,45000.0,Diesel,Manual,First,24.2 kmpl,1498 CC,98.6 bhp,Others,7.0,5.0,,5.0
Maruti Wagon,Kolkata,2013.0,46000.0,Petrol,Manual,First,18.9 kmpl,998 CC,67.1 bhp,Black/Silver,5.0,4.0,,2.65
Toyota Innova,Hyderabad,2014.0,158793.0,Diesel,Manual,First,12.8 kmpl,2494 CC,102 bhp,White,7.0,4.0,,12.99
Ford Endeavour,Kochi,2012.0,45840.0,Diesel,Automatic,First,11.4 kmpl,2953 CC,153.86 bhp,Others,7.0,5.0,,8.41
Hyundai Xcent,Pune,2016.0,76000.0,Diesel,Manual,First,24.4 kmpl,1120 CC,71 bhp,Black/Silver,5.0,4.0,,3.8
Toyota Innova,Chennai,2017.0,67489.0,Diesel,Manual,First,13.68 kmpl,2393 CC,147.8 bhp,White,7.0,4.0,19.37 Lakh,16.5
Maruti Ertiga,Hyderabad,2015.0,59000.0,Diesel,Manual,First,20.77 kmpl,1248 CC,88.8 bhp,White,7.0,5.0,,7.5
Mercedes-Benz S-Class,Kochi,2004.0,119859.0,Petrol,Automatic,First,13.0 kmpl,2987 CC,210 bhp,White,5.0,4.0,,7.1
Renault Duster,Kochi,2013.0,63295.0,Diesel,Manual,First,19.01 kmpl,1461 CC,108.45 bhp,Others,5.0,4.0,,6.09
Mercedes-Benz E-Class,Kochi,2009.0,80464.0,Diesel,Automatic,Second,11.0 kmpl,2987 CC,198.5 bhp,Others,5.0,4.0,,9.29
Hyundai Grand,Delhi,2014.0,65000.0,Diesel,Manual,First,24.0 kmpl,1120 CC,70 bhp,White,5.0,4.0,,3.99
Mercedes-Benz E-Class,Pune,2009.0,100000.0,Diesel,Automatic,First,11.0 kmpl,2987 CC,198.5 bhp,Others,5.0,4.0,,11.5
BMW 7,Pune,2008.0,66000.0,Petrol,Automatic,Second,8.45 kmpl,2979 CC,321 bhp,White,5.0,4.0,,10.75
Maruti Swift,Hyderabad,2014.0,89000.0,Diesel,Manual,First,25.2 kmpl,1248 CC,74 bhp,Black/Silver,5.0,4.0,,5.85
Ford Ikon,Chennai,2007.0,90000.0,Petrol,Manual,Second,13.8 kmpl,1299 CC,70 bhp,Others,5.0,4.0,,1.4
Skoda Octavia,Delhi,2016.0,49000.0,Diesel,Automatic,First,19.3 kmpl,1968 CC,141 bhp,Others,5.0,4.0,,15.45
Ford Figo,Coimbatore,2017.0,25095.0,Petrol,Manual,First,18.16 kmpl,1196 CC,86.8 bhp,Black/Silver,5.0,4.0,,6.48
Hyundai i10,Jaipur,2010.0,52000.0,Petrol,Manual,Second,19.81 kmpl,1086 CC,68.05 bhp,Others,5.0,4.0,,2.25
Volkswagen Polo,Ahmedabad,2014.0,44000.0,Petrol,Manual,First,16.47 kmpl,1198 CC,74 bhp,Black/Silver,5.0,4.0,,4.3
Tata Indica,Chennai,2011.0,120000.0,Diesel,Manual,First,18.0 kmpl,1248 CC,75 bhp,Black/Silver,5.0,4.0,,1.75
Honda Jazz,Hyderabad,2016.0,31700.0,Petrol,Manual,First,18.7 kmpl,1199 CC,88.7 bhp,Others,5.0,4.0,,6.45
Maruti Ertiga,Ahmedabad,2018.0,38000.0,Diesel,Manual,First,24.52 kmpl,1248 CC,88.5 bhp,White,7.0,5.0,,8.7
Maruti Wagon,Mumbai,2015.0,55000.0,Petrol,Manual,First,21.5 kmpl,1197 CC,81.80 bhp,Black/Silver,5.0,4.0,5.88 Lakh,3.1
Hyundai Verna,Kolkata,2013.0,47000.0,Diesel,Manual,First,22.32 kmpl,1582 CC,126.32 bhp,White,5.0,4.0,,4.35
Hyundai i10,Hyderabad,2011.0,54348.0,Petrol,Automatic,First,19.2 kmpl,1197 CC,80 bhp,Others,5.0,4.0,,4.0
Nissan Sunny,Delhi,2012.0,52000.0,Diesel,Manual,First,21.64 kmpl,1461 CC,84.8 bhp,Black/Silver,5.0,4.0,,3.5
Hyundai i10,Kolkata,2010.0,27089.0,Petrol,Manual,First,16.0 kmpl,1086 CC,66.7 bhp,Black/Silver,5.0,4.0,,1.95
Hyundai Elite,Jaipur,2016.0,30292.0,Petrol,Manual,First,18.6 kmpl,1197 CC,81.86 bhp,Black/Silver,5.0,4.0,,6.1
Chevrolet Beat,Hyderabad,2012.0,72921.0,Diesel,Manual,First,25.44 kmpl,936 CC,57.6 bhp,White,5.0,4.0,,2.5
Volkswagen Jetta,Mumbai,2014.0,61000.0,Diesel,Automatic,Second,16.96 kmpl,1968 CC,138.03 bhp,White,5.0,4.0,,8.25
Toyota Corolla,Kochi,2013.0,74290.0,Diesel,Manual,First,21.43 kmpl,1364 CC,87.2 bhp,White,5.0,4.0,,5.87
Hyundai EON,Jaipur,2015.0,54680.0,Petrol,Manual,First,21.1 kmpl,814 CC,55.2 bhp,Others,5.0,4.0,,2.5
Mercedes-Benz A,Bangalore,2014.0,8000.0,Diesel,Automatic,Second,20.0 kmpl,2143 CC,107.3 bhp,Black/Silver,5.0,4.0,,19.75
Hyundai i20,Mumbai,2014.0,12400.0,Diesel,Manual,First,21.9 kmpl,1396 CC,88.8 bhp,Others,5.0,4.0,,4.65
Hyundai Grand,Coimbatore,2017.0,74515.0,Petrol,Manual,First,18.9 kmpl,1197 CC,82 bhp,Others,5.0,4.0,,5.64
Hyundai Verna,Hyderabad,2012.0,83678.0,Diesel,Manual,First,22.32 kmpl,1582 CC,126.32 bhp,Others,5.0,4.0,,5.5
Chevrolet Aveo,Jaipur,2006.0,100000.0,Petrol,Manual,First,14.49 kmpl,1399 CC,92.7 bhp,White,5.0,4.0,,1.4
Ford Mustang,Kochi,2018.0,21290.0,Petrol,Automatic,First,13.0 kmpl,4951 CC,395 bhp,Others,4.0,4.0,83.92 Lakh,56.8
Tata Indigo,Jaipur,2008.0,128813.0,Diesel,Manual,First,19.09 kmpl,1396 CC,69 bhp,White,5.0,4.0,,1.5
Ford Endeavour,Pune,2009.0,180000.0,Diesel,Manual,First,10.9 kmpl,2499 CC,143 bhp,Others,7.0,5.0,,7.5
Toyota Etios,Pune,2012.0,111000.0,Diesel,Manual,First,23.59 kmpl,1364 CC,67.1 bhp,White,5.0,4.0,,4.75
Hyundai Creta,Pune,2015.0,70000.0,Diesel,Manual,First,19.67 kmpl,1582 CC,126.2 bhp,White,5.0,4.0,,12.25
Maruti Ritz,Coimbatore,2011.0,50318.0,Petrol,Manual,First,18.5 kmpl,1197 CC,85.80 bhp,Black/Silver,5.0,4.0,,4.06
Volkswagen Polo,Kolkata,2013.0,38000.0,Petrol,Manual,First,16.47 kmpl,1198 CC,73.9 bhp,Black/Silver,5.0,4.0,,2.8
Toyota Fortuner,Chennai,2011.0,190000.0,Diesel,Manual,First,11.5 kmpl,2982 CC,171 bhp,Black/Silver,7.0,5.0,,13.0
Maruti S,Kolkata,2016.0,45000.0,Diesel,Manual,First,22.7 kmpl,1598 CC,118 bhp,Others,5.0,4.0,,7.0
Mahindra XUV500,Coimbatore,2015.0,42999.0,Diesel,Manual,First,15.1 kmpl,2179 CC,140 bhp,Black/Silver,7.0,5.0,,11.52
Hyundai Verna,Chennai,2015.0,85000.0,Diesel,Manual,First,23.9 kmpl,1582 CC,126.2 bhp,Black/Silver,5.0,4.0,,6.3
Hyundai Verna,Kolkata,2017.0,25000.0,Diesel,Manual,First,23.9 kmpl,1582 CC,126.2 bhp,Others,5.0,4.0,,8.65
Honda City,Delhi,2011.0,67031.0,Petrol,Manual,First,17.4 kmpl,1497 CC,117.3 bhp,Others,5.0,4.0,11.85 Lakh,4.0
Mahindra XUV500,Hyderabad,2015.0,102626.0,Diesel,Manual,First,16.0 kmpl,2179 CC,140 bhp,White,7.0,5.0,,12.25
Mercedes-Benz M-Class,Mumbai,2009.0,66000.0,Diesel,Automatic,Second,8.7 kmpl,2987 CC,224.34 bhp,White,5.0,4.0,,10.75
Ford Figo,Kolkata,2011.0,37000.0,Diesel,Manual,First,20.0 kmpl,1399 CC,68.05 bhp,Black/Silver,5.0,4.0,,1.8
Ford Ecosport,Delhi,2014.0,75136.0,Diesel,Manual,First,22.7 kmpl,1498 CC,89.84 bhp,Others,5.0,4.0,,6.15
Land Rover Freelander,Kochi,2014.0,59885.0,Diesel,Automatic,First,12.39 kmpl,2179 CC,147.51 bhp,Black/Silver,5.0,4.0,,20.11
Hyundai Xcent,Bangalore,2016.0,50000.0,Petrol,Manual,First,19.1 kmpl,1197 CC,82 bhp,White,5.0,4.0,,2.5
Volkswagen Vento,Chennai,2013.0,55000.0,Diesel,Manual,Second,20.54 kmpl,1598 CC,103.6 bhp,Others,5.0,4.0,,6.1
Maruti Baleno,Jaipur,2018.0,4131.0,Petrol,Automatic,First,21.4 kmpl,1197 CC,83.1 bhp,Black/Silver,5.0,4.0,,7.75
Hyundai i10,Kochi,2017.0,42883.0,Petrol,Manual,First,19.81 kmpl,1086 CC,68.05 bhp,Black/Silver,5.0,4.0,,4.27
Maruti Swift,Kolkata,2013.0,22000.0,Diesel,Manual,First,23.4 kmpl,1248 CC,74 bhp,White,5.0,4.0,,4.5
Tata Zest,Coimbatore,2018.0,38310.0,Diesel,Manual,First,20.65 kmpl,1248 CC,88.7 bhp,Others,5.0,4.0,10.06 Lakh,6.69
Honda City,Coimbatore,2016.0,60805.0,Diesel,Manual,First,26.0 kmpl,1498 CC,98.6 bhp,White,5.0,4.0,,8.07
Toyota Etios,Kolkata,2015.0,12000.0,Petrol,Manual,First,16.78 kmpl,1496 CC,88.73 bhp,White,5.0,4.0,,4.5
Tata Manza,Mumbai,2013.0,64000.0,Diesel,Manual,Second,21.02 kmpl,1248 CC,88.76 bhp,Others,5.0,4.0,,2.65
Volvo V40,Pune,2013.0,92000.0,Diesel,Automatic,First,23.3 kmpl,1984 CC,150 bhp,Black/Silver,5.0,4.0,,16.0
Hyundai i20,Pune,2012.0,83000.0,Diesel,Manual,First,23.0 kmpl,1396 CC,90 bhp,White,5.0,4.0,,5.5
BMW 5,Jaipur,2017.0,19543.0,Diesel,Automatic,First,18.12 kmpl,1995 CC,190 bhp,Black/Silver,5.0,4.0,,40.5
Volkswagen Polo,Delhi,2016.0,29754.0,Petrol,Manual,First,16.2 kmpl,1199 CC,74 bhp,White,5.0,4.0,,5.3
Hyundai Creta,Mumbai,2018.0,13000.0,Diesel,Manual,First,22.1 kmpl,1396 CC,88.7 bhp,White,5.0,4.0,11.81 Lakh,10.5
Mahindra XUV500,Mumbai,2015.0,82000.0,Diesel,Manual,First,16.0 kmpl,2179 CC,140 bhp,White,7.0,5.0,,8.75
Audi Q3,Bangalore,2015.0,76927.0,Diesel,Automatic,First,15.73 kmpl,1968 CC,174.33 bhp,Others,5.0,4.0,,22.75
Maruti Ritz,Kochi,2015.0,35314.0,Diesel,Manual,First,23.2 kmpl,1248 CC,73.94 bhp,Others,5.0,4.0,,4.27
Chevrolet Aveo,Coimbatore,2010.0,64236.0,Petrol,Manual,First,14.7 kmpl,1150 CC,76 bhp,White,5.0,4.0,,2.44
Jeep Compass,Mumbai,2017.0,52000.0,Diesel,Manual,First,16.3 kmpl,1956 CC,170 bhp,Others,5.0,4.0,24.26 Lakh,20.0
Hyundai i20,Kolkata,2013.0,25500.0,Diesel,Manual,First,21.9 kmpl,1396 CC,88.76 bhp,Black/Silver,5.0,4.0,,3.55
Hyundai i20,Coimbatore,2011.0,68439.0,Diesel,Manual,First,23.0 kmpl,1396 CC,90 bhp,Others,5.0,4.0,,3.37
Hyundai i10,Ahmedabad,2012.0,58000.0,Petrol,Automatic,First,16.95 kmpl,1197 CC,78.9 bhp,White,5.0,4.0,,3.5
Hyundai Santro,Kochi,2007.0,58815.0,Petrol,Manual,First,17.0 kmpl,1086 CC,null bhp,White,5.0,4.0,,1.99
Skoda Superb,Hyderabad,2009.0,53000.0,Petrol,,,0.0 kmpl,3597 CC,262.6 bhp,White,5.0,4.0,,4.75
Ford EcoSport,Kochi,2018.0,37160.0,Diesel,Manual,First,22.77 kmpl,1498 CC,98.59 bhp,Others,5.0,4.0,,9.46
Land Rover Freelander,Hyderabad,2011.0,68000.0,Diesel,Automatic,First,12.39 kmpl,2179 CC,147.51 bhp,White,5.0,4.0,,22.0
Hyundai Creta,Delhi,2015.0,27057.0,Petrol,Manual,Second,15.29 kmpl,1591 CC,121.3 bhp,White,5.0,4.0,,8.15
Mahindra Scorpio,Delhi,2012.0,76777.0,Diesel,Manual,Second,12.05 kmpl,2179 CC,120 bhp,Black/Silver,8.0,5.0,,4.88
Maruti Swift,Delhi,2013.0,70000.0,Diesel,Manual,First,22.9 kmpl,1248 CC,74 bhp,Black/Silver,5.0,4.0,,3.5
Mercedes-Benz E-Class,Coimbatore,2016.0,41082.0,Diesel,Automatic,First,13.0 kmpl,2143 CC,204 bhp,Black/Silver,5.0,4.0,,38.76
Toyota Corolla,Chennai,2007.0,89000.0,Petrol,Manual,First,13.4 kmpl,1794 CC,125 bhp,Others,5.0,4.0,,3.0
Renault KWID,Delhi,2017.0,15000.0,Petrol,Manual,First,21.7 kmpl,999 CC,67 bhp,Black/Silver,5.0,4.0,4.98 Lakh,4.25
Maruti Swift,Mumbai,2011.0,14000.0,Petrol,Manual,Second,17.5 kmpl,1197 CC,85.8 bhp,White,5.0,4.0,,3.2
Honda City,Jaipur,2011.0,55000.0,Petrol,Manual,First,17.0 kmpl,1497 CC,118 bhp,White,5.0,4.0,,4.21
Maruti Swift,Kochi,2017.0,37124.0,Petrol,Manual,First,20.4 kmpl,1197 CC,81.80 bhp,Others,5.0,4.0,,5.44
Volkswagen Polo,Kolkata,2016.0,29000.0,Diesel,Manual,First,20.14 kmpl,1498 CC,88.8 bhp,Others,5.0,4.0,,4.0
Honda City,Jaipur,2010.0,48689.0,Petrol,Manual,First,17.4 kmpl,1497 CC,117.3 bhp,Black/Silver,5.0,4.0,,3.87
Honda Jazz,Hyderabad,2016.0,45671.0,Diesel,Manual,First,27.3 kmpl,1498 CC,98.6 bhp,White,5.0,4.0,,7.2
Maruti Swift,Kochi,2018.0,52010.0,Diesel,Manual,First,25.2 kmpl,1248 CC,74 bhp,White,5.0,4.0,,6.2
Ford Ecosport,Kochi,2014.0,43316.0,Petrol,Manual,First,18.88 kmpl,999 CC,123.37 bhp,Others,5.0,4.0,,6.22
Volkswagen Polo,Jaipur,2011.0,46000.0,Petrol,Manual,First,16.47 kmpl,1198 CC,73.9 bhp,White,5.0,4.0,,3.05
Maruti Baleno,Hyderabad,2017.0,20000.0,Diesel,Manual,First,27.39 kmpl,1248 CC,74 bhp,Others,5.0,4.0,,8.5
Tata Indigo,Chennai,2008.0,73000.0,Petrol,Manual,First,14.4 kmpl,1396 CC,65 bhp,Others,5.0,4.0,,0.8
Maruti Celerio,Bangalore,2015.0,48808.0,Petrol,Manual,First,23.1 kmpl,998 CC,67.04 bhp,Others,5.0,4.0,6.05 Lakh,4.3
Honda City,Delhi,2015.0,33000.0,Diesel,Manual,First,26.0 kmpl,1498 CC,98.6 bhp,White,5.0,4.0,,7.0
Tata Indigo,Jaipur,2012.0,30000.0,Petrol,Manual,Second,15.64 kmpl,1193 CC,64.08 bhp,Others,5.0,4.0,,2.3
Mercedes-Benz New,Pune,2007.0,220000.0,Petrol,Automatic,Second,11.74 kmpl,1796 CC,186 bhp,Black/Silver,5.0,4.0,,6.0
Honda Amaze,Bangalore,2013.0,61510.0,Diesel,Manual,First,25.8 kmpl,1498 CC,98.6 bhp,Black/Silver,5.0,4.0,,4.75
Skoda Rapid,Mumbai,2017.0,32000.0,Petrol,Automatic,First,14.84 kmpl,1598 CC,103.52 bhp,Black/Silver,5.0,4.0,13.7 Lakh,8.11
Toyota Innova,Kochi,2015.0,59751.0,Diesel,Manual,First,12.99 kmpl,2494 CC,100.6 bhp,White,7.0,4.0,,11.62
Honda City,Kochi,2019.0,5377.0,Petrol,Manual,First,16.8 kmpl,1497 CC,116.3 bhp,Others,5.0,4.0,,11.45
Maruti Swift,Jaipur,2012.0,73000.0,Diesel,Manual,First,23.4 kmpl,1248 CC,74 bhp,White,5.0,4.0,,4.35
Mercedes-Benz New,Jaipur,2016.0,58205.0,Diesel,Automatic,First,19.27 kmpl,2143 CC,167.62 bhp,White,5.0,4.0,,27.0
Tata Xenon,Jaipur,2017.0,1000.0,Diesel,Manual,First,13.49 kmpl,2179 CC,138.03 bhp,Black/Silver,5.0,4.0,,7.5
Honda City,Coimbatore,2017.0,65792.0,Diesel,Manual,First,26.0 kmpl,1498 CC,98.6 bhp,Black/Silver,5.0,4.0,,8.11
Maruti Wagon,Kochi,2011.0,36411.0,Petrol,Manual,First,18.9 kmpl,998 CC,67.1 bhp,Black/Silver,5.0,4.0,,3.08
Skoda Laura,Chennai,2012.0,77216.0,Diesel,Manual,Second,17.5 kmpl,1896 CC,106 bhp,White,5.0,4.0,,4.5
Maruti Swift,Kolkata,2015.0,107000.0,Petrol,Manual,First,20.85 kmpl,1197 CC,83.14 bhp,Others,5.0,4.0,,4.0
Mercedes-Benz New,Hyderabad,2013.0,21000.0,Diesel,Automatic,First,14.84 kmpl,2143 CC,170 bhp,White,5.0,4.0,,23.5
Honda CR-V,Chennai,2007.0,98000.0,Petrol,Manual,Second,10.8 kmpl,2354 CC,152 bhp,Black/Silver,5.0,4.0,,4.7
Maruti Wagon,Delhi,2016.0,30000.0,Petrol,Automatic,First,22.5 kmpl,998 CC,67 bhp,Others,5.0,4.0,5.68 Lakh,4.25
Toyota Etios,Kochi,2013.0,56344.0,Petrol,Manual,First,17.6 kmpl,1496 CC,88.73 bhp,Others,5.0,4.0,,4.57
Toyota Corolla,Mumbai,2016.0,52001.0,Petrol,Automatic,First,14.28 kmpl,1798 CC,138.03 bhp,White,5.0,4.0,,10.11
Maruti Swift,Jaipur,2008.0,78000.0,Diesel,Manual,Second,19.3 kmpl,1248 CC,73.9 bhp,Others,5.0,4.0,,2.3
Hyundai Grand,Coimbatore,2014.0,33496.0,Petrol,Manual,First,18.9 kmpl,1197 CC,81.86 bhp,Others,5.0,4.0,7.45 Lakh,5.5
BMW 3,Pune,2016.0,70000.0,Diesel,Automatic,Second,21.76 kmpl,1995 CC,190 bhp,White,5.0,4.0,62.11 Lakh,27.0
Toyota Innova,Mumbai,2013.0,51450.0,Diesel,Manual,First,12.8 kmpl,2494 CC,102 bhp,Black/Silver,7.0,4.0,,10.4
Nissan Sunny,Chennai,2016.0,90000.0,Petrol,Manual,First,16.95 kmpl,1498 CC,97.6 bhp,Black/Silver,5.0,4.0,,6.2
Skoda Rapid,Kochi,2018.0,21488.0,Petrol,Automatic,First,14.3 kmpl,1598 CC,103.52 bhp,White,5.0,4.0,,9.72
Mercedes-Benz M-Class,Mumbai,2011.0,100000.0,Diesel,Automatic,First,14.0 kmpl,2987 CC,224 bhp,Others,5.0,4.0,,14.41
Skoda Superb,Delhi,2012.0,56400.0,Diesel,Automatic,First,17.2 kmpl,1968 CC,138.1 bhp,Others,5.0,4.0,,8.0
Nissan Micra,Kolkata,2011.0,44000.0,Petrol,Automatic,First,19.15 kmpl,1198 CC,75.94 bhp,Black/Silver,5.0,4.0,8.73 Lakh,2.65
Mitsubishi Pajero,Jaipur,2014.0,70000.0,Diesel,Manual,Second,13.5 kmpl,2477 CC,175.56 bhp,Others,7.0,5.0,33.21 Lakh,11.85
Maruti Omni,Jaipur,2012.0,126000.0,Petrol,Manual,First,16.8 kmpl,796 CC,34.2 bhp,White,5.0,4.0,,1.6
Maruti Swift,Pune,2010.0,105000.0,Diesel,Manual,First,19.3 kmpl,1248 CC,73.9 bhp,Others,5.0,4.0,,3.15
Honda City,Mumbai,2009.0,70000.0,Petrol,Manual,First,17.0 kmpl,1497 CC,118 bhp,Black/Silver,5.0,4.0,,2.1
Honda City,Kochi,2017.0,39430.0,Petrol,Automatic,First,18.0 kmpl,1497 CC,117.3 bhp,Black/Silver,5.0,4.0,,8.29
Mahindra XUV500,Kochi,2013.0,61672.0,Diesel,Manual,First,16.0 kmpl,2179 CC,140 bhp,Black/Silver,7.0,5.0,,7.53
Honda City,Kochi,2018.0,11732.0,Petrol,Manual,First,17.4 kmpl,1497 CC,117.3 bhp,Black/Silver,5.0,4.0,11.88 Lakh,10.07
Toyota Fortuner,Coimbatore,2012.0,91235.0,Diesel,Manual,First,11.5 kmpl,2982 CC,171 bhp,White,7.0,5.0,,13.49
Maruti Eeco,Ahmedabad,2015.0,47001.0,CNG,Manual,First,20.0 km/kg,1196 CC,63 bhp,White,5.0,4.0,5.36 Lakh,3.72
Hyundai i20,Mumbai,2017.0,18673.0,Petrol,Manual,First,18.6 kmpl,1197 CC,81.83 bhp,Others,5.0,4.0,,6.22
Mercedes-Benz M-Class,Coimbatore,2012.0,63888.0,Diesel,Automatic,First,14.0 kmpl,2987 CC,224 bhp,Black/Silver,5.0,4.0,,22.58
Audi A4,Jaipur,2011.0,105000.0,Diesel,Automatic,Second,16.55 kmpl,1968 CC,140 bhp,White,5.0,4.0,,14.5
Hyundai i20,Pune,2012.0,75000.0,Diesel,Manual,First,23.0 kmpl,1396 CC,90 bhp,Black/Silver,5.0,4.0,,4.0
Audi A7,Kolkata,2012.0,24720.0,Diesel,Automatic,Second,0.0 kmpl,2967 CC,241.4 bhp,Others,5.0,4.0,,28.0
Mahindra XUV500,Ahmedabad,2015.0,72007.0,Diesel,Manual,First,15.1 kmpl,2179 CC,140 bhp,Black/Silver,7.0,5.0,,9.9
Hyundai Grand,Kochi,2018.0,43698.0,Petrol,Manual,First,18.9 kmpl,1197 CC,82 bhp,Black/Silver,5.0,4.0,,5.8
Audi A4,Delhi,2012.0,60000.0,Diesel,Automatic,Second,15.2 kmpl,1968 CC,140.8 bhp,Others,5.0,4.0,,10.2
Honda Accord,Mumbai,2008.0,95000.0,Petrol,Automatic,Third,11.7 kmpl,2354 CC,177.6 bhp,White,5.0,4.0,,2.85
Land Rover Discovery,Delhi,2016.0,59000.0,Diesel,Automatic,First,18.0 kmpl,2993 CC,255 bhp,Others,7.0,5.0,1.13 Cr,36.75
Nissan Micra,Chennai,2013.0,30000.0,Petrol,Manual,First,18.44 kmpl,1198 CC,75 bhp,Black/Silver,5.0,4.0,,3.25
Mahindra XUV500,Chennai,2016.0,89000.0,Diesel,Manual,First,16.0 kmpl,2179 CC,140 bhp,Others,7.0,5.0,,13.5
Ford Fiesta,Hyderabad,2007.0,145277.0,Petrol,Manual,First,15.3 kmpl,1596 CC,101 bhp,White,5.0,4.0,,1.65
Tata Indica,Chennai,2012.0,65932.0,Diesel,,Second,22.3 kmpl,1248 CC,74 bhp,White,5.0,4.0,,1.95
Toyota Innova,Hyderabad,2017.0,52000.0,Diesel,Manual,First,13.68 kmpl,2393 CC,147.8 bhp,Others,8.0,5.0,19.43 Lakh,17.5
Renault KWID,Kochi,2019.0,7858.0,Petrol,Manual,First,25.17 kmpl,799 CC,53.3 bhp,Black/Silver,5.0,4.0,4.04 Lakh,3.8
Volkswagen Polo,Delhi,2015.0,60007.0,Petrol,Automatic,First,17.21 kmpl,1798 CC,189 bhp,White,4.0,4.0,,4.5
Renault Duster,Pune,2012.0,135000.0,Diesel,Manual,First,19.01 kmpl,1461 CC,108.45 bhp,Others,5.0,4.0,,5.4
Honda City,Delhi,2009.0,52000.0,Petrol,Manual,First,17.8 kmpl,1497 CC,117.3 bhp,White,5.0,4.0,,3.25
Hyundai i10,Delhi,2011.0,62000.0,Petrol,Manual,First,19.81 kmpl,1086 CC,68.05 bhp,Black/Silver,5.0,4.0,,2.1
Jaguar XF,Delhi,2012.0,16000.0,Diesel,Automatic,First,16.36 kmpl,2179 CC,187.7 bhp,Others,5.0,4.0,,32.0
Tata Indigo,Pune,2006.0,160000.0,Diesel,Manual,First,17.0 kmpl,1405 CC,70 bhp,Others,5.0,4.0,,1.0
Mercedes-Benz M-Class,Mumbai,2009.0,102002.0,Diesel,,,8.7 kmpl,2987 CC,224.34 bhp,Others,5.0,4.0,,10.75
Maruti Alto,Hyderabad,2011.0,78000.0,Petrol,Manual,Second,20.92 kmpl,998 CC,67.1 bhp,Others,5.0,4.0,,2.3
Maruti Ciaz,Mumbai,2015.0,48823.0,Petrol,Manual,First,20.73 kmpl,1373 CC,91.1 bhp,White,5.0,4.0,,6.35
Mercedes-Benz New,Mumbai,2010.0,39000.0,Diesel,Automatic,First,14.84 kmpl,2143 CC,170 bhp,White,5.0,4.0,,9.5
Toyota Fortuner,Delhi,2011.0,75000.0,Diesel,Manual,First,11.5 kmpl,2982 CC,171 bhp,Others,7.0,5.0,,10.85
Toyota Etios,Kolkata,2012.0,60000.0,Diesel,Manual,First,23.59 kmpl,1364 CC,null bhp,White,5.0,4.0,,2.95
Hyundai i20,Coimbatore,2018.0,15985.0,Petrol,Manual,First,18.6 kmpl,1197 CC,81.83 bhp,White,5.0,4.0,,7.77
Volkswagen Vento,Chennai,2011.0,173000.0,Diesel,Manual,First,20.54 kmpl,1598 CC,103.6 bhp,Others,5.0,4.0,,4.0
Maruti Swift,Jaipur,2015.0,64424.0,Diesel,Manual,First,25.2 kmpl,1248 CC,74 bhp,Others,5.0,4.0,,5.6
Maruti Esteem,Ahmedabad,2005.0,81000.0,Petrol,Manual,Second,15.9 kmpl,1298 CC,85 bhp,Black/Silver,5.0,4.0,,0.75
Hyundai i20,Coimbatore,2016.0,44487.0,Diesel,Manual,First,22.54 kmpl,1396 CC,88.73 bhp,White,5.0,4.0,,7.3
Volkswagen Polo,Jaipur,2015.0,66000.0,Diesel,Manual,First,20.14 kmpl,1498 CC,88 bhp,Others,5.0,4.0,9.56 Lakh,4.91
Maruti Alto,Chennai,2008.0,68000.0,Petrol,Manual,Third,19.7 kmpl,796 CC,46.3 bhp,Others,5.0,4.0,,1.2
Ford Endeavour,Coimbatore,2017.0,59636.0,Diesel,Automatic,First,10.91 kmpl,3198 CC,197 bhp,White,7.0,5.0,,29.2
Hyundai Creta,Pune,2015.0,41000.0,Diesel,,First,19.67 kmpl,1582 CC,126.2 bhp,White,5.0,4.0,,12.5
Maruti Wagon,Kolkata,2014.0,37000.0,Petrol,Manual,First,21.5 kmpl,1197 CC,81.80 bhp,Black/Silver,5.0,4.0,5.56 Lakh,2.8
Mercedes-Benz New,Chennai,2011.0,90000.0,Diesel,Automatic,First,14.84 kmpl,2143 CC,167.62 bhp,White,5.0,4.0,,13.9
Mercedes-Benz M-Class,Bangalore,2014.0,33000.0,Diesel,Automatic,Second,0.0 kmpl,2987 CC,165 bhp,Black/Silver,5.0,4.0,,43.0
Land Rover Range,Bangalore,2014.0,56000.0,Diesel,Automatic,First,12.7 kmpl,2179 CC,187.7 bhp,White,5.0,4.0,,34.5
Maruti Wagon,Jaipur,2013.0,62700.0,Petrol,Manual,Second,20.51 kmpl,998 CC,67.04 bhp,Others,5.0,4.0,,2.85
Skoda Superb,Pune,2010.0,35102.0,Petrol,Automatic,First,12.6 kmpl,1798 CC,161.6 bhp,Black/Silver,5.0,4.0,,5.5
Maruti Baleno,Delhi,2016.0,21000.0,Petrol,Manual,First,21.4 kmpl,1197 CC,83.1 bhp,White,5.0,4.0,,6.21
Jaguar XF,Pune,2014.0,55001.0,Diesel,Automatic,First,16.36 kmpl,2179 CC,187.7 bhp,Black/Silver,5.0,4.0,,31.0
Maruti Wagon,Hyderabad,2012.0,52618.0,Petrol,Manual,First,18.9 kmpl,998 CC,67.1 bhp,Black/Silver,5.0,4.0,,3.2
Hyundai Verna,Ahmedabad,2013.0,75000.0,Diesel,Manual,First,16.8 kmpl,1493 CC,110 bhp,White,5.0,4.0,,6.0
Renault KWID,Kochi,2018.0,18335.0,Petrol,Manual,First,21.7 kmpl,999 CC,67 bhp,Others,5.0,4.0,4.61 Lakh,4.5
Nissan Sunny,Chennai,2013.0,107000.0,Petrol,Manual,Second,16.95 kmpl,1498 CC,97.7 bhp,Others,5.0,4.0,,2.9
Honda City,Kochi,2012.0,63998.0,Petrol,Automatic,First,17.0 kmpl,1497 CC,118 bhp,White,5.0,4.0,,5.42
Mercedes-Benz New,Coimbatore,2018.0,27467.0,Diesel,Automatic,First,19.27 kmpl,2143 CC,167.62 bhp,White,5.0,4.0,,39.05
Mahindra XUV500,Coimbatore,2015.0,65100.0,Diesel,Manual,First,15.1 kmpl,2179 CC,140 bhp,Others,7.0,5.0,,8.36
Maruti Vitara,Coimbatore,2017.0,21789.0,Diesel,Manual,First,24.3 kmpl,1248 CC,88.5 bhp,Others,5.0,4.0,11 Lakh,9.88
Renault Scala,Kolkata,2013.0,40000.0,Diesel,Manual,First,21.64 kmpl,1461 CC,84.8 bhp,White,5.0,4.0,,4.0
Tata Indigo,Chennai,2015.0,75000.0,CNG,Manual,First,24.6 km/kg,1193 CC,55.23 bhp,Black/Silver,5.0,4.0,,3.25
Maruti Alto,Kolkata,2009.0,68078.0,Petrol,Manual,First,19.7 kmpl,796 CC,46.3 bhp,Others,5.0,4.0,,1.02
Mahindra XUV500,Mumbai,2016.0,41000.0,Diesel,Automatic,First,16.0 kmpl,2179 CC,140 bhp,White,7.0,5.0,,13.75
Maruti Dzire,Chennai,2017.0,19000.0,Diesel,Automatic,First,28.4 kmpl,1248 CC,73.75 bhp,Black/Silver,5.0,4.0,10.97 Lakh,8.9
Hyundai Grand,Pune,2010.0,45252.0,Petrol,Manual,First,18.9 kmpl,1197 CC,81.86 bhp,Others,5.0,4.0,6.8 Lakh,2.25
Maruti Ritz,Pune,2013.0,77000.0,Diesel,Manual,First,23.2 kmpl,1248 CC,73.94 bhp,Others,5.0,4.0,,3.65
Hyundai Xcent,Pune,2017.0,73000.0,Diesel,Manual,First,24.4 kmpl,1120 CC,71 bhp,Black/Silver,5.0,4.0,,4.5
Toyota Etios,Kolkata,2014.0,45000.0,Diesel,Manual,First,23.59 kmpl,1364 CC,67.05 bhp,Black/Silver,5.0,4.0,,3.25
Toyota Etios,Delhi,2013.0,84000.0,Diesel,Manual,First,23.59 kmpl,1364 CC,67.04 bhp,Black/Silver,5.0,4.0,7.83 Lakh,3.85
Hyundai Verna,Jaipur,2008.0,170000.0,Diesel,Manual,Second,16.8 kmpl,1493 CC,110 bhp,Others,5.0,4.0,,1.5
Hyundai Elite,Kolkata,2018.0,6820.0,Diesel,Manual,First,22.54 kmpl,1396 CC,88.76 bhp,Others,5.0,4.0,,7.65
Volkswagen Polo,Kolkata,2012.0,35175.0,Diesel,Manual,First,22.07 kmpl,1199 CC,73.9 bhp,White,5.0,4.0,,2.59
Hyundai Elantra,Mumbai,2013.0,51000.0,Diesel,Automatic,First,19.5 kmpl,1582 CC,126.24 bhp,Others,5.0,4.0,,8.75
Honda Mobilio,Kochi,2016.0,67376.0,Diesel,Manual,First,24.5 kmpl,1498 CC,98.6 bhp,White,7.0,5.0,,6.5
Maruti Swift,Hyderabad,2018.0,31025.0,Diesel,Manual,First,28.4 kmpl,1248 CC,74 bhp,White,5.0,4.0,,7.15
Maruti Ritz,Pune,2014.0,25000.0,Petrol,Manual,Second,18.5 kmpl,1197 CC,85.80 bhp,Others,5.0,4.0,,3.5
Volkswagen Polo,Pune,2017.0,54000.0,Petrol,Manual,Second,16.2 kmpl,1199 CC,74 bhp,Black/Silver,5.0,4.0,,6.0
Maruti Swift,Coimbatore,2016.0,70478.0,Diesel,Manual,First,17.8 kmpl,1248 CC,null bhp,Black/Silver,5.0,4.0,,6.86
Mahindra XUV500,Kochi,2014.0,49663.0,Diesel,Manual,First,15.1 kmpl,2179 CC,140 bhp,Black/Silver,7.0,5.0,,8.42
Honda City,Chennai,2011.0,93982.0,Petrol,Manual,First,17.0 kmpl,1497 CC,118 bhp,Black/Silver,5.0,4.0,,3.75
Volkswagen Polo,Delhi,2016.0,27000.0,Petrol,Manual,First,18.78 kmpl,999 CC,74 bhp,Black/Silver,5.0,4.0,,4.5
Hyundai Santro,Kolkata,2010.0,35008.0,Petrol,Manual,First,17.92 kmpl,1086 CC,62.1 bhp,Others,5.0,4.0,,1.36
Ford Figo,Hyderabad,2012.0,70337.0,Diesel,Manual,First,20.0 kmpl,1399 CC,68 bhp,Others,5.0,4.0,,2.8
Honda Mobilio,Chennai,2015.0,65000.0,Diesel,Manual,First,24.2 kmpl,1498 CC,98.6 bhp,Others,7.0,5.0,,5.5
Hyundai i20,Chennai,2012.0,50000.0,Petrol,Manual,First,17.0 kmpl,1197 CC,80 bhp,White,5.0,4.0,,4.0
BMW 6,Delhi,2013.0,21000.0,Diesel,Automatic,Second,17.54 kmpl,2993 CC,313 bhp,Black/Silver,4.0,4.0,,44.0
Honda City,Mumbai,2014.0,57000.0,Petrol,Manual,First,17.0 kmpl,1497 CC,118 bhp,White,5.0,4.0,,5.48
Maruti Zen,Mumbai,2009.0,47000.0,Petrol,Manual,First,19.0 kmpl,998 CC,67.1 bhp,Black/Silver,5.0,4.0,,1.46
Tata Sumo,Bangalore,2014.0,66000.0,Diesel,Manual,First,15.3 kmpl,2956 CC,83.8 bhp,Others,7.0,5.0,,4.45
Volkswagen Vento,Pune,2011.0,42000.0,Petrol,Automatic,Third,14.4 kmpl,1598 CC,103.6 bhp,Others,5.0,4.0,,3.4
Volkswagen Vento,Pune,2012.0,61000.0,Petrol,Automatic,Second,14.4 kmpl,1598 CC,103.6 bhp,White,5.0,4.0,,3.75
Maruti Swift,Hyderabad,2014.0,123900.0,Diesel,Manual,First,19.3 kmpl,1248 CC,73.9 bhp,Others,5.0,4.0,,5.4
Maruti Swift,Chennai,2014.0,35000.0,Diesel,Manual,First,22.9 kmpl,1248 CC,74 bhp,Others,5.0,4.0,,5.25
Force One,Kolkata,2014.0,41000.0,Diesel,Manual,First,17.0 kmpl,2200 CC,139.01 bhp,White,7.0,5.0,,8.0
Honda Amaze,Delhi,2013.0,89429.0,Diesel,Manual,First,25.8 kmpl,1498 CC,98.6 bhp,Black/Silver,5.0,4.0,,3.65
Toyota Innova,Bangalore,2012.0,70704.0,Petrol,Manual,First,11.25 kmpl,2694 CC,163.7 bhp,White,7.0,4.0,18.64 Lakh,10.95
Maruti Ertiga,Hyderabad,2012.0,82085.0,Diesel,Manual,First,20.77 kmpl,1248 CC,88.76 bhp,Black/Silver,7.0,5.0,,6.5
Volkswagen Polo,Jaipur,2014.0,82621.0,Diesel,Manual,First,20.14 kmpl,1498 CC,88.8 bhp,White,5.0,4.0,,4.42
Hyundai Verna,Kochi,2017.0,19387.0,Petrol,Manual,First,17.1 kmpl,1591 CC,121.3 bhp,Others,5.0,4.0,,8.42
Skoda Rapid,Ahmedabad,2015.0,60001.0,Diesel,Automatic,First,21.66 kmpl,1498 CC,103.52 bhp,Others,5.0,4.0,,7.25
Maruti Swift,Pune,2008.0,64000.0,Petrol,Manual,Second,17.5 kmpl,1298 CC,85.8 bhp,White,5.0,4.0,,2.85
Honda Amaze,Bangalore,2013.0,44000.0,Petrol,Manual,Second,18.0 kmpl,1198 CC,86.7 bhp,Others,5.0,4.0,,4.35
Tata Indica,Hyderabad,2014.0,67000.0,Diesel,Manual,First,22.3 kmpl,1248 CC,74 bhp,Black/Silver,5.0,4.0,,2.5
Honda City,Hyderabad,2011.0,66276.0,Petrol,Manual,First,17.0 kmpl,1497 CC,118 bhp,Others,5.0,4.0,,5.5
Tata Indica,Hyderabad,2012.0,137800.0,Diesel,Manual,First,22.3 kmpl,1248 CC,74 bhp,Black/Silver,5.0,4.0,,2.2
Maruti Eeco,Coimbatore,2013.0,54885.0,Petrol,Manual,First,15.1 kmpl,1196 CC,73 bhp,Others,7.0,5.0,4.98 Lakh,3.75
Maruti Swift,Mumbai,2012.0,83000.0,Petrol,Manual,First,17.5 kmpl,1197 CC,85.8 bhp,Others,5.0,4.0,,3.25
Hyundai Verna,Coimbatore,2016.0,37882.0,Diesel,Manual,First,22.32 kmpl,1582 CC,126.3 bhp,Black/Silver,5.0,4.0,,9.19
Maruti Wagon,Kolkata,2012.0,40000.0,Petrol,Manual,First,18.9 kmpl,998 CC,67.1 bhp,White,5.0,4.0,,2.35
Mini Cooper,Delhi,2012.0,18000.0,Petrol,Automatic,First,13.6 kmpl,1598 CC,181 bhp,Black/Silver,4.0,4.0,,22.0
Volkswagen Vento,Mumbai,2011.0,45000.0,Petrol,Automatic,First,14.4 kmpl,1598 CC,103.6 bhp,White,5.0,4.0,,3.35
Audi Q3,Jaipur,2014.0,65000.0,Diesel,Automatic,Second,15.73 kmpl,1968 CC,174.33 bhp,White,5.0,4.0,,21.5
Mahindra XUV500,Kochi,2013.0,61591.0,Diesel,Manual,First,16.0 kmpl,2179 CC,140 bhp,Others,7.0,5.0,,6.82
Honda City,Ahmedabad,2014.0,49000.0,Petrol,Manual,First,17.4 kmpl,1497 CC,117.3 bhp,White,5.0,4.0,,6.9
Ford Endeavour,Hyderabad,2016.0,68000.0,Diesel,Automatic,First,10.91 kmpl,3198 CC,197 bhp,Black/Silver,7.0,5.0,,29.5
Hyundai Xcent,Mumbai,2014.0,7400.0,Petrol,Manual,First,19.1 kmpl,1197 CC,82 bhp,White,5.0,4.0,,4.35
Maruti Alto,Kochi,2016.0,34267.0,Petrol,Manual,First,22.74 kmpl,796 CC,47.3 bhp,Others,5.0,4.0,,3.74
Tata Tiago,Chennai,2016.0,5400.0,Petrol,Manual,First,23.84 kmpl,1199 CC,84 bhp,Black/Silver,5.0,4.0,5.45 Lakh,3.98
Maruti Swift,Mumbai,2009.0,60000.0,Petrol,Manual,First,17.5 kmpl,1298 CC,85.8 bhp,Others,5.0,4.0,,2.45
Tata Nano,Pune,2013.0,4700.0,Petrol,Manual,First,25.4 kmpl,624 CC,37.48 bhp,White,4.0,4.0,,1.2
Mahindra XUV500,Mumbai,2015.0,55729.0,Diesel,Manual,First,15.1 kmpl,2179 CC,140 bhp,White,7.0,5.0,,9.65
Ford Endeavour,Mumbai,2007.0,116000.0,Diesel,Manual,Third,10.9 kmpl,2499 CC,null bhp,Others,7.0,5.0,,3.75
Hyundai EON,Ahmedabad,2015.0,20000.0,Petrol,Manual,First,21.1 kmpl,814 CC,55.2 bhp,White,5.0,4.0,,2.66
Maruti Wagon,Kolkata,,32000.0,Petrol,Manual,First,22.5 kmpl,998 CC,67.04 bhp,White,5.0,4.0,5.29 Lakh,2.65
Mini Cooper,Coimbatore,2014.0,45535.0,Diesel,Automatic,First,23.8 kmpl,1998 CC,112 bhp,Others,5.0,4.0,,19.41
Ford EcoSport,Bangalore,2015.0,47037.0,Diesel,Manual,Second,22.77 kmpl,1498 CC,98.59 bhp,Others,5.0,4.0,,7.0
BMW X5,Hyderabad,2015.0,69000.0,Diesel,Automatic,First,15.97 kmpl,2993 CC,258 bhp,Others,5.0,4.0,,54.0
Maruti Dzire,Hyderabad,2011.0,110000.0,Diesel,Manual,First,28.4 kmpl,1248 CC,73.75 bhp,Others,5.0,4.0,9.14 Lakh,4.0
Hyundai Grand,Kolkata,2013.0,29000.0,Petrol,Manual,First,18.9 kmpl,1197 CC,82 bhp,White,5.0,4.0,,3.2
Tata Indica,Chennai,2012.0,120000.0,Diesel,Manual,Second,22.3 kmpl,1248 CC,74 bhp,Black/Silver,5.0,4.0,,2.6
Honda City,Kolkata,2011.0,45501.0,Petrol,Manual,First,17.0 kmpl,1497 CC,118 bhp,Others,5.0,4.0,,3.1
Fiat Linea,Kolkata,2010.0,39852.0,Petrol,Manual,First,16.0 kmpl,1368 CC,90 bhp,Black/Silver,5.0,4.0,,1.59
Toyota Corolla,Coimbatore,2014.0,69918.0,Diesel,Manual,First,21.43 kmpl,1364 CC,87.2 bhp,Others,5.0,4.0,,9.43
Maruti Ciaz,Kochi,2018.0,39023.0,Diesel,Manual,First,28.09 kmpl,1248 CC,88.5 bhp,Others,5.0,4.0,,9.48
Tata Zest,Hyderabad,2016.0,125000.0,Diesel,Manual,First,22.95 kmpl,1248 CC,74 bhp,White,5.0,4.0,8.09 Lakh,4.6
Mahindra Scorpio,Pune,2013.0,105000.0,Diesel,Manual,Second,12.05 kmpl,2179 CC,120 bhp,Others,8.0,5.0,,7.0
Nissan Sunny,Chennai,2016.0,18000.0,Petrol,Manual,First,16.95 kmpl,1498 CC,97.7 bhp,Black/Silver,5.0,4.0,,7.5
Hyundai Grand,Delhi,2016.0,81605.0,Petrol,Manual,First,18.9 kmpl,1197 CC,82 bhp,White,5.0,4.0,,4.53
Mercedes-Benz New,Coimbatore,2008.0,50135.0,Diesel,Manual,First,15.8 kmpl,2148 CC,170 bhp,Black/Silver,5.0,4.0,,10.36
Land Rover Freelander,Mumbai,2012.0,34000.0,Diesel,Automatic,First,12.39 kmpl,2179 CC,147.51 bhp,Others,5.0,4.0,,19.25
Honda Amaze,Kochi,2015.0,61691.0,Diesel,Manual,First,25.8 kmpl,1498 CC,98.6 bhp,White,5.0,4.0,,5.38
Chevrolet Optra,Chennai,2011.0,55000.0,Diesel,Manual,First,16.52 kmpl,1991 CC,123.7 bhp,Black/Silver,5.0,4.0,,3.95
Fiat Avventura,Mumbai,2015.0,32000.0,Diesel,Manual,First,20.5 kmpl,1248 CC,91.72 bhp,Black/Silver,5.0,4.0,,5.65
Maruti Alto,Pune,2003.0,69966.0,Petrol,Manual,First,19.7 kmpl,796 CC,46.3 bhp,White,5.0,4.0,,0.95
Maruti Alto,Jaipur,2016.0,35000.0,Petrol,Manual,First,24.07 kmpl,998 CC,67.1 bhp,White,5.0,4.0,4.24 Lakh,3.0
Mahindra Xylo,Hyderabad,2015.0,169000.0,Diesel,Manual,First,14.95 kmpl,2489 CC,93.7 bhp,White,7.0,5.0,11.69 Lakh,5.0
Mini Cooper,Mumbai,2016.0,20000.0,Diesel,Automatic,First,20.7 kmpl,1496 CC,113.98 bhp,White,4.0,4.0,35 Lakh,23.5
Mahindra XUV500,Pune,2013.0,55000.0,Diesel,Manual,First,15.1 kmpl,2179 CC,140 bhp,Others,7.0,5.0,,8.5
Volkswagen Polo,Pune,2014.0,68865.0,Diesel,Manual,First,15.11 kmpl,1598 CC,103.6 bhp,Black/Silver,5.0,4.0,,4.8
Nissan Terrano,Hyderabad,2013.0,65280.0,Diesel,Manual,First,19.87 kmpl,1461 CC,83.14 bhp,Others,5.0,4.0,14.72 Lakh,5.8
Maruti Ertiga,Chennai,2015.0,153000.0,Diesel,Manual,First,20.77 kmpl,1248 CC,88.76 bhp,White,7.0,5.0,,4.8
Maruti Wagon,Pune,2012.0,82000.0,Petrol,Manual,First,18.9 kmpl,998 CC,67.1 bhp,Black/Silver,5.0,4.0,,2.3
Maruti Swift,Kochi,2017.0,42527.0,Petrol,Manual,First,20.4 kmpl,1197 CC,81.80 bhp,Black/Silver,5.0,4.0,,5.27
Volkswagen Vento,Chennai,2012.0,130000.0,Diesel,Manual,First,20.54 kmpl,1598 CC,103.6 bhp,Black/Silver,5.0,4.0,,4.75
Hyundai Creta,Hyderabad,2016.0,22982.0,Petrol,Automatic,First,13.0 kmpl,1591 CC,121.3 bhp,Others,5.0,4.0,,10.95
Mahindra XUV500,Kochi,2014.0,70963.0,Diesel,Manual,First,15.1 kmpl,2179 CC,140 bhp,Black/Silver,7.0,5.0,,7.83
Tata Indigo,Ahmedabad,2013.0,31000.0,Diesel,Manual,First,25.0 kmpl,1396 CC,69.01 bhp,Others,5.0,4.0,,2.7
Mercedes-Benz New,Chennai,2014.0,25000.0,Diesel,Manual,First,15.8 kmpl,2148 CC,170 bhp,White,5.0,4.0,,26.0
Hyundai i20,Mumbai,2010.0,52000.0,Petrol,Manual,First,17.0 kmpl,1197 CC,80 bhp,Others,5.0,4.0,,2.8
Audi A4,Bangalore,2013.0,88000.0,Diesel,Automatic,First,17.11 kmpl,1968 CC,174.33 bhp,Black/Silver,5.0,4.0,,16.25
Toyota Innova,Hyderabad,2017.0,35358.0,Diesel,Automatic,First,11.36 kmpl,2755 CC,171.5 bhp,White,7.0,4.0,26.56 Lakh,22.99
Audi Q7,Delhi,2014.0,58000.0,Diesel,Automatic,First,12.07 kmpl,2967 CC,241.4 bhp,Others,7.0,5.0,,32.0
Renault Duster,Coimbatore,2017.0,30090.0,Diesel,Automatic,First,19.6 kmpl,1461 CC,108.45 bhp,Black/Silver,5.0,4.0,15.05 Lakh,11.44
Volkswagen Polo,Coimbatore,2014.0,52951.0,Diesel,Manual,First,20.14 kmpl,1498 CC,88 bhp,Black/Silver,5.0,4.0,10.32 Lakh,5.65
Hyundai Verna,Chennai,2013.0,34620.0,Petrol,Manual,Second,17.01 kmpl,1591 CC,121.3 bhp,Black/Silver,5.0,4.0,,5.35
Maruti Swift,Pune,2014.0,42000.0,Petrol,Manual,Second,20.4 kmpl,1197 CC,81.80 bhp,Black/Silver,5.0,4.0,,3.6
Mahindra Verito,Kochi,2012.0,118683.0,Diesel,Manual,Second,21.0 kmpl,1461 CC,64.1 bhp,Others,5.0,4.0,,3.19
Mahindra XUV500,Delhi,2015.0,37000.0,Diesel,Manual,First,15.1 kmpl,2179 CC,140 bhp,Black/Silver,7.0,5.0,,9.3
Honda Jazz,Chennai,2011.0,46000.0,Petrol,,First,18.2 kmpl,1199 CC,88.7 bhp,White,5.0,4.0,8.61 Lakh,4.5
Tata Indica,Pune,2012.0,65000.0,Diesel,Manual,First,22.3 kmpl,1248 CC,74 bhp,Others,5.0,4.0,,2.5
Toyota Innova,Kolkata,2011.0,78088.0,Petrol,Manual,First,12.4 kmpl,1998 CC,132 bhp,Black/Silver,8.0,5.0,,6.3
Maruti Swift,Delhi,2014.0,56000.0,Diesel,Manual,First,22.9 kmpl,1248 CC,74 bhp,Black/Silver,5.0,4.0,,4.25
Mahindra Xylo,Coimbatore,2016.0,49176.0,Diesel,Manual,First,11.68 kmpl,2498 CC,112 bhp,Others,8.0,5.0,,7.46
Hyundai Grand,Chennai,2013.0,90000.0,Petrol,Manual,First,18.9 kmpl,1197 CC,82 bhp,White,5.0,4.0,,3.55
Ford Figo,Kochi,2018.0,24237.0,Petrol,Manual,First,18.16 kmpl,1196 CC,86.8 bhp,White,5.0,4.0,,6.7
Mercedes-Benz A,Delhi,2013.0,34000.0,Diesel,Automatic,Second,20.0 kmpl,2143 CC,107.3 bhp,Others,5.0,4.0,,11.0
Volkswagen Polo,Hyderabad,2015.0,80000.0,Diesel,Manual,First,20.14 kmpl,1498 CC,88.8 bhp,White,5.0,4.0,,5.8
Maruti Ciaz,Mumbai,2015.0,51579.0,Petrol,Manual,First,20.73 kmpl,1373 CC,91.1 bhp,Others,5.0,4.0,,5.95
Honda City,Bangalore,2015.0,38000.0,Petrol,Manual,First,17.4 kmpl,1497 CC,117.3 bhp,Black/Silver,5.0,4.0,,7.8
Honda City,Jaipur,2017.0,35000.0,Petrol,Automatic,First,18.0 kmpl,1497 CC,117.3 bhp,Black/Silver,5.0,4.0,14.67 Lakh,7.7
Skoda Superb,Delhi,2013.0,82000.0,Petrol,Automatic,First,13.7 kmpl,1798 CC,157.75 bhp,Others,5.0,4.0,,7.25
Skoda Octavia,Ahmedabad,2015.0,71826.0,Diesel,Automatic,First,19.3 kmpl,1968 CC,141 bhp,Others,5.0,4.0,,15.5
Ford Ikon,Chennai,2004.0,129000.0,Petrol,Manual,Third,13.8 kmpl,1299 CC,70 bhp,White,5.0,4.0,,1.5
Mahindra Scorpio,Bangalore,2014.0,87000.0,Diesel,Manual,First,12.05 kmpl,2179 CC,120 bhp,Others,7.0,5.0,,7.4
Renault KWID,Kochi,2017.0,16542.0,Petrol,Manual,First,25.17 kmpl,799 CC,53.3 bhp,Others,5.0,4.0,,3.3
Toyota Innova,Chennai,2005.0,240000.0,Diesel,Manual,Fourth & Above,12.8 kmpl,2494 CC,102 bhp,Others,8.0,5.0,,5.1
Maruti Swift,Delhi,2014.0,56510.0,Petrol,Manual,First,19.1 kmpl,1197 CC,85.8 bhp,White,5.0,4.0,,3.9
Hyundai i20,Kolkata,2011.0,37000.0,Diesel,Manual,First,23.0 kmpl,1396 CC,90 bhp,Black/Silver,5.0,4.0,,2.95
Hyundai Verna,Bangalore,2014.0,45000.0,Petrol,Manual,Second,17.01 kmpl,1591 CC,121.3 bhp,White,5.0,4.0,,6.75
Maruti Swift,Pune,2012.0,75000.0,Diesel,Manual,First,22.9 kmpl,1248 CC,74 bhp,White,5.0,4.0,,4.35
Toyota Corolla,Delhi,2013.0,64000.0,Petrol,Manual,Second,14.53 kmpl,1798 CC,138.1 bhp,White,5.0,4.0,,5.2
Hyundai Grand,Kolkata,2016.0,21000.0,Petrol,Manual,First,18.9 kmpl,1197 CC,82 bhp,Others,5.0,4.0,,3.75
Maruti Swift,Hyderabad,2012.0,65097.0,Petrol,Manual,First,19.1 kmpl,1197 CC,85.8 bhp,Others,5.0,4.0,,4.7
Maruti Swift,Kolkata,2013.0,115195.0,Diesel,Manual,First,25.2 kmpl,1248 CC,74 bhp,White,5.0,4.0,,3.85
Toyota Innova,Hyderabad,2013.0,83165.0,Diesel,Manual,First,12.8 kmpl,2494 CC,102 bhp,Others,8.0,5.0,,11.49
BMW 5,Ahmedabad,2010.0,46000.0,Diesel,Automatic,First,22.48 kmpl,1995 CC,190 bhp,White,5.0,4.0,63.71 Lakh,16.5
Toyota Innova,Chennai,2014.0,194000.0,Diesel,Manual,First,12.99 kmpl,2494 CC,100.6 bhp,Black/Silver,8.0,5.0,,10.5
Hyundai Verna,Chennai,2006.0,200000.0,Diesel,Manual,Second,16.8 kmpl,1493 CC,110 bhp,White,5.0,4.0,,1.85
Mercedes-Benz E-Class,Pune,2012.0,100000.0,Petrol,Automatic,First,10.0 kmpl,2496 CC,157.7 bhp,Others,5.0,4.0,,11.5
Skoda Laura,Coimbatore,2014.0,85071.0,Diesel,Automatic,First,20.0 kmpl,1968 CC,138.1 bhp,Black/Silver,5.0,4.0,,9.75
Skoda Superb,Hyderabad,2010.0,54000.0,Petrol,Automatic,First,0.0 kmpl,3597 CC,262.6 bhp,Black/Silver,5.0,4.0,,6.0
BMW 5,Coimbatore,2011.0,51602.0,Diesel,Automatic,First,22.48 kmpl,1995 CC,190 bhp,Black/Silver,5.0,4.0,63.71 Lakh,17.27
Honda Jazz,Kochi,2017.0,36973.0,Petrol,Manual,First,18.2 kmpl,1199 CC,88.7 bhp,Others,5.0,4.0,8.71 Lakh,6.8
Maruti Eeco,Delhi,2016.0,126000.0,Petrol,Manual,First,15.1 kmpl,1196 CC,73 bhp,Black/Silver,7.0,5.0,4.43 Lakh,2.2
Honda City,Mumbai,2007.0,75000.0,Petrol,Manual,Second,17.7 kmpl,1497 CC,78 bhp,White,5.0,4.0,,1.49
Maruti SX4,Delhi,2012.0,82069.0,CNG,Manual,First,21.4 km/kg,1586 CC,103.3 bhp,Others,5.0,4.0,,2.65
Toyota Innova,Chennai,2012.0,96000.0,Diesel,Manual,First,12.99 kmpl,2494 CC,100 bhp,Others,7.0,4.0,,11.5
Maruti Swift,Pune,2015.0,131000.0,Diesel,Manual,First,26.59 kmpl,1248 CC,74 bhp,Black/Silver,5.0,4.0,,3.6
Maruti Swift,Jaipur,2015.0,68310.0,Diesel,Manual,First,23.4 kmpl,1248 CC,74 bhp,Others,5.0,4.0,,5.95
Toyota Fortuner,Jaipur,2015.0,100000.0,Diesel,Automatic,First,12.55 kmpl,2982 CC,168.5 bhp,White,7.0,5.0,,19.0
Chevrolet Beat,Kochi,2012.0,32717.0,Petrol,Manual,First,18.6 kmpl,1199 CC,79.4 bhp,Others,5.0,4.0,,2.55
Jeep Compass,Coimbatore,2018.0,33218.0,Diesel,Manual,First,17.1 kmpl,1956 CC,170 bhp,Others,5.0,4.0,22.46 Lakh,19.05
Hyundai i10,Kolkata,2007.0,71600.0,Petrol,Manual,Second,20.36 kmpl,1197 CC,78.9 bhp,White,5.0,4.0,,2.0
Toyota Fortuner,Hyderabad,2016.0,55547.0,Diesel,Automatic,First,12.55 kmpl,2982 CC,168.5 bhp,Others,7.0,5.0,,24.99
Toyota Corolla,Kolkata,2018.0,5000.0,Petrol,Automatic,First,14.28 kmpl,1798 CC,138.03 bhp,White,5.0,4.0,22.37 Lakh,16.95
Skoda Superb,Delhi,2014.0,38000.0,Petrol,Automatic,First,13.7 kmpl,1798 CC,157.75 bhp,Others,5.0,4.0,,11.6
Mahindra Scorpio,Pune,2014.0,87200.0,Diesel,Manual,First,15.4 kmpl,2523 CC,75 bhp,Black/Silver,7.0,5.0,,7.75
Land Rover Freelander,Chennai,2011.0,109000.0,Diesel,Automatic,First,12.39 kmpl,2179 CC,147.51 bhp,White,5.0,4.0,,16.5
Mercedes-Benz CLS-Class,Hyderabad,2010.0,29000.0,Diesel,Automatic,First,9.9 kmpl,3498 CC,271.72 bhp,Others,4.0,4.0,,32.0
Hyundai Verna,Chennai,2012.0,92000.0,Diesel,Manual,Third,22.32 kmpl,1582 CC,126.32 bhp,White,5.0,4.0,,4.0
BMW 5,Delhi,2006.0,48000.0,Petrol,Automatic,Second,11.62 kmpl,2979 CC,306 bhp,Others,5.0,4.0,,6.99
Maruti Ertiga,Kochi,2015.0,58734.0,Diesel,Manual,First,20.77 kmpl,1248 CC,88.76 bhp,Black/Silver,7.0,5.0,,6.91
Tata Indigo,Pune,2015.0,83000.0,Petrol,Manual,First,15.64 kmpl,1193 CC,64.08 bhp,Others,5.0,4.0,,2.7
Hyundai Grand,Kolkata,2017.0,14000.0,Diesel,Manual,First,24.0 kmpl,1186 CC,73.97 bhp,Black/Silver,5.0,4.0,7.46 Lakh,4.9
Land Rover Freelander,Pune,2014.0,85000.0,Diesel,Automatic,Second,12.39 kmpl,2179 CC,147.51 bhp,Others,5.0,4.0,,23.0
Hyundai Verna,Kochi,2018.0,33858.0,Petrol,Automatic,First,17.01 kmpl,1591 CC,121.3 bhp,Black/Silver,5.0,4.0,,9.03
Maruti Alto,Kochi,2017.0,27718.0,Petrol,Manual,First,22.74 kmpl,796 CC,47.3 bhp,Black/Silver,5.0,4.0,,3.28
Hyundai Xcent,Kochi,2016.0,48163.0,Petrol,Manual,First,19.1 kmpl,1197 CC,82 bhp,Others,5.0,4.0,,4.85
BMW 5,Hyderabad,2009.0,79000.0,Diesel,Automatic,First,18.48 kmpl,1995 CC,177 bhp,White,5.0,4.0,,15.0
Honda Amaze,Kolkata,2013.0,40000.0,Petrol,Manual,First,18.0 kmpl,1198 CC,86.7 bhp,White,5.0,4.0,,2.9
Maruti Zen,Delhi,2007.0,64000.0,Petrol,Manual,First,18.2 kmpl,998 CC,67.1 bhp,White,5.0,4.0,,1.11
BMW X5,Bangalore,2009.0,90000.0,Diesel,Automatic,Second,11.0 kmpl,2993 CC,235 bhp,White,5.0,4.0,,17.75
Tata Indigo,Coimbatore,2013.0,59138.0,Diesel,Manual,First,17.0 kmpl,1405 CC,70 bhp,Others,5.0,4.0,,2.58
Maruti Swift,Kolkata,2014.0,45000.0,Petrol,Manual,First,19.1 kmpl,1197 CC,85.8 bhp,Others,5.0,4.0,,3.99
Hyundai Creta,Ahmedabad,2017.0,25000.0,Petrol,Automatic,First,13.0 kmpl,1591 CC,121.3 bhp,White,5.0,4.0,,12.75
Maruti Ciaz,Chennai,2015.0,30000.0,Petrol,Manual,First,20.73 kmpl,1373 CC,91.1 bhp,Others,5.0,4.0,,6.7
Honda CR-V,Bangalore,2006.0,66000.0,Petrol,Automatic,Second,10.1 kmpl,2354 CC,152 bhp,White,5.0,4.0,,3.9
Ford Figo,Kolkata,2015.0,72035.0,Diesel,Manual,First,25.5 kmpl,1498 CC,99 bhp,Others,5.0,4.0,7.65 Lakh,2.5
Toyota Innova,Pune,2014.0,160000.0,Diesel,Manual,First,12.99 kmpl,2494 CC,100 bhp,White,8.0,5.0,,12.0
Hyundai Creta,Delhi,2016.0,68000.0,Petrol,Manual,First,15.29 kmpl,1591 CC,121.3 bhp,Black/Silver,5.0,4.0,,9.85
Maruti A-Star,Pune,2011.0,69000.0,Petrol,Manual,Second,19.0 kmpl,998 CC,66.1 bhp,White,5.0,4.0,,1.95
Toyota Fortuner,Hyderabad,2018.0,39927.0,Diesel,Manual,First,12.55 kmpl,2982 CC,168.5 bhp,Others,7.0,5.0,,32.1
Maruti Ertiga,Coimbatore,2016.0,85827.0,Diesel,Manual,First,20.77 kmpl,1248 CC,88.76 bhp,White,7.0,5.0,,7.5
Toyota Fortuner,Coimbatore,2017.0,68319.0,Diesel,Automatic,First,12.55 kmpl,2982 CC,168.5 bhp,Others,7.0,5.0,,25.12
Maruti Wagon,Hyderabad,2007.0,65047.0,LPG,Manual,First,17.3 km/kg,1061 CC,57.5 bhp,Others,5.0,4.0,,1.95
Honda Brio,Chennai,2013.0,58581.0,Petrol,Manual,First,19.4 kmpl,1198 CC,86.8 bhp,Black/Silver,5.0,4.0,,3.49
Hyundai EON,Coimbatore,2015.0,31412.0,Petrol,Manual,First,21.1 kmpl,814 CC,55.2 bhp,White,5.0,4.0,,3.42
Hyundai i20,Delhi,2014.0,43900.0,Diesel,Manual,First,22.54 kmpl,1396 CC,88.73 bhp,Others,5.0,4.0,,6.75
Maruti Swift,Delhi,2010.0,72425.0,Petrol,Manual,Second,17.5 kmpl,1197 CC,85.8 bhp,Black/Silver,5.0,4.0,,2.45
Toyota Platinum,Hyderabad,2015.0,150000.0,Diesel,Manual,First,23.59 kmpl,1364 CC,67.05 bhp,Others,5.0,4.0,9.58 Lakh,6.0
Skoda Fabia,Hyderabad,2010.0,66285.0,Diesel,Manual,First,19.5 kmpl,1199 CC,75 bhp,White,5.0,4.0,,3.0
Audi A4,Coimbatore,2016.0,39237.0,Diesel,Automatic,First,17.11 kmpl,1968 CC,174.33 bhp,White,5.0,4.0,,25.64
Maruti Ertiga,Mumbai,2014.0,64000.0,Diesel,Manual,First,20.77 kmpl,1248 CC,88.8 bhp,White,7.0,5.0,,7.25
Honda Amaze,Hyderabad,2015.0,29000.0,Diesel,Manual,First,27.4 kmpl,1498 CC,98.6 bhp,Others,5.0,4.0,9.09 Lakh,5.99
Ford Ecosport,Kochi,2014.0,147898.0,Diesel,Manual,First,22.7 kmpl,1498 CC,89.84 bhp,White,5.0,4.0,,4.42
Honda City,Hyderabad,2014.0,65000.0,Diesel,Manual,First,26.0 kmpl,1498 CC,98.6 bhp,Black/Silver,5.0,4.0,,6.99
Hyundai i20,Delhi,2014.0,55000.0,Diesel,Manual,First,22.54 kmpl,1396 CC,88.73 bhp,Black/Silver,5.0,4.0,,5.64
Hyundai Grand,Pune,2016.0,25000.0,Petrol,Manual,First,18.9 kmpl,1197 CC,82 bhp,Black/Silver,5.0,4.0,,5.0
Nissan Micra,Chennai,2013.0,89000.0,Petrol,Automatic,Second,19.34 kmpl,1198 CC,76 bhp,Black/Silver,5.0,4.0,,2.8
Ford Ecosport,Hyderabad,2014.0,56549.0,Diesel,Manual,First,22.7 kmpl,1498 CC,89.84 bhp,White,5.0,4.0,,7.2
Maruti Ertiga,Kolkata,2012.0,38092.0,Diesel,Manual,First,20.77 kmpl,1248 CC,88.8 bhp,Others,7.0,5.0,,5.2
Honda Accord,Pune,2009.0,60000.0,Petrol,Manual,Second,9.8 kmpl,2354 CC,180 bhp,White,5.0,4.0,,3.5
Tata Indica,Pune,2006.0,78000.0,Petrol,Manual,Second,13.5 kmpl,1405 CC,60 bhp,Black/Silver,5.0,4.0,,1.0
Volkswagen Vento,Mumbai,2013.0,49105.0,Diesel,Manual,First,20.34 kmpl,1498 CC,103.2 bhp,Black/Silver,5.0,4.0,,4.4
Hyundai Creta,Chennai,2016.0,55000.0,Diesel,Automatic,First,17.6 kmpl,1582 CC,126.2 bhp,Black/Silver,5.0,4.0,18.35 Lakh,12.5
Honda Brio,Delhi,2014.0,30000.0,Petrol,Manual,Second,19.4 kmpl,1198 CC,86.8 bhp,White,5.0,4.0,,3.2
Hyundai i20,Delhi,2015.0,36000.0,Petrol,Manual,Second,18.6 kmpl,1197 CC,81.83 bhp,Others,5.0,4.0,,4.95
Renault KWID,Ahmedabad,2017.0,12000.0,Petrol,Automatic,Second,24.04 kmpl,999 CC,67 bhp,White,5.0,4.0,,3.25
Honda Mobilio,Mumbai,2014.0,43081.0,Petrol,Manual,First,17.3 kmpl,1497 CC,117.3 bhp,Others,7.0,5.0,,5.25
Maruti Wagon,Chennai,2010.0,134000.0,Petrol,Manual,Second,18.9 kmpl,1061 CC,67 bhp,Black/Silver,5.0,4.0,,1.65
Chevrolet Beat,Kochi,2016.0,83629.0,Diesel,Manual,First,25.44 kmpl,936 CC,56.3 bhp,White,5.0,4.0,,3.15
Hyundai i20,Kolkata,2013.0,46000.0,Diesel,Manual,First,21.9 kmpl,1396 CC,88.8 bhp,White,5.0,4.0,,3.11
BMW 6,Mumbai,2013.0,30000.0,Diesel,Automatic,First,17.54 kmpl,2993 CC,313 bhp,Black/Silver,4.0,4.0,,45.0
Hyundai i20,Delhi,2016.0,38000.0,Petrol,Manual,First,18.6 kmpl,1197 CC,81.83 bhp,Others,5.0,4.0,,5.95
Ford Ecosport,Delhi,2014.0,69000.0,Diesel,Manual,First,22.7 kmpl,1498 CC,89.84 bhp,Others,5.0,4.0,,5.45
Mercedes-Benz GL-Class,Delhi,2013.0,46000.0,Diesel,Automatic,First,12.0 kmpl,2987 CC,224 bhp,Black/Silver,7.0,5.0,,36.0
Ford Fiesta,Chennai,2009.0,80524.0,Petrol,Manual,Second,15.3 kmpl,1596 CC,null bhp,Others,5.0,4.0,,2.5
Mitsubishi Pajero,Delhi,2012.0,45999.0,Diesel,Manual,First,10.5 kmpl,2835 CC,107.2 bhp,Others,6.0,5.0,,11.0
Toyota Innova,Coimbatore,2018.0,92056.0,Diesel,Manual,First,13.68 kmpl,2393 CC,147.8 bhp,Others,7.0,4.0,26.45 Lakh,18.39
Skoda Octavia,Kochi,2016.0,31021.0,Diesel,Automatic,First,19.5 kmpl,1968 CC,141 bhp,Black/Silver,5.0,4.0,,16.61
Volkswagen Polo,Mumbai,2013.0,51167.0,Petrol,Manual,First,16.47 kmpl,1198 CC,73.9 bhp,Others,5.0,4.0,,3.76
Ford Endeavour,Hyderabad,2012.0,91696.0,Diesel,Automatic,First,11.4 kmpl,2953 CC,153.86 bhp,Black/Silver,7.0,5.0,,9.25
Maruti Wagon,Kochi,2019.0,31817.0,Petrol,Manual,First,22.5 kmpl,998 CC,67.04 bhp,White,5.0,4.0,5.12 Lakh,5.34
Tata Indica,Jaipur,2012.0,90000.0,Diesel,Manual,First,19.4 kmpl,1405 CC,70 bhp,White,5.0,4.0,,2.5
Mahindra Xylo,Chennai,2016.0,150000.0,Diesel,Manual,First,14.95 kmpl,2489 CC,93.7 bhp,Others,9.0,5.0,,4.5
Mercedes-Benz SLK-Class,Bangalore,2015.0,10000.0,Petrol,Automatic,First,18.1 kmpl,3498 CC,306 bhp,Others,2.0,2.0,,55.0
Hyundai Xcent,Mumbai,2016.0,63141.0,Diesel,Manual,Second,24.4 kmpl,1120 CC,71 bhp,Others,5.0,4.0,,4.5
Skoda Octavia,Mumbai,2014.0,76000.0,Petrol,Automatic,First,14.7 kmpl,1798 CC,177.5 bhp,White,5.0,4.0,,10.0
Maruti Wagon,Pune,2007.0,83000.0,Petrol,Manual,First,14.0 kmpl,1061 CC,64 bhp,Others,5.0,4.0,,1.65
Maruti Wagon,Hyderabad,2016.0,35000.0,Petrol,Automatic,First,20.51 kmpl,998 CC,67 bhp,Others,5.0,4.0,,5.5
Tata Indica,Kolkata,2008.0,50000.0,Diesel,Manual,First,17.2 kmpl,1396 CC,53.5 bhp,Black/Silver,5.0,4.0,,0.85
Ford Figo,Bangalore,2010.0,72000.0,Diesel,Manual,First,20.0 kmpl,1399 CC,68 bhp,White,5.0,4.0,,2.75
Nissan X-Trail,Hyderabad,2010.0,121812.0,Diesel,Automatic,First,13.29 kmpl,1995 CC,147.6 bhp,White,5.0,4.0,,7.75
Mahindra XUV500,Coimbatore,2016.0,67472.0,Diesel,Manual,First,16.0 kmpl,2179 CC,140 bhp,Others,7.0,5.0,,14.5
Ford Figo,Hyderabad,2016.0,100000.0,Diesel,Manual,First,25.83 kmpl,1498 CC,99 bhp,Others,5.0,4.0,,5.1
Audi A4,Chennai,2014.0,40000.0,Diesel,Automatic,First,17.11 kmpl,1968 CC,174.33 bhp,Others,5.0,4.0,,22.0
Volkswagen Jetta,Coimbatore,2018.0,37109.0,Petrol,Manual,First,14.69 kmpl,1390 CC,120.33 bhp,Others,5.0,4.0,,16.8
BMW 5,Mumbai,2011.0,89000.0,Diesel,Automatic,First,16.73 kmpl,1995 CC,218 bhp,Black/Silver,5.0,4.0,,16.57
Volkswagen Polo,Chennai,2017.0,26969.0,Diesel,Manual,First,22.07 kmpl,1199 CC,73.9 bhp,Others,5.0,4.0,,6.9
BMW X1,Bangalore,2016.0,28143.0,Diesel,Automatic,First,20.68 kmpl,1995 CC,190 bhp,Others,5.0,4.0,48.18 Lakh,28.5
Maruti Swift,Chennai,2016.0,38000.0,Diesel,Manual,First,25.2 kmpl,1248 CC,74 bhp,White,5.0,4.0,,5.95
Hyundai Santro,Kochi,2011.0,20842.0,Petrol,Manual,First,0.0 kmpl,1086 CC,62 bhp,Others,5.0,4.0,,2.78
Maruti Swift,Bangalore,2012.0,69242.0,Petrol,Manual,First,19.1 kmpl,1197 CC,85.8 bhp,White,5.0,4.0,,4.69
Ford Ecosport,Mumbai,2014.0,59000.0,Diesel,Manual,First,22.7 kmpl,1498 CC,89.84 bhp,Black/Silver,5.0,4.0,,6.5
Hyundai Xcent,Kochi,2017.0,38932.0,Petrol,Manual,First,19.1 kmpl,1197 CC,82 bhp,Black/Silver,5.0,4.0,,6.21
Maruti Alto,Kochi,2017.0,24310.0,CNG,Manual,First,33.44 km/kg,796 CC,40.3 bhp,Black/Silver,4.0,4.0,,3.7
Maruti Wagon,Pune,2013.0,89900.0,CNG,Manual,First,26.6 km/kg,998 CC,58.16 bhp,White,5.0,4.0,,3.25
Maruti Wagon,Mumbai,2010.0,70000.0,Petrol,Manual,First,18.9 kmpl,998 CC,67.1 bhp,Others,5.0,4.0,,2.1
Hyundai Verna,Hyderabad,2013.0,79663.0,Diesel,Manual,First,16.8 kmpl,1493 CC,110 bhp,Black/Silver,5.0,4.0,,6.5
Maruti Swift,Hyderabad,2013.0,73212.0,Diesel,Manual,First,22.9 kmpl,1248 CC,74 bhp,White,5.0,4.0,,5.2
Volkswagen Vento,Delhi,2013.0,75000.0,Diesel,Manual,First,20.54 kmpl,1598 CC,103.6 bhp,White,5.0,4.0,,4.5
Audi Q7,Hyderabad,2014.0,60000.0,Diesel,Automatic,First,12.07 kmpl,2967 CC,241.4 bhp,Others,7.0,5.0,,45.0
Maruti Swift,Pune,2009.0,80000.0,Diesel,Manual,Fourth & Above,17.8 kmpl,1248 CC,75 bhp,Others,5.0,4.0,,2.15
Volkswagen Polo,Bangalore,2013.0,74000.0,Petrol,Manual,First,16.47 kmpl,1198 CC,73.9 bhp,Others,5.0,4.0,,4.65
Hyundai i20,Hyderabad,2015.0,86157.0,Diesel,Manual,First,22.54 kmpl,1396 CC,88.73 bhp,White,5.0,4.0,,6.5
Hyundai i10,Jaipur,2011.0,70000.0,Petrol,Manual,First,19.81 kmpl,1086 CC,68.05 bhp,White,5.0,4.0,,2.15
Mahindra XUV500,Chennai,2011.0,128000.0,Diesel,Manual,Third,16.0 kmpl,2179 CC,140 bhp,White,7.0,5.0,,6.4
Toyota Etios,Kolkata,2014.0,45155.0,Diesel,Manual,First,23.59 kmpl,1364 CC,67.04 bhp,White,5.0,4.0,,6.5
Hyundai Creta,Ahmedabad,2015.0,61786.0,Diesel,Manual,First,19.67 kmpl,1582 CC,126.2 bhp,Black/Silver,5.0,4.0,,10.5
Porsche Cayenne,Mumbai,2013.0,70000.0,Diesel,Automatic,First,15.15 kmpl,2967 CC,240 bhp,Black/Silver,5.0,4.0,,40.0
Mercedes-Benz E-Class,Delhi,2014.0,68000.0,Diesel,Automatic,First,13.0 kmpl,2987 CC,261.5 bhp,Black/Silver,5.0,4.0,,27.5
Maruti Wagon,Pune,2014.0,51000.0,Petrol,Manual,First,20.51 kmpl,998 CC,67.04 bhp,Others,5.0,4.0,,3.1
Tata Indigo,Hyderabad,2017.0,23228.0,Petrol,Manual,First,14.4 kmpl,1396 CC,65 bhp,Black/Silver,5.0,4.0,,4.5
Maruti Alto,Coimbatore,2018.0,26234.0,Petrol,Manual,First,24.7 kmpl,796 CC,47.3 bhp,Others,5.0,4.0,,4.29
Chevrolet Beat,Delhi,2012.0,56000.0,Petrol,Manual,First,18.6 kmpl,1199 CC,79.4 bhp,Black/Silver,5.0,4.0,,2.21
Renault Duster,Mumbai,2014.0,58003.0,Diesel,Manual,First,19.01 kmpl,1461 CC,108.45 bhp,White,5.0,4.0,,5.75
Tata Indica,Kolkata,2009.0,75648.0,Diesel,Manual,First,13.5 kmpl,1405 CC,null bhp,Others,5.0,4.0,,0.82
BMW Z4,Kochi,2018.0,9952.0,Petrol,Automatic,First,10.37 kmpl,2979 CC,306 bhp,Black/Silver,2.0,2.0,,58.54
Hyundai EON,Coimbatore,2016.0,27904.0,Petrol,Manual,First,21.1 kmpl,814 CC,55.2 bhp,Black/Silver,5.0,4.0,,3.55
Hyundai Verna,Chennai,2008.0,121097.0,Diesel,Manual,Second,24.0 kmpl,1396 CC,88.76 bhp,White,5.0,4.0,10.73 Lakh,1.9
Honda Jazz,Chennai,2016.0,17377.0,Petrol,Manual,First,18.7 kmpl,1199 CC,88.7 bhp,White,5.0,4.0,,5.9
Hyundai i20,Jaipur,2017.0,8000.0,Petrol,Manual,First,18.6 kmpl,1197 CC,81.83 bhp,White,5.0,4.0,,7.5
Hyundai Verna,Kolkata,2013.0,53280.0,Diesel,Manual,First,22.32 kmpl,1582 CC,126.3 bhp,White,5.0,4.0,,4.7
Hyundai i10,Chennai,2009.0,620000.0,Petrol,Manual,First,20.36 kmpl,1197 CC,78.9 bhp,Others,5.0,4.0,,2.7
Maruti Ciaz,Kochi,2015.0,46601.0,Petrol,Manual,First,20.73 kmpl,1373 CC,91.1 bhp,White,5.0,4.0,,6.84
BMW 5,Pune,2012.0,95000.0,Diesel,Automatic,Second,18.48 kmpl,,,Black/Silver,,4.0,,18.0
Maruti Celerio,Kolkata,2016.0,30000.0,Petrol,Automatic,First,23.1 kmpl,998 CC,67.04 bhp,White,5.0,4.0,,3.49
Hyundai Verna,Mumbai,2013.0,79225.0,Diesel,Manual,First,22.0 kmpl,1582 CC,126.2 bhp,Black/Silver,5.0,4.0,15.57 Lakh,5.5
Hyundai EON,Jaipur,2014.0,18000.0,Petrol,Manual,First,21.1 kmpl,814 CC,55.2 bhp,Others,5.0,4.0,,2.5
Mitsubishi Cedia,Chennai,2010.0,66000.0,Petrol,Manual,Second,13.17 kmpl,1999 CC,114 bhp,Others,5.0,4.0,,3.85
Tata Bolt,Chennai,2016.0,10000.0,Petrol,Manual,First,17.57 kmpl,1193 CC,88.7 bhp,Others,5.0,4.0,7.77 Lakh,4.0
Skoda Superb,Mumbai,2011.0,46000.0,Petrol,Automatic,First,13.7 kmpl,1798 CC,157.75 bhp,White,5.0,4.0,,4.9
Honda City,Delhi,2014.0,60000.0,Petrol,Manual,First,17.4 kmpl,1497 CC,117.3 bhp,Others,5.0,4.0,,6.25
Hyundai Verna,Pune,2012.0,83000.0,Diesel,Automatic,First,19.08 kmpl,1582 CC,126.32 bhp,White,5.0,4.0,,6.0
Hyundai Verna,Bangalore,2012.0,73000.0,Petrol,Manual,First,17.01 kmpl,1591 CC,121.3 bhp,Black/Silver,5.0,4.0,,5.5
Audi A6,Mumbai,2016.0,47000.0,Petrol,Automatic,First,15.26 kmpl,1798 CC,187.74 bhp,Black/Silver,5.0,4.0,60.59 Lakh,24.5
Toyota Fortuner,Bangalore,2014.0,171000.0,Diesel,Manual,First,11.5 kmpl,2982 CC,171 bhp,White,7.0,5.0,,16.75
Nissan Micra,Jaipur,2011.0,80000.0,Diesel,Manual,Second,19.5 kmpl,1461 CC,null bhp,Others,5.0,4.0,,2.1
Maruti Swift,Chennai,2017.0,28000.0,Petrol,Manual,First,20.85 kmpl,1197 CC,83.14 bhp,White,5.0,4.0,,6.25
Honda City,Kochi,2017.0,38607.0,Petrol,Manual,Second,17.8 kmpl,1497 CC,117.3 bhp,Black/Silver,5.0,4.0,,7.87
Jaguar XJ,Kochi,2016.0,17652.0,Diesel,Automatic,First,12.9 kmpl,2993 CC,270.88 bhp,Others,5.0,4.0,,58.73
Toyota Fortuner,Hyderabad,2010.0,193254.0,Diesel,Manual,First,11.5 kmpl,2982 CC,171 bhp,White,7.0,5.0,,12.99
Honda Accord,Bangalore,2010.0,84000.0,Petrol,Automatic,Second,11.1 kmpl,2354 CC,142 bhp,Black/Silver,5.0,4.0,,6.5
Toyota Innova,Chennai,2007.0,145000.0,Diesel,Manual,First,12.8 kmpl,2494 CC,102 bhp,White,8.0,5.0,,5.0
Audi A7,Mumbai,2011.0,42000.0,Diesel,Automatic,First,14.4 kmpl,2967 CC,241.4 bhp,Others,5.0,4.0,,28.75
Hyundai Verna,Kolkata,2013.0,35000.0,Petrol,Manual,First,17.1 kmpl,1591 CC,121.3 bhp,Others,5.0,4.0,,4.5
Skoda Superb,Mumbai,2017.0,42000.0,Diesel,Automatic,First,18.19 kmpl,1968 CC,174.5 bhp,White,5.0,4.0,36.94 Lakh,22.99
Toyota Innova,Hyderabad,2011.0,136490.0,Diesel,Manual,First,12.8 kmpl,2494 CC,102 bhp,Others,7.0,4.0,,9.8
Hyundai i10,Kochi,2013.0,34697.0,Petrol,Manual,First,19.81 kmpl,1086 CC,68.05 bhp,Black/Silver,5.0,4.0,,3.7
Mercedes-Benz GLE,Mumbai,2017.0,19863.0,Diesel,Automatic,First,11.57 kmpl,2987 CC,254.79 bhp,Others,5.0,4.0,91.23 Lakh,64.95
Toyota Innova,Hyderabad,2013.0,107000.0,Diesel,Manual,Second,12.99 kmpl,2494 CC,100.6 bhp,Others,7.0,4.0,,13.5
Volvo S60,Mumbai,2013.0,31000.0,Diesel,Automatic,First,13.2 kmpl,2400 CC,215 bhp,White,5.0,4.0,,17.65
Maruti Swift,Kolkata,2014.0,28000.0,Diesel,Manual,First,23.4 kmpl,1248 CC,74 bhp,White,5.0,4.0,,4.65
Maruti Ciaz,Kochi,2017.0,41217.0,Diesel,Manual,First,28.09 kmpl,1248 CC,88.5 bhp,Black/Silver,5.0,4.0,,7.4
BMW 5,Delhi,2011.0,75000.0,Diesel,Automatic,Second,16.73 kmpl,1995 CC,218 bhp,Others,5.0,4.0,,13.9
Toyota Innova,Chennai,2011.0,200000.0,Diesel,Manual,First,12.8 kmpl,2494 CC,102 bhp,Black/Silver,7.0,4.0,,9.0
Volkswagen Vento,Chennai,2011.0,99807.0,Diesel,Manual,First,20.54 kmpl,1598 CC,103.6 bhp,Others,5.0,4.0,,3.75
Ford Figo,Hyderabad,2015.0,84000.0,Diesel,Manual,First,20.0 kmpl,1399 CC,68.05 bhp,Black/Silver,5.0,4.0,,3.8
Maruti Ertiga,Coimbatore,2014.0,53817.0,Diesel,Manual,First,25.47 kmpl,1248 CC,88.50 bhp,White,7.0,5.0,11.44 Lakh,7.56
Chevrolet Enjoy,Kochi,2015.0,25648.0,Petrol,Manual,First,13.7 kmpl,1399 CC,98.82 bhp,White,7.0,5.0,,4.29
Hyundai i20,Bangalore,2015.0,39000.0,Petrol,Manual,Second,18.6 kmpl,1197 CC,81.83 bhp,White,5.0,4.0,,6.3
Ford Ecosport,Bangalore,2013.0,90000.0,Diesel,Manual,First,22.7 kmpl,1498 CC,89.84 bhp,Black/Silver,5.0,4.0,,6.25
Maruti Swift,Coimbatore,2018.0,61386.0,Diesel,Manual,First,25.2 kmpl,1248 CC,74 bhp,White,5.0,4.0,,7.05
Maruti Wagon,Mumbai,2014.0,41000.0,CNG,Manual,First,26.2 km/kg,998 CC,58.2 bhp,White,5.0,4.0,,3.5
Mahindra XUV500,Mumbai,2012.0,48000.0,Diesel,Manual,First,15.1 kmpl,2179 CC,140 bhp,Black/Silver,7.0,5.0,,6.5
Hyundai Grand,Bangalore,2018.0,3000.0,Petrol,Automatic,First,18.9 kmpl,1197 CC,81.86 bhp,Others,5.0,4.0,7.98 Lakh,6.2
Mahindra XUV300,Chennai,2012.0,97000.0,Diesel,Manual,First,20.0 kmpl,1497 CC,115 bhp,Black/Silver,5.0,4.0,12.79 Lakh,7.25
Land Rover Freelander,Ahmedabad,2012.0,60000.0,Diesel,Automatic,Second,12.35 kmpl,2179 CC,187.74 bhp,White,5.0,4.0,,23.5
Hyundai EON,Kolkata,2012.0,60000.0,Petrol,Manual,First,21.1 kmpl,814 CC,55.2 bhp,Black/Silver,5.0,4.0,,1.99
Maruti Swift,Jaipur,2014.0,71000.0,Diesel,Manual,First,25.2 kmpl,1248 CC,74 bhp,Black/Silver,5.0,4.0,,4.8
Maruti Celerio,Hyderabad,2017.0,26400.0,Petrol,Manual,First,23.1 kmpl,998 CC,67.04 bhp,White,5.0,4.0,,4.99
Skoda Superb,Mumbai,2016.0,53000.0,Petrol,Automatic,First,14.67 kmpl,1798 CC,177.46 bhp,White,5.0,4.0,33.36 Lakh,17.85
Honda Amaze,Mumbai,2014.0,19000.0,Petrol,Automatic,First,15.5 kmpl,1198 CC,86.7 bhp,Black/Silver,5.0,4.0,,4.75
Nissan Micra,Hyderabad,2012.0,54000.0,Diesel,Manual,First,23.08 kmpl,1461 CC,,Others,5.0,4.0,,4.25
Audi Q7,Pune,2017.0,59500.0,Diesel,Automatic,First,14.75 kmpl,2967 CC,245 bhp,Black/Silver,7.0,5.0,99.92 Lakh,68.0
Hyundai Creta,Coimbatore,2016.0,55687.0,Diesel,Manual,First,21.38 kmpl,1396 CC,88.7 bhp,Black/Silver,5.0,4.0,,12.15
Skoda Superb,Pune,2012.0,136997.0,Diesel,Automatic,First,17.2 kmpl,1968 CC,138.1 bhp,White,5.0,4.0,,8.5
Chevrolet Aveo,Pune,2009.0,75000.0,Petrol,Manual,Second,14.7 kmpl,1150 CC,76 bhp,Black/Silver,5.0,4.0,,1.0
Toyota Innova,Mumbai,2014.0,118000.0,Diesel,Manual,First,12.8 kmpl,2494 CC,102 bhp,Others,7.0,4.0,,10.75
Maruti Alto,Mumbai,2008.0,54000.0,Petrol,Manual,First,19.7 kmpl,796 CC,46.3 bhp,Black/Silver,5.0,4.0,,1.1
Mercedes-Benz M-Class,Coimbatore,2016.0,23218.0,Diesel,Automatic,First,15.26 kmpl,2143 CC,203.2 bhp,Black/Silver,5.0,4.0,,45.61
Maruti Alto,Hyderabad,2013.0,30852.0,Petrol,Manual,First,22.74 kmpl,796 CC,47.3 bhp,Others,5.0,4.0,,2.49
Porsche Cayman,Mumbai,2011.0,8000.0,Petrol,Automatic,First,9.0 kmpl,3436 CC,null bhp,White,2.0,2.0,,43.0
Maruti Dzire,Pune,2013.0,74000.0,Petrol,Manual,First,22.0 kmpl,1197 CC,81.80 bhp,White,5.0,4.0,7.67 Lakh,4.5
Toyota Innova,Chennai,2016.0,80000.0,Diesel,Automatic,First,11.36 kmpl,2755 CC,171.5 bhp,Black/Silver,7.0,4.0,26.95 Lakh,19.5
Maruti Vitara,,2018.0,,Diesel,Manual,First,24.3 kmpl,1248 CC,88.5 bhp,White,5.0,4.0,11.12 Lakh,8.63
Toyota Corolla,Mumbai,2010.0,93000.0,Petrol,Manual,First,14.28 kmpl,1798 CC,138.03 bhp,White,5.0,4.0,19.39 Lakh,4.5
Chevrolet Optra,Pune,2005.0,150000.0,Petrol,Manual,First,14.7 kmpl,1598 CC,null bhp,White,5.0,4.0,,1.5
Honda Civic,Mumbai,2007.0,69000.0,Petrol,Automatic,Second,12.9 kmpl,1799 CC,130 bhp,White,5.0,4.0,,2.25
Tata Zest,Delhi,2017.0,47000.0,Petrol,Manual,Second,17.57 kmpl,1193 CC,88.7 bhp,Black/Silver,5.0,4.0,6.62 Lakh,4.5
Hyundai Grand,Kochi,2017.0,34429.0,Diesel,Manual,First,24.0 kmpl,1120 CC,70 bhp,Black/Silver,5.0,4.0,,5.5
Mahindra Xylo,Hyderabad,2016.0,105545.0,Diesel,Manual,First,14.0 kmpl,2498 CC,112 bhp,Black/Silver,7.0,5.0,,5.3
Maruti Wagon,Pune,2011.0,71000.0,Petrol,Manual,First,20.51 kmpl,998 CC,67.04 bhp,Black/Silver,5.0,4.0,,2.6
BMW 7,Kochi,2015.0,29966.0,Diesel,Automatic,Second,16.77 kmpl,2993 CC,261.49 bhp,Others,5.0,4.0,1.4 Cr,43.6
Hyundai i10,Pune,2009.0,95980.0,Petrol,Manual,First,20.36 kmpl,1197 CC,78.9 bhp,White,5.0,4.0,,2.25
Maruti Eeco,Coimbatore,2012.0,56661.0,Petrol,Manual,First,15.1 kmpl,1196 CC,73 bhp,Others,7.0,5.0,4.98 Lakh,3.61
Mercedes-Benz E-Class,Bangalore,2005.0,54000.0,Diesel,Automatic,First,11.0 kmpl,2987 CC,198.5 bhp,White,5.0,4.0,,10.0
Nissan Micra,Pune,2010.0,85046.0,Petrol,Manual,Second,18.06 kmpl,1198 CC,75 bhp,Black/Silver,5.0,4.0,,2.3
Chevrolet Beat,Bangalore,2012.0,40700.0,Diesel,Manual,First,25.44 kmpl,936 CC,57.6 bhp,Black/Silver,5.0,4.0,,2.65
Maruti Ritz,Kochi,2011.0,33292.0,Petrol,Manual,First,18.5 kmpl,1197 CC,85.80 bhp,White,5.0,4.0,,3.19
Hyundai i10,Pune,2009.0,68000.0,Petrol,Manual,Third,20.36 kmpl,1197 CC,78.9 bhp,Black/Silver,5.0,4.0,,1.95
Maruti Vitara,Pune,2017.0,38000.0,Diesel,Manual,First,24.3 kmpl,1248 CC,88.5 bhp,Others,5.0,4.0,,7.99
Maruti Ciaz,Delhi,2015.0,46166.0,Diesel,Manual,Second,26.21 kmpl,1248 CC,88.5 bhp,White,5.0,4.0,,5.5
Ford Fiesta,Kochi,2015.0,69749.0,Diesel,Manual,First,18.6 kmpl,1388 CC,67 bhp,Others,5.0,4.0,,3.82
Ford Ecosport,Pune,2014.0,72100.0,Diesel,Manual,First,22.7 kmpl,1498 CC,89.84 bhp,Others,5.0,4.0,,5.45
Mahindra XUV500,Kochi,2016.0,51884.0,Diesel,Manual,First,16.0 kmpl,2179 CC,140 bhp,White,7.0,5.0,,12.46
Mercedes-Benz GLA,Delhi,2015.0,48000.0,Diesel,Automatic,First,17.9 kmpl,2143 CC,136 bhp,White,5.0,4.0,,20.26
Hyundai Grand,Chennai,2016.0,18000.0,Petrol,Automatic,First,18.9 kmpl,1197 CC,82 bhp,Others,5.0,4.0,,5.4
Ford Ikon,Coimbatore,2008.0,59833.0,Petrol,Manual,Fourth & Above,13.8 kmpl,1299 CC,70 bhp,Black/Silver,5.0,4.0,,1.97
Volkswagen Vento,Mumbai,2011.0,66000.0,Petrol,Manual,First,15.04 kmpl,1598 CC,103.6 bhp,Others,5.0,4.0,,2.95
Maruti Wagon,Delhi,2013.0,32378.0,Petrol,Manual,First,20.51 kmpl,998 CC,67.04 bhp,Black/Silver,5.0,4.0,,2.8
Hyundai Verna,Coimbatore,2012.0,54957.0,Petrol,Automatic,First,17.1 kmpl,1591 CC,121.4 bhp,White,5.0,4.0,,5.37
Maruti Ritz,Coimbatore,2013.0,73278.0,Diesel,Manual,First,21.1 kmpl,1248 CC,73.9 bhp,White,5.0,4.0,,5.05
Hyundai Accent,Kolkata,2005.0,50000.0,Petrol,Manual,First,13.2 kmpl,1495 CC,94 bhp,White,5.0,4.0,,0.7
Volkswagen Ameo,Pune,2018.0,20000.0,Petrol,Manual,First,17.0 kmpl,1198 CC,74 bhp,White,5.0,4.0,,5.5
Chevrolet Beat,Coimbatore,2011.0,64831.0,Petrol,Manual,First,18.6 kmpl,1199 CC,79.4 bhp,Black/Silver,5.0,4.0,,3.21
Ford Figo,Delhi,2014.0,66000.0,Diesel,Manual,First,20.0 kmpl,1399 CC,68.05 bhp,Others,5.0,4.0,,3.47
Hyundai Elantra,Ahmedabad,2016.0,22000.0,Diesel,Automatic,First,19.5 kmpl,1582 CC,126.24 bhp,Others,5.0,4.0,,16.0
Mitsubishi Pajero,Pune,2015.0,78000.0,Diesel,Automatic,First,13.5 kmpl,2477 CC,175.56 bhp,Black/Silver,6.0,5.0,,15.0
Honda Amaze,Coimbatore,2014.0,48997.0,Petrol,Manual,Second,18.0 kmpl,1198 CC,86.7 bhp,Black/Silver,5.0,4.0,,5.21
Hyundai Elantra,Mumbai,2013.0,40000.0,Diesel,Manual,Second,22.7 kmpl,1582 CC,126.24 bhp,Others,5.0,4.0,,6.95
Ford Endeavour,Pune,2016.0,75000.0,Diesel,Automatic,First,12.62 kmpl,2198 CC,158 bhp,Others,7.0,5.0,,24.0
BMW X1,Kochi,2018.0,30733.0,Diesel,Automatic,First,20.68 kmpl,1995 CC,190 bhp,White,5.0,4.0,,29.3
Hyundai Santa,Bangalore,2015.0,59000.0,Diesel,Automatic,First,13.01 kmpl,2199 CC,194.3 bhp,White,7.0,5.0,,21.0
Honda WRV,Hyderabad,2017.0,15000.0,Petrol,Manual,First,17.5 kmpl,1199 CC,88.7 bhp,White,5.0,4.0,10.83 Lakh,8.9
Mercedes-Benz E-Class,Ahmedabad,2016.0,39500.0,Diesel,Automatic,First,15.0 kmpl,2143 CC,204 bhp,Black/Silver,5.0,4.0,,29.5
Hyundai Verna,Bangalore,2011.0,61000.0,Petrol,Manual,Second,16.2 kmpl,1599 CC,103.2 bhp,Others,5.0,4.0,,3.4
Mercedes-Benz New,Hyderabad,2012.0,65000.0,Diesel,Automatic,First,14.94 kmpl,2143 CC,204 bhp,Others,5.0,4.0,,16.0
Chevrolet Spark,Kochi,2012.0,50619.0,Petrol,Manual,First,18.0 kmpl,995 CC,62 bhp,Others,5.0,4.0,,2.0
Renault Duster,Coimbatore,2013.0,52600.0,Diesel,Manual,First,19.6 kmpl,1461 CC,108.45 bhp,White,5.0,4.0,,7.26
Honda Amaze,Delhi,2014.0,69876.0,Petrol,Manual,First,18.0 kmpl,1198 CC,86.7 bhp,Others,5.0,4.0,,3.9
Mahindra KUV,,2017.0,,Petrol,Manual,First,18.15 kmpl,1198 CC,82 bhp,Others,5.0,4.0,,4.85
Mercedes-Benz GLA,Chennai,2016.0,60000.0,Diesel,Automatic,Second,17.9 kmpl,2143 CC,136 bhp,Others,5.0,4.0,,17.55
Hyundai Grand,Coimbatore,2016.0,37429.0,Petrol,Manual,First,18.9 kmpl,1197 CC,81.86 bhp,Others,5.0,4.0,8.1 Lakh,5.89
Toyota Innova,Mumbai,2008.0,70700.0,Diesel,Manual,First,12.99 kmpl,2494 CC,100 bhp,White,8.0,5.0,,4.75
Hyundai i20,Delhi,2015.0,66823.0,Diesel,Manual,Second,22.54 kmpl,1396 CC,88.73 bhp,Black/Silver,5.0,4.0,,4.83
Hyundai Santa,Bangalore,2011.0,148000.0,Diesel,Manual,Second,14.66 kmpl,2199 CC,194.3 bhp,Black/Silver,7.0,5.0,,8.9
Skoda Superb,Mumbai,2015.0,19000.0,Diesel,Automatic,First,18.19 kmpl,1968 CC,174.5 bhp,Black/Silver,5.0,4.0,36.94 Lakh,15.5
Audi A6,Mumbai,2012.0,62500.0,Diesel,Automatic,Second,17.68 kmpl,1968 CC,174.33 bhp,White,5.0,4.0,,19.0
Maruti Dzire,Ahmedabad,2013.0,56454.0,Diesel,Manual,First,28.4 kmpl,1248 CC,73.75 bhp,Others,5.0,4.0,8.95 Lakh,4.65
Maruti Swift,Hyderabad,2016.0,55746.0,Diesel,Manual,First,22.9 kmpl,1248 CC,74 bhp,Black/Silver,5.0,4.0,,6.95
Hyundai i10,Kolkata,2011.0,38002.0,Petrol,Manual,First,20.36 kmpl,1197 CC,78.9 bhp,Black/Silver,5.0,4.0,,2.15
Volkswagen Vento,Kochi,2016.0,25899.0,Petrol,Manual,First,15.04 kmpl,1598 CC,103.2 bhp,White,5.0,4.0,,6.2
Maruti Eeco,Kochi,2019.0,21112.0,CNG,Manual,First,15.1 km/kg,1196 CC,73 bhp,White,5.0,4.0,,5.38
Hyundai EON,Coimbatore,2015.0,34063.0,Petrol,Manual,First,21.1 kmpl,814 CC,55.2 bhp,Black/Silver,5.0,4.0,,4.01
Volkswagen Polo,Coimbatore,2015.0,46190.0,Diesel,Manual,First,22.07 kmpl,1199 CC,73.9 bhp,Black/Silver,5.0,4.0,,5.86
Mercedes-Benz E-Class,Mumbai,2009.0,68001.0,Petrol,Automatic,Second,10.93 kmpl,3498 CC,272 bhp,White,5.0,4.0,,11.75
Chevrolet Aveo,Mumbai,2008.0,75000.0,Petrol,Manual,Second,15.26 kmpl,1150 CC,74.9 bhp,Others,5.0,4.0,,1.15
Hyundai Sonata,Kolkata,2009.0,65000.0,Diesel,Manual,Second,13.6 kmpl,1991 CC,142 bhp,Black/Silver,5.0,4.0,,4.9
Hyundai Verna,Chennai,2009.0,60000.0,Petrol,Manual,Third,13.9 kmpl,1599 CC,103.2 bhp,Black/Silver,5.0,4.0,,2.25
Mahindra KUV,Delhi,2018.0,42000.0,Petrol,Manual,First,18.15 kmpl,1198 CC,82 bhp,Others,6.0,4.0,7.96 Lakh,5.5
Toyota Etios,Bangalore,2013.0,132000.0,Petrol,Manual,First,16.78 kmpl,1496 CC,88.73 bhp,Black/Silver,5.0,4.0,,4.7
Hyundai i20,Pune,2012.0,55000.0,Petrol,Automatic,Second,15.0 kmpl,1396 CC,98.6 bhp,White,5.0,4.0,,3.75
Audi Q7,Hyderabad,2012.0,79000.0,Diesel,Automatic,First,12.07 kmpl,2967 CC,241.4 bhp,Black/Silver,7.0,5.0,,39.0
Volkswagen Vento,Mumbai,2016.0,25000.0,Diesel,Automatic,First,21.5 kmpl,1498 CC,108.5 bhp,Black/Silver,5.0,4.0,15.86 Lakh,9.45
Maruti Swift,Ahmedabad,2008.0,52000.0,Petrol,Manual,First,16.1 kmpl,1298 CC,88.2 bhp,Others,5.0,4.0,,2.41
Renault Duster,Coimbatore,2015.0,64677.0,Diesel,Manual,First,20.45 kmpl,1461 CC,83.8 bhp,Black/Silver,5.0,4.0,,5.67
Hyundai Creta,Coimbatore,2017.0,23163.0,Petrol,Manual,First,15.29 kmpl,1591 CC,121.3 bhp,Black/Silver,5.0,4.0,,12.03
Mercedes-Benz New,Mumbai,2010.0,49000.0,Diesel,Automatic,First,19.27 kmpl,2143 CC,170 bhp,Black/Silver,5.0,4.0,,8.95
Chevrolet Beat,Kolkata,2010.0,17088.0,Petrol,Manual,First,18.6 kmpl,1199 CC,79.4 bhp,White,5.0,4.0,,1.46
Ford Figo,Jaipur,2010.0,90000.0,Diesel,Manual,Second,20.0 kmpl,1399 CC,68 bhp,Others,5.0,4.0,,1.4
Mercedes-Benz E-Class,Hyderabad,2013.0,34700.0,Diesel,Automatic,First,10.0 kmpl,2148 CC,170 bhp,Others,5.0,4.0,,24.5
Maruti Wagon,Pune,2002.0,93000.0,Petrol,Manual,Third,18.9 kmpl,998 CC,67.1 bhp,White,5.0,4.0,,1.0
Maruti Vitara,Kochi,2017.0,21248.0,Diesel,Manual,First,24.3 kmpl,1248 CC,88.5 bhp,Black/Silver,5.0,4.0,11.75 Lakh,9.44
Hyundai Santro,Chennai,2007.0,82000.0,Petrol,Manual,Second,0.0 kmpl,1086 CC,null bhp,Black/Silver,5.0,4.0,,1.35
Audi A4,Ahmedabad,2013.0,82002.0,Diesel,Automatic,Second,16.55 kmpl,1968 CC,147.51 bhp,Others,5.0,4.0,,17.5
Maruti 800,Jaipur,2009.0,22100.0,Petrol,Manual,Second,16.1 kmpl,796 CC,37 bhp,White,4.0,4.0,,0.8
Hyundai i10,Ahmedabad,2012.0,60000.0,Petrol,Manual,Second,19.81 kmpl,1086 CC,68.05 bhp,White,5.0,4.0,,2.65
Skoda Superb,Mumbai,2010.0,62004.0,Petrol,Automatic,Second,14.67 kmpl,1798 CC,177.46 bhp,Others,5.0,4.0,33.36 Lakh,3.75
Ford Endeavour,Mumbai,2010.0,78000.0,Diesel,Automatic,Second,11.4 kmpl,2953 CC,153.86 bhp,Others,7.0,5.0,,5.34
Maruti Wagon,Kolkata,2014.0,25000.0,Petrol,Manual,First,20.51 kmpl,998 CC,67.04 bhp,Others,5.0,4.0,,2.75
Toyota Fortuner,Pune,2011.0,146300.0,Diesel,Manual,First,11.5 kmpl,2982 CC,171 bhp,White,7.0,5.0,,12.25
Hyundai i20,Delhi,2012.0,54000.0,Petrol,Manual,First,18.5 kmpl,1197 CC,82.85 bhp,White,5.0,4.0,,3.3
Tata Manza,Ahmedabad,2013.0,47304.0,Diesel,Manual,First,21.02 kmpl,1248 CC,88.8 bhp,Others,5.0,4.0,,2.9
Toyota Fortuner,Delhi,2014.0,79000.0,Diesel,Automatic,First,12.55 kmpl,2982 CC,168.5 bhp,Black/Silver,7.0,5.0,,18.25
Volkswagen Polo,Chennai,2012.0,94000.0,Diesel,Manual,First,22.07 kmpl,1199 CC,73.9 bhp,Black/Silver,5.0,4.0,,4.5
Hyundai Verna,Hyderabad,2013.0,82966.0,Diesel,Manual,First,16.8 kmpl,1493 CC,110 bhp,White,5.0,4.0,,7.2
Maruti Ritz,Hyderabad,2012.0,146824.0,Diesel,Manual,First,21.1 kmpl,1248 CC,73.9 bhp,Black/Silver,5.0,4.0,,3.55
BMW 5,Ahmedabad,2012.0,59900.0,Diesel,Automatic,Second,18.48 kmpl,1995 CC,177 bhp,White,5.0,4.0,,18.5
Honda City,Ahmedabad,2009.0,72000.0,Petrol,Automatic,First,16.8 kmpl,1497 CC,116.4 bhp,Others,5.0,4.0,,3.2
Hyundai i10,Bangalore,2008.0,84000.0,Petrol,Manual,First,20.36 kmpl,1197 CC,78.9 bhp,Black/Silver,5.0,4.0,,2.5
Volkswagen Vento,Kolkata,2014.0,38000.0,Petrol,Manual,First,16.09 kmpl,1598 CC,103.5 bhp,Black/Silver,5.0,4.0,10.94 Lakh,3.49
Maruti Ertiga,Bangalore,2014.0,68000.0,Petrol,Manual,Second,16.02 kmpl,1373 CC,93.7 bhp,Black/Silver,7.0,5.0,,6.75
Maruti Celerio,Pune,2016.0,54000.0,Petrol,Automatic,First,23.1 kmpl,998 CC,67.04 bhp,Others,5.0,4.0,,4.5
Mahindra Quanto,Kolkata,2013.0,36000.0,Diesel,Manual,First,17.21 kmpl,1493 CC,100 bhp,Others,7.0,5.0,,3.9
Honda Accord,Mumbai,2007.0,80000.0,Petrol,Automatic,First,11.1 kmpl,2354 CC,142 bhp,White,5.0,4.0,,3.0
Volkswagen Vento,Kolkata,2012.0,34000.0,Diesel,Manual,First,20.64 kmpl,1498 CC,108.5 bhp,Others,5.0,4.0,11.16 Lakh,3.4
Hyundai Xcent,Mumbai,2014.0,58000.0,Diesel,Manual,Second,24.4 kmpl,1120 CC,71 bhp,Others,5.0,4.0,,3.99
Skoda Octavia,Hyderabad,2006.0,121000.0,Diesel,Manual,Second,16.4 kmpl,1896 CC,90 bhp,Black/Silver,5.0,4.0,,2.5
Renault Duster,Bangalore,2016.0,45000.0,Diesel,Automatic,First,19.6 kmpl,1461 CC,108.45 bhp,Others,5.0,4.0,15.05 Lakh,11.5
Audi A4,Kochi,2019.0,38163.0,Diesel,Automatic,First,17.11 kmpl,1968 CC,174.33 bhp,Black/Silver,5.0,4.0,,32.91
Maruti Baleno,Delhi,2016.0,17000.0,Petrol,Manual,First,21.4 kmpl,1197 CC,83.1 bhp,White,5.0,4.0,,6.9
Hyundai Xcent,Jaipur,2015.0,100000.0,Diesel,,,24.4 kmpl,1120 CC,71 bhp,Others,5.0,4.0,,4.0
Hyundai i20,Kolkata,2010.0,18000.0,Petrol,Manual,First,18.5 kmpl,1197 CC,80 bhp,White,5.0,4.0,,2.3
Mahindra Renault,Chennai,2007.0,35000.0,Diesel,Manual,First,19.2 kmpl,1461 CC,65 bhp,White,5.0,4.0,,2.3
Maruti Zen,Kochi,2011.0,25805.0,Petrol,Manual,First,18.2 kmpl,1061 CC,64 bhp,Others,5.0,4.0,,2.62
Skoda Fabia,Hyderabad,2010.0,78000.0,Petrol,Manual,First,17.5 kmpl,1198 CC,75 bhp,Others,5.0,4.0,,3.25
Hyundai EON,Hyderabad,2013.0,20000.0,Petrol,Manual,Second,21.1 kmpl,814 CC,55.2 bhp,White,5.0,4.0,,2.3
Hyundai Verna,Delhi,2012.0,70707.0,Diesel,Manual,First,22.32 kmpl,1582 CC,126.32 bhp,White,5.0,4.0,,4.28
Toyota Corolla,Delhi,2008.0,63000.0,Petrol,Manual,First,13.4 kmpl,1794 CC,125 bhp,Black/Silver,5.0,4.0,,2.05
Hyundai i10,Mumbai,2011.0,9489.0,Petrol,Manual,First,20.36 kmpl,1197 CC,78.9 bhp,Black/Silver,5.0,4.0,,2.95
Maruti Ciaz,Mumbai,2017.0,5500.0,Petrol,Manual,First,21.56 kmpl,1462 CC,103.25 bhp,White,5.0,4.0,11.11 Lakh,8.2
Honda Civic,Delhi,2008.0,80000.0,Petrol,Manual,First,13.5 kmpl,1799 CC,130 bhp,Others,5.0,4.0,,2.75
Chevrolet Cruze,Bangalore,2013.0,62000.0,Diesel,Manual,Second,18.3 kmpl,1991 CC,147.9 bhp,Others,5.0,4.0,,6.75
BMW 3,Mumbai,2013.0,49000.0,Diesel,Automatic,First,8.2 kmpl,2993 CC,245 bhp,Others,4.0,4.0,,29.0
Mahindra Bolero,Chennai,2006.0,82453.0,Diesel,Manual,First,13.6 kmpl,2523 CC,63 bhp,White,8.0,5.0,,2.9
Chevrolet Aveo,Pune,2007.0,63000.0,Petrol,Manual,Third,14.2 kmpl,1598 CC,102 bhp,White,5.0,4.0,,1.2
Mercedes-Benz GLA,Chennai,2015.0,38000.0,Diesel,Automatic,First,17.9 kmpl,2143 CC,136 bhp,Others,5.0,4.0,,20.0
Hyundai i20,Bangalore,2014.0,67000.0,Diesel,Manual,First,23.0 kmpl,1396 CC,90 bhp,Others,5.0,4.0,,5.5
Mercedes-Benz New,Coimbatore,2017.0,26493.0,Diesel,Automatic,First,19.27 kmpl,2143 CC,170 bhp,Black/Silver,5.0,4.0,,33.64
Ford Fiesta,Pune,2012.0,63400.0,Diesel,Manual,First,17.8 kmpl,1399 CC,67 bhp,Black/Silver,5.0,4.0,,3.25
Audi Q3,Mumbai,2013.0,60000.0,Diesel,Automatic,First,15.73 kmpl,1968 CC,174.33 bhp,Black/Silver,5.0,4.0,,22.0
Hyundai i20,Kochi,2016.0,49716.0,Diesel,Manual,First,21.19 kmpl,1396 CC,88.73 bhp,Black/Silver,5.0,4.0,,6.2
Maruti SX4,Kochi,2012.0,77407.0,Diesel,Manual,Second,21.5 kmpl,1248 CC,88.8 bhp,Black/Silver,5.0,4.0,,3.53
Hyundai Santro,Hyderabad,2007.0,50958.0,Petrol,Manual,First,17.0 kmpl,1086 CC,null bhp,White,5.0,4.0,,1.95
Ford Figo,Hyderabad,2013.0,51000.0,Diesel,Manual,First,20.0 kmpl,1399 CC,68.05 bhp,Black/Silver,5.0,4.0,,3.2
Toyota Fortuner,Mumbai,2012.0,131765.0,Diesel,Manual,First,13.0 kmpl,2982 CC,168.5 bhp,Others,7.0,5.0,,13.5
Hyundai Sonata,Kolkata,2013.0,41000.0,Petrol,Automatic,First,12.37 kmpl,2359 CC,198.25 bhp,Black/Silver,5.0,4.0,,6.0
Tata Tiago,Hyderabad,2017.0,22000.0,Petrol,Manual,First,23.84 kmpl,1199 CC,84 bhp,Others,5.0,4.0,6.42 Lakh,4.8
Audi A4,Kolkata,2009.0,46000.0,Diesel,Automatic,First,16.55 kmpl,1968 CC,147.51 bhp,Others,5.0,4.0,,8.5
Hyundai EON,Pune,2015.0,30158.0,Petrol,Manual,First,21.1 kmpl,814 CC,55.2 bhp,White,5.0,4.0,,3.05
Maruti 800,Jaipur,2010.0,70000.0,Petrol,Manual,Second,16.1 kmpl,796 CC,37 bhp,Black/Silver,4.0,4.0,,0.9
Hyundai Creta,Pune,2016.0,42244.0,Diesel,Manual,First,19.67 kmpl,1582 CC,126.2 bhp,White,5.0,4.0,,12.0
Audi A6,Hyderabad,2013.0,70181.0,Diesel,Automatic,First,17.68 kmpl,1968 CC,174.33 bhp,White,5.0,4.0,,23.99
Maruti Wagon,Kochi,2014.0,68365.0,CNG,Manual,First,26.6 km/kg,998 CC,58.16 bhp,White,5.0,4.0,,3.77
Mercedes-Benz New,Mumbai,2011.0,36000.0,Petrol,Automatic,First,11.74 kmpl,1796 CC,186 bhp,Others,5.0,4.0,,10.15
Hyundai Grand,Jaipur,2014.0,42355.0,Petrol,Manual,First,18.9 kmpl,1197 CC,82 bhp,Black/Silver,5.0,4.0,,4.0
Mini Cooper,Kochi,2017.0,26327.0,Petrol,Automatic,First,16.82 kmpl,1998 CC,189.08 bhp,White,4.0,4.0,44.28 Lakh,35.67
Hyundai Grand,Delhi,2014.0,58000.0,Diesel,Manual,First,24.0 kmpl,1120 CC,70 bhp,Black/Silver,5.0,4.0,,3.25
Volkswagen Polo,Hyderabad,2017.0,22857.0,Petrol,Manual,First,16.2 kmpl,1199 CC,74 bhp,Black/Silver,5.0,4.0,,6.9
Maruti Zen,Hyderabad,2011.0,61111.0,Petrol,Manual,First,19.0 kmpl,998 CC,67.1 bhp,Black/Silver,5.0,4.0,,2.6
Hyundai Santro,Jaipur,2005.0,120000.0,Petrol,Manual,First,0.0 kmpl,1086 CC,null bhp,Others,5.0,4.0,,1.15
Mahindra XUV500,Hyderabad,2016.0,80999.0,Diesel,Automatic,First,16.0 kmpl,2179 CC,140 bhp,Black/Silver,7.0,5.0,,14.4
Audi Q5,Coimbatore,2018.0,32496.0,Diesel,Automatic,First,13.22 kmpl,2967 CC,241.4 bhp,White,5.0,4.0,,45.62
Toyota Fortuner,Jaipur,2015.0,94000.0,Diesel,Automatic,First,11.5 kmpl,2982 CC,169 bhp,White,7.0,5.0,,20.5
Mahindra KUV,Hyderabad,2016.0,26000.0,Diesel,Manual,First,25.32 kmpl,1198 CC,77 bhp,Others,6.0,4.0,,6.5
Maruti Alto,Chennai,2015.0,21000.0,Petrol,Manual,First,22.74 kmpl,796 CC,47.3 bhp,White,5.0,4.0,,2.79
Hyundai i10,Jaipur,2014.0,60000.0,Petrol,Manual,First,20.36 kmpl,1197 CC,78.9 bhp,Black/Silver,5.0,4.0,,3.25
Hyundai Grand,Bangalore,2014.0,30000.0,Petrol,Manual,Second,18.9 kmpl,1197 CC,82 bhp,White,5.0,4.0,,4.9
Nissan Sunny,Hyderabad,2014.0,32000.0,Petrol,Automatic,First,17.97 kmpl,1498 CC,99.6 bhp,Black/Silver,5.0,4.0,,7.99
Ford Figo,Delhi,2013.0,54000.0,Diesel,Manual,First,20.0 kmpl,1399 CC,68.05 bhp,Others,5.0,4.0,,2.55
Audi A6,Mumbai,2009.0,30000.0,Diesel,Automatic,First,12.4 kmpl,2698 CC,179.5 bhp,White,5.0,4.0,,8.95
Honda Jazz,Bangalore,2015.0,23000.0,Petrol,Manual,First,18.7 kmpl,1199 CC,88.7 bhp,White,5.0,4.0,,5.6
Hyundai i10,Pune,2013.0,54500.0,Petrol,Manual,Third,20.36 kmpl,1197 CC,78.9 bhp,Black/Silver,5.0,4.0,,2.95
Honda City,Jaipur,2007.0,75055.0,Petrol,Manual,First,12.8 kmpl,1493 CC,100 bhp,Black/Silver,5.0,4.0,,2.3
Hyundai i20,Coimbatore,2017.0,14618.0,Petrol,Manual,First,18.6 kmpl,1197 CC,81.83 bhp,Black/Silver,5.0,4.0,,8.11
Hyundai Santro,Hyderabad,2007.0,71297.0,Petrol,Manual,First,17.0 kmpl,1086 CC,null bhp,White,5.0,4.0,,2.2
Renault Duster,Coimbatore,2017.0,42646.0,Diesel,Automatic,First,19.6 kmpl,1461 CC,108.45 bhp,Others,5.0,4.0,15.05 Lakh,12.46
Volkswagen Vento,Pune,2012.0,75000.0,Diesel,Manual,Third,20.54 kmpl,1598 CC,103.6 bhp,White,5.0,4.0,,3.5
Hyundai Creta,Kochi,2016.0,52553.0,Diesel,Manual,First,19.67 kmpl,1582 CC,126.2 bhp,Others,5.0,4.0,,12.26
Nissan Terrano,Mumbai,2016.0,37000.0,Diesel,Manual,First,20.45 kmpl,1461 CC,83.8 bhp,White,5.0,4.0,,6.5
BMW 5,Ahmedabad,2016.0,44001.0,Diesel,Automatic,First,18.12 kmpl,1995 CC,190 bhp,Black/Silver,5.0,4.0,,34.51
Honda Brio,Pune,2016.0,32198.0,Petrol,Automatic,First,16.5 kmpl,1198 CC,86.8 bhp,White,5.0,4.0,,5.1
Maruti Alto,Pune,2016.0,7000.0,Petrol,Manual,First,24.07 kmpl,998 CC,67.1 bhp,Black/Silver,5.0,4.0,4.36 Lakh,3.0
Honda Civic,Pune,2006.0,125000.0,Petrol,Manual,Second,13.5 kmpl,1799 CC,130 bhp,White,5.0,4.0,,2.3
Maruti Celerio,Hyderabad,2014.0,24300.0,Petrol,Automatic,First,23.1 kmpl,998 CC,67.04 bhp,Others,5.0,4.0,,4.55
Maruti Ertiga,Chennai,2013.0,52000.0,Diesel,Manual,First,20.77 kmpl,1248 CC,88.76 bhp,Others,7.0,5.0,,6.9
Chevrolet Optra,Mumbai,2004.0,98798.0,Petrol,Manual,First,14.7 kmpl,1599 CC,104 bhp,Black/Silver,5.0,4.0,,1.5
Volkswagen Polo,Kolkata,2013.0,34212.0,Diesel,Manual,First,22.07 kmpl,1199 CC,73.9 bhp,White,5.0,4.0,,2.79
Mahindra Scorpio,Hyderabad,2013.0,86000.0,Diesel,Automatic,First,11.79 kmpl,2179 CC,120 bhp,Black/Silver,8.0,5.0,,8.0
Hyundai i20,Chennai,2012.0,70000.0,Diesel,Manual,First,21.9 kmpl,1396 CC,88.8 bhp,White,5.0,4.0,,4.0
Hyundai Santro,Chennai,2009.0,136642.0,Petrol,Manual,Second,17.92 kmpl,1086 CC,62.1 bhp,Black/Silver,5.0,4.0,,1.55
Hyundai i10,Kolkata,2008.0,55410.0,Petrol,Manual,First,19.81 kmpl,1086 CC,68.05 bhp,Black/Silver,5.0,4.0,,1.65
Hyundai Accent,Hyderabad,2010.0,95637.0,CNG,Manual,Second,13.2 km/kg,1495 CC,93.7 bhp,Others,5.0,4.0,,1.9
Audi A4,Kochi,2013.0,45330.0,Diesel,Automatic,First,16.55 kmpl,1968 CC,147.51 bhp,Black/Silver,5.0,4.0,,13.19
BMW 3,Hyderabad,2015.0,36255.0,Diesel,Automatic,First,19.59 kmpl,1995 CC,184 bhp,Others,5.0,4.0,,33.0
BMW X1,Pune,2011.0,62943.0,Diesel,Automatic,Second,17.05 kmpl,1995 CC,184 bhp,White,5.0,4.0,,10.95
Maruti Baleno,Coimbatore,2018.0,38852.0,Petrol,Automatic,First,21.4 kmpl,1197 CC,83.1 bhp,Black/Silver,5.0,4.0,,8.47
Mahindra Scorpio,Delhi,2011.0,77001.0,Diesel,Manual,First,12.05 kmpl,2179 CC,120 bhp,Others,8.0,5.0,,4.49
Maruti Wagon,Mumbai,2012.0,72000.0,CNG,Manual,First,26.2 km/kg,998 CC,58.2 bhp,White,5.0,4.0,,2.25
Toyota Innova,Coimbatore,2010.0,124313.0,Diesel,Manual,First,12.99 kmpl,2494 CC,100.6 bhp,White,8.0,5.0,,7.96
Maruti Swift,Kolkata,2011.0,60020.0,Diesel,Manual,First,17.8 kmpl,1248 CC,null bhp,White,5.0,4.0,,2.5
Audi Q7,Coimbatore,2016.0,31075.0,Diesel,Automatic,Second,12.07 kmpl,2967 CC,241.4 bhp,Black/Silver,7.0,5.0,,49.79
Maruti Alto,Chennai,2006.0,68000.0,Petrol,Manual,First,19.7 kmpl,796 CC,46.3 bhp,White,5.0,4.0,,1.5
Honda Jazz,Mumbai,2015.0,27628.0,Petrol,Manual,First,18.7 kmpl,1199 CC,88.7 bhp,Others,5.0,4.0,,4.95
Hyundai i10,Chennai,2012.0,70000.0,Petrol,Manual,First,20.36 kmpl,1197 CC,78.9 bhp,Black/Silver,5.0,4.0,,3.15
Maruti Swift,Jaipur,2012.0,75451.0,Petrol,Manual,First,17.5 kmpl,1197 CC,85.8 bhp,Others,5.0,4.0,,3.78
Honda Jazz,Jaipur,2015.0,63642.0,Diesel,Manual,First,27.3 kmpl,1498 CC,98.6 bhp,Black/Silver,5.0,4.0,,5.65
Honda City,Kolkata,2010.0,38446.0,Petrol,Manual,First,17.0 kmpl,1497 CC,118 bhp,Others,5.0,4.0,,2.59
Tata Hexa,Delhi,2017.0,55000.0,Diesel,Manual,First,17.6 kmpl,2179 CC,153.86 bhp,White,7.0,5.0,19.86 Lakh,12.0
Audi A6,Kochi,2014.0,57456.0,Diesel,Automatic,First,17.68 kmpl,1968 CC,174.33 bhp,Black/Silver,5.0,4.0,,21.56
Hyundai Grand,Coimbatore,2017.0,38712.0,Petrol,Manual,First,18.9 kmpl,1197 CC,81.86 bhp,Black/Silver,5.0,4.0,7.45 Lakh,5.87
Volkswagen Vento,Hyderabad,2017.0,3600.0,Diesel,Automatic,First,21.5 kmpl,1498 CC,108.5 bhp,Black/Silver,5.0,4.0,,12.25
Chevrolet Enjoy,Mumbai,2014.0,18000.0,Petrol,Manual,First,13.7 kmpl,1399 CC,98.82 bhp,Others,7.0,5.0,,3.35
Honda Brio,Pune,2013.0,50000.0,Petrol,Manual,First,19.4 kmpl,1198 CC,86.8 bhp,White,5.0,4.0,,3.25
Volkswagen Vento,Bangalore,2011.0,80000.0,Diesel,Manual,First,20.54 kmpl,1598 CC,103.6 bhp,White,5.0,4.0,,4.75
Honda Brio,Mumbai,2015.0,22000.0,Petrol,Manual,First,18.5 kmpl,1198 CC,86.8 bhp,White,5.0,4.0,6.23 Lakh,3.95
Maruti Swift,Pune,2016.0,23000.0,Diesel,Manual,First,26.59 kmpl,1248 CC,74 bhp,Black/Silver,5.0,4.0,,7.05
Hyundai i10,Pune,2013.0,45000.0,Petrol,Manual,First,20.36 kmpl,1197 CC,78.9 bhp,Others,5.0,4.0,,3.55
Maruti Alto,Coimbatore,2012.0,49008.0,Petrol,Manual,First,19.7 kmpl,796 CC,46.3 bhp,White,5.0,4.0,,2.88
Maruti Baleno,Jaipur,2015.0,98000.0,Diesel,Manual,First,27.39 kmpl,1248 CC,74 bhp,White,5.0,4.0,,5.5
Ford Figo,Mumbai,2015.0,28843.0,Petrol,Automatic,First,17.01 kmpl,1499 CC,110.5 bhp,Others,5.0,4.0,,5.49
Honda City,Kochi,2018.0,22974.0,Petrol,Automatic,First,18.0 kmpl,1497 CC,117.3 bhp,Others,5.0,4.0,15.55 Lakh,11.97
Mercedes-Benz GLE,Kochi,2017.0,25601.0,Diesel,Automatic,First,17.9 kmpl,2143 CC,201.15 bhp,White,5.0,4.0,78.76 Lakh,56.73
Honda City,Kolkata,2012.0,60000.0,Petrol,,First,16.8 kmpl,1497 CC,116.3 bhp,White,5.0,4.0,,4.49
Mercedes-Benz B,Kochi,2014.0,42070.0,Petrol,Automatic,First,14.8 kmpl,1595 CC,120.7 bhp,Others,5.0,4.0,,11.57
Hyundai Xcent,Kolkata,2015.0,39871.0,Petrol,Manual,First,19.1 kmpl,1197 CC,81.86 bhp,Others,5.0,4.0,,3.5
Hyundai Elantra,Ahmedabad,2008.0,58005.0,Diesel,Manual,Second,14.9 kmpl,1991 CC,112.2 bhp,Others,5.0,4.0,,4.25
Ford Fiesta,Hyderabad,2014.0,122800.0,Diesel,Manual,First,25.01 kmpl,1498 CC,89.75 bhp,Others,5.0,4.0,,5.65
Renault KWID,Pune,2015.0,28000.0,Petrol,Manual,First,25.17 kmpl,799 CC,53.3 bhp,White,5.0,4.0,,2.65
Ford Figo,Mumbai,2019.0,1000.0,Petrol,Manual,First,18.12 kmpl,1196 CC,86.8 bhp,Black/Silver,5.0,4.0,,6.8
Honda Brio,Delhi,2013.0,33746.0,Petrol,,,18.5 kmpl,1198 CC,86.8 bhp,White,5.0,4.0,6.63 Lakh,3.2
Fiat Grande,Coimbatore,2015.0,44846.0,Petrol,Manual,Second,14.6 kmpl,1368 CC,88.7 bhp,White,5.0,4.0,,5.41
Tata Safari,Jaipur,2017.0,37000.0,Diesel,Manual,First,14.1 kmpl,2179 CC,154 bhp,White,7.0,5.0,16.95 Lakh,11.25
Ford Ecosport,Delhi,2013.0,65000.0,Diesel,Manual,First,22.7 kmpl,1498 CC,89.84 bhp,Others,5.0,4.0,,5.1
Renault Duster,Pune,2016.0,60000.0,Diesel,Manual,First,19.87 kmpl,1461 CC,83.8 bhp,Black/Silver,5.0,4.0,,8.0
Ford EcoSport,Chennai,2014.0,72563.0,Diesel,Manual,Second,22.77 kmpl,1498 CC,98.59 bhp,Others,5.0,4.0,,5.0
Hyundai i10,Kochi,2012.0,45178.0,Petrol,Automatic,First,16.95 kmpl,1197 CC,78.9 bhp,Others,5.0,4.0,,3.48
Mahindra XUV500,Delhi,2014.0,86000.0,Diesel,Manual,First,15.1 kmpl,2179 CC,140 bhp,Others,7.0,5.0,,7.85
Jeep Compass,Kochi,2018.0,28937.0,Diesel,Manual,First,17.1 kmpl,1956 CC,170 bhp,White,5.0,4.0,21.38 Lakh,17.02
Hyundai EON,Coimbatore,2015.0,26568.0,Petrol,Manual,First,21.1 kmpl,814 CC,55.2 bhp,White,5.0,4.0,,3.79
BMW 3,Mumbai,2011.0,51000.0,Diesel,Automatic,First,22.69 kmpl,1995 CC,190 bhp,Black/Silver,5.0,4.0,47.87 Lakh,10.5
Hyundai Elantra,Coimbatore,2019.0,41871.0,Diesel,Manual,First,22.7 kmpl,1582 CC,126.2 bhp,White,5.0,4.0,,15.57
BMW 3,Delhi,2019.0,87000.0,Diesel,Automatic,First,22.69 kmpl,1995 CC,190 bhp,Black/Silver,5.0,4.0,52.46 Lakh,6.67
Maruti Swift,Kolkata,2014.0,48800.0,Petrol,Manual,First,19.1 kmpl,1197 CC,85.8 bhp,White,5.0,4.0,,4.25
Maruti Wagon,Kochi,2013.0,36716.0,Petrol,Manual,First,18.9 kmpl,1061 CC,67 bhp,Others,5.0,4.0,,3.02
Maruti Baleno,Kochi,2017.0,36152.0,Petrol,Automatic,First,21.4 kmpl,1197 CC,83.1 bhp,Black/Silver,5.0,4.0,,7.22
Mahindra KUV,Kolkata,2017.0,10500.0,Diesel,Manual,First,25.32 kmpl,1198 CC,77 bhp,Others,5.0,4.0,,4.7
Mahindra Bolero,Bangalore,2006.0,193000.0,Diesel,Manual,Third,13.6 kmpl,2523 CC,63 bhp,Others,7.0,5.0,,2.5
Maruti Vitara,Pune,2016.0,47300.0,Diesel,Manual,First,24.3 kmpl,1248 CC,88.5 bhp,Others,5.0,4.0,11.96 Lakh,8.85
Honda Civic,Bangalore,2011.0,72000.0,Petrol,Automatic,Second,12.9 kmpl,1799 CC,130 bhp,Black/Silver,5.0,4.0,,5.5
Toyota Corolla,Coimbatore,2014.0,72022.0,Diesel,Manual,First,21.43 kmpl,1364 CC,87.2 bhp,White,5.0,4.0,,9.23
Skoda Superb,Kochi,2017.0,73641.0,Petrol,Automatic,First,14.67 kmpl,1798 CC,177.46 bhp,Black/Silver,5.0,4.0,33.36 Lakh,17.08
Maruti Ritz,Pune,2015.0,65000.0,Diesel,Manual,Second,23.2 kmpl,1248 CC,73.94 bhp,Black/Silver,5.0,4.0,,3.27
Ford Figo,Kolkata,2012.0,36542.0,Diesel,Manual,First,20.0 kmpl,1399 CC,68.05 bhp,Black/Silver,5.0,4.0,,2.65
Hyundai i20,Hyderabad,2015.0,26000.0,Diesel,Manual,First,22.54 kmpl,1396 CC,88.73 bhp,Black/Silver,5.0,4.0,,6.2
Hyundai Creta,Bangalore,2016.0,93000.0,Diesel,Manual,First,20.5 kmpl,1582 CC,126.2 bhp,Others,5.0,4.0,19.18 Lakh,10.8
Maruti Ertiga,Kochi,2013.0,39929.0,Diesel,Manual,First,20.77 kmpl,1248 CC,88.8 bhp,White,7.0,5.0,,6.56
Honda City,Pune,2012.0,45496.0,Petrol,Manual,First,17.0 kmpl,1497 CC,118 bhp,White,5.0,4.0,,4.75
Volkswagen Polo,Delhi,2012.0,74000.0,Diesel,Manual,Second,22.07 kmpl,1199 CC,73.9 bhp,Black/Silver,5.0,4.0,,2.65
Hyundai Grand,Delhi,2017.0,46000.0,Petrol,Manual,First,18.9 kmpl,1197 CC,81.86 bhp,Others,5.0,4.0,6.54 Lakh,4.75
Maruti Swift,Pune,2018.0,30000.0,Diesel,Manual,First,28.4 kmpl,1248 CC,74 bhp,White,5.0,4.0,,6.0
Skoda Rapid,Kolkata,2017.0,31300.0,Diesel,Automatic,First,21.72 kmpl,1498 CC,108.4 bhp,White,5.0,4.0,15.34 Lakh,10.5
Jaguar XF,Coimbatore,2014.0,82536.0,Diesel,Automatic,First,14.74 kmpl,2993 CC,270.9 bhp,Black/Silver,5.0,4.0,,28.63
Volkswagen Jetta,Bangalore,2009.0,74000.0,Diesel,Automatic,First,15.5 kmpl,1896 CC,105 bhp,Black/Silver,5.0,4.0,,5.25
Tata Indica,Kolkata,2008.0,133000.0,Diesel,Manual,First,16.8 kmpl,1405 CC,62 bhp,White,5.0,4.0,,0.7
Maruti Celerio,Delhi,2014.0,77000.0,Petrol,Manual,First,23.1 kmpl,998 CC,67.04 bhp,Others,5.0,4.0,,2.8
Mahindra XUV500,Bangalore,2015.0,76000.0,Diesel,Manual,Second,16.0 kmpl,2179 CC,140 bhp,Others,7.0,5.0,,12.0
Skoda Rapid,Bangalore,2012.0,72000.0,Diesel,Manual,First,20.5 kmpl,1598 CC,103.5 bhp,White,5.0,4.0,,4.6
Chevrolet Cruze,Kochi,2015.0,62242.0,Diesel,Automatic,First,14.39 kmpl,1998 CC,163.7 bhp,White,5.0,4.0,,6.62
Maruti Alto,Mumbai,2018.0,10600.0,CNG,Manual,First,33.44 km/kg,796 CC,40.3 bhp,Others,4.0,4.0,,3.5
Mahindra Bolero,Coimbatore,2016.0,82756.0,Diesel,Manual,First,15.96 kmpl,2523 CC,62.1 bhp,Black/Silver,7.0,5.0,11.28 Lakh,7.7
Maruti SX4,Delhi,2011.0,52000.0,Petrol,Manual,First,15.5 kmpl,1586 CC,103.3 bhp,White,5.0,4.0,,2.6
Mitsubishi Pajero,Bangalore,2013.0,132000.0,Diesel,Manual,First,13.5 kmpl,2477 CC,175.56 bhp,Others,7.0,5.0,34.6 Lakh,12.49
Honda Mobilio,Coimbatore,2017.0,50808.0,Diesel,Manual,Second,24.2 kmpl,1498 CC,98.6 bhp,Black/Silver,7.0,5.0,,6.68
Renault Duster,Mumbai,2014.0,58002.0,Diesel,Manual,First,19.64 kmpl,1461 CC,108.45 bhp,Black/Silver,5.0,4.0,,5.75
BMW 3,Jaipur,2013.0,62655.0,Diesel,Automatic,First,18.88 kmpl,1995 CC,184 bhp,Others,5.0,4.0,,14.5
Honda Amaze,Delhi,2015.0,52516.0,Petrol,Manual,First,18.0 kmpl,1198 CC,86.7 bhp,Others,5.0,4.0,,4.65
Maruti Ertiga,Delhi,2017.0,65000.0,Diesel,Manual,First,25.47 kmpl,1248 CC,88.50 bhp,Others,7.0,5.0,11.16 Lakh,7.65
Honda Amaze,Jaipur,2013.0,70961.0,Diesel,Manual,First,25.8 kmpl,1498 CC,98.6 bhp,Black/Silver,5.0,4.0,,4.0
Maruti Wagon,Chennai,2004.0,61000.0,Petrol,Manual,Second,18.9 kmpl,998 CC,67.1 bhp,White,5.0,4.0,,1.25
Volkswagen Polo,Hyderabad,2012.0,72003.0,Diesel,Manual,First,22.07 kmpl,1199 CC,73.9 bhp,Others,5.0,4.0,,3.9
Nissan Terrano,Kolkata,2016.0,53000.0,Diesel,Manual,First,19.01 kmpl,1461 CC,108.5 bhp,White,5.0,4.0,,6.25
Audi A4,Kochi,2015.0,13648.0,Diesel,Automatic,First,17.11 kmpl,1968 CC,174.33 bhp,White,5.0,4.0,,21.43
Honda Amaze,Kochi,2019.0,25717.0,Petrol,Automatic,First,19.0 kmpl,1199 CC,88.76 bhp,Black/Silver,5.0,4.0,9.47 Lakh,8.86
Mercedes-Benz B,Coimbatore,2017.0,48161.0,Diesel,Automatic,First,15.0 kmpl,2143 CC,107.3 bhp,Others,5.0,4.0,,20.87
Mahindra Scorpio,Chennai,2008.0,100000.0,Diesel,Manual,Second,12.7 kmpl,2609 CC,120 bhp,Others,8.0,5.0,,4.0
Volvo S60,Ahmedabad,2015.0,34000.0,Diesel,Automatic,First,9.0 kmpl,1984 CC,181 bhp,Others,5.0,4.0,,20.0
Mercedes-Benz E-Class,Pune,2014.0,100000.0,Diesel,Automatic,First,14.21 kmpl,2143 CC,203 bhp,Black/Silver,5.0,4.0,,25.0
Maruti 800,Jaipur,2007.0,59000.0,Petrol,Manual,First,16.1 kmpl,796 CC,37 bhp,White,4.0,4.0,,0.75
Mercedes-Benz New,Delhi,2014.0,64000.0,Diesel,Automatic,First,19.27 kmpl,2143 CC,170 bhp,Others,5.0,4.0,,15.65
Volkswagen Vento,Mumbai,2011.0,55893.0,Petrol,Manual,First,15.04 kmpl,1598 CC,103.6 bhp,Black/Silver,5.0,4.0,,3.35
Volkswagen CrossPolo,Kolkata,2015.0,26256.0,Diesel,Manual,First,20.14 kmpl,1498 CC,88.5 bhp,Black/Silver,5.0,4.0,,4.25
Audi Q5,Kochi,2013.0,13452.0,Diesel,Automatic,First,12.8 kmpl,1968 CC,167.6 bhp,Others,5.0,4.0,,25.46
Honda Jazz,Pune,2016.0,21000.0,Petrol,Automatic,First,19.0 kmpl,1199 CC,88.7 bhp,White,5.0,4.0,,6.35
Volkswagen Ameo,Kochi,2018.0,31426.0,Diesel,Manual,First,21.66 kmpl,1498 CC,108.62 bhp,Black/Silver,5.0,4.0,9.72 Lakh,7.9
Hyundai Accent,Ahmedabad,2010.0,58000.0,Petrol,Manual,Second,13.2 kmpl,1495 CC,94 bhp,White,5.0,4.0,,2.5
Audi Q7,Coimbatore,2014.0,72469.0,Diesel,Automatic,First,12.07 kmpl,2967 CC,241.4 bhp,Others,7.0,5.0,,32.52
BMW X5,Mumbai,2014.0,47000.0,Diesel,Automatic,First,15.97 kmpl,2993 CC,258 bhp,Black/Silver,7.0,5.0,,41.5
Toyota Etios,Kolkata,2013.0,42103.0,Petrol,Manual,First,16.78 kmpl,1496 CC,88.73 bhp,Others,5.0,4.0,,3.25
Skoda Laura,Hyderabad,2011.0,84062.0,Diesel,Manual,First,20.0 kmpl,1968 CC,108.5 bhp,White,5.0,4.0,,5.8
Hyundai i20,Kochi,2016.0,61012.0,Petrol,Manual,First,18.6 kmpl,1197 CC,81.83 bhp,White,5.0,4.0,,6.0
Maruti 800,Jaipur,2002.0,75000.0,Petrol,Manual,First,16.1 kmpl,796 CC,37 bhp,Black/Silver,4.0,4.0,,0.51
Toyota Fortuner,Kochi,2015.0,47566.0,Diesel,Automatic,First,12.55 kmpl,2982 CC,168.5 bhp,Others,7.0,5.0,,20.25
Toyota Corolla,Kochi,2018.0,28321.0,Petrol,Automatic,First,14.28 kmpl,1798 CC,138.03 bhp,Others,5.0,4.0,23.25 Lakh,17.49
Honda City,Kolkata,2014.0,40000.0,Diesel,Manual,First,26.0 kmpl,1498 CC,98.6 bhp,Black/Silver,5.0,4.0,,4.45
Hyundai Creta,Pune,2017.0,44865.0,Diesel,Manual,First,19.67 kmpl,1582 CC,126.2 bhp,Black/Silver,5.0,4.0,,13.35
Maruti Baleno,Kochi,2018.0,25858.0,Petrol,Automatic,First,21.4 kmpl,1197 CC,83.1 bhp,Black/Silver,5.0,4.0,,7.54
Volkswagen Vento,Mumbai,2013.0,36000.0,Petrol,Automatic,First,14.8 kmpl,1598 CC,105 bhp,White,5.0,4.0,,4.65
Volkswagen CrossPolo,Coimbatore,2016.0,54727.0,Diesel,Manual,First,20.14 kmpl,1498 CC,88.73 bhp,White,5.0,4.0,,6.63
Honda Amaze,Kolkata,2013.0,40000.0,Petrol,Manual,First,18.0 kmpl,1198 CC,86.7 bhp,Others,5.0,4.0,,3.25
Maruti Omni,Coimbatore,2016.0,55137.0,Petrol,Manual,First,14.0 kmpl,796 CC,35 bhp,White,5.0,4.0,,3.11
Volkswagen Vento,Pune,2013.0,95500.0,Diesel,Manual,First,20.54 kmpl,1598 CC,103.6 bhp,Others,5.0,4.0,,5.0
Toyota Etios,Chennai,2012.0,48000.0,Diesel,Manual,First,23.59 kmpl,1364 CC,67.05 bhp,Black/Silver,5.0,4.0,,5.25
Hyundai Grand,Kolkata,2018.0,1800.0,Petrol,Manual,First,18.9 kmpl,1197 CC,82 bhp,Others,5.0,4.0,,5.1
Maruti Ertiga,Mumbai,2014.0,13361.0,Petrol,Manual,First,16.02 kmpl,1373 CC,93.7 bhp,Others,7.0,5.0,,6.8
Toyota Corolla,Kolkata,2014.0,40748.0,Petrol,Manual,First,14.53 kmpl,1798 CC,138 bhp,Black/Silver,5.0,4.0,,6.3
BMW 3,Coimbatore,2010.0,77849.0,Petrol,Automatic,Second,10.9 kmpl,2497 CC,215 bhp,Others,5.0,4.0,,11.27
Nissan X-Trail,Pune,2010.0,128000.0,Diesel,Manual,Second,14.42 kmpl,1995 CC,147.6 bhp,Others,5.0,4.0,,6.2
BMW 3,Kolkata,2013.0,38998.0,Diesel,Automatic,First,16.07 kmpl,1995 CC,181 bhp,Others,4.0,4.0,,17.0
Volkswagen Vento,Kochi,2012.0,121377.0,Petrol,Manual,First,15.04 kmpl,1598 CC,103.6 bhp,Black/Silver,5.0,4.0,,3.8
Maruti Dzire,Hyderabad,2013.0,34900.0,Petrol,Manual,First,22.0 kmpl,1197 CC,81.80 bhp,Black/Silver,5.0,4.0,7.97 Lakh,5.49
Toyota Etios,Bangalore,2012.0,58253.0,Diesel,Manual,Second,23.59 kmpl,1364 CC,null bhp,White,5.0,4.0,,4.45
Mercedes-Benz New,Kochi,2014.0,44965.0,Diesel,Automatic,First,19.27 kmpl,2143 CC,170 bhp,White,5.0,4.0,,17.95
BMW 5,Mumbai,2009.0,128000.0,Petrol,Automatic,First,10.8 kmpl,2497 CC,215 bhp,White,5.0,4.0,,7.0
Maruti Swift,Pune,2017.0,57000.0,Diesel,Manual,First,26.59 kmpl,1248 CC,74 bhp,Black/Silver,5.0,4.0,,4.25
Mahindra Scorpio,Jaipur,2014.0,72618.0,Diesel,Manual,First,12.05 kmpl,2179 CC,120 bhp,Others,7.0,5.0,,8.0
Renault Captur,Coimbatore,2019.0,24950.0,Diesel,Manual,First,20.37 kmpl,1461 CC,108.45 bhp,Others,5.0,4.0,,13.37
Toyota Innova,Mumbai,2012.0,55000.0,Diesel,Manual,First,12.99 kmpl,2494 CC,100 bhp,White,7.0,4.0,,9.51
Honda City,Pune,2014.0,48094.0,Petrol,Manual,First,17.0 kmpl,1497 CC,118 bhp,Black/Silver,5.0,4.0,,7.25
Maruti Swift,Pune,2009.0,140000.0,Diesel,Manual,Second,17.8 kmpl,1248 CC,75 bhp,Others,5.0,4.0,,2.49
Maruti Alto,Jaipur,2015.0,25000.0,Petrol,Manual,First,22.74 kmpl,796 CC,47.3 bhp,Others,5.0,4.0,,2.75
Audi A6,Ahmedabad,2009.0,78000.0,Diesel,Automatic,First,12.4 kmpl,2698 CC,179.5 bhp,White,5.0,4.0,,8.0
Audi A3,Delhi,2017.0,22000.0,Diesel,Automatic,Second,20.38 kmpl,1968 CC,143 bhp,Black/Silver,5.0,4.0,,22.5
Maruti Ritz,Coimbatore,2016.0,22767.0,Petrol,Manual,First,18.5 kmpl,1197 CC,85.80 bhp,Black/Silver,5.0,4.0,,6.14
Skoda Rapid,Pune,2013.0,52900.0,Petrol,Automatic,First,14.3 kmpl,1598 CC,103.52 bhp,White,5.0,4.0,,4.75
Chevrolet Beat,Kochi,2013.0,44378.0,Diesel,Manual,First,25.44 kmpl,936 CC,57.6 bhp,Others,5.0,4.0,,3.85
Audi A6,Delhi,2014.0,56000.0,Diesel,Automatic,First,18.53 kmpl,1968 CC,187.74 bhp,Black/Silver,5.0,4.0,59.38 Lakh,24.0
Hyundai i20,Chennai,2017.0,8000.0,Petrol,Manual,First,18.6 kmpl,1197 CC,81.83 bhp,White,5.0,4.0,,6.75
Tata Indica,Hyderabad,2005.0,100000.0,Diesel,Manual,Second,13.5 kmpl,1405 CC,null bhp,Black/Silver,5.0,4.0,,1.3
Mahindra Scorpio,Delhi,2010.0,61001.0,Diesel,Manual,First,12.05 kmpl,2179 CC,120 bhp,Black/Silver,8.0,5.0,,4.75
Hyundai i20,Kochi,2014.0,55804.0,Petrol,Manual,First,17.0 kmpl,1197 CC,80 bhp,Others,5.0,4.0,,4.76
Chevrolet Cruze,Hyderabad,2013.0,57352.0,Diesel,Automatic,First,14.39 kmpl,1998 CC,163.7 bhp,White,5.0,4.0,,6.5
Honda Brio,Mumbai,2013.0,63107.0,Petrol,Manual,First,19.4 kmpl,1198 CC,86.8 bhp,Others,5.0,4.0,,3.25
Hyundai Grand,Kolkata,2014.0,37000.0,Petrol,Manual,First,18.9 kmpl,1197 CC,82 bhp,Black/Silver,5.0,4.0,,3.45
Honda Amaze,Mumbai,2013.0,39879.0,Petrol,Manual,First,17.8 kmpl,1198 CC,86.7 bhp,Black/Silver,5.0,4.0,,3.89
Maruti Swift,Jaipur,2016.0,80000.0,Diesel,Manual,First,23.4 kmpl,1248 CC,74 bhp,Black/Silver,5.0,4.0,,4.5
Maruti Swift,Kolkata,2017.0,13000.0,Petrol,Manual,First,20.4 kmpl,1197 CC,81.80 bhp,Black/Silver,5.0,4.0,,4.65
Maruti Swift,Chennai,2008.0,107000.0,Diesel,Manual,Second,17.8 kmpl,1248 CC,75 bhp,White,5.0,4.0,,3.1
Tata Indica,Pune,2017.0,49000.0,Diesel,Manual,Second,25.0 kmpl,1396 CC,69 bhp,White,5.0,4.0,,1.6
Maruti Alto,Hyderabad,2006.0,71993.0,Petrol,Manual,First,19.7 kmpl,796 CC,46.3 bhp,Black/Silver,5.0,4.0,,1.8
Ford Ecosport,Hyderabad,2013.0,69000.0,Diesel,Manual,First,22.7 kmpl,1498 CC,89.84 bhp,White,5.0,4.0,,7.2
Skoda Laura,Mumbai,2011.0,68000.0,Diesel,Automatic,First,15.6 kmpl,1896 CC,106 bhp,Others,5.0,4.0,,4.8
Hyundai Creta,Kolkata,2016.0,51000.0,Diesel,Manual,First,19.67 kmpl,1582 CC,126.2 bhp,White,5.0,4.0,,9.2
Toyota Innova,Kochi,2017.0,26023.0,Diesel,Automatic,First,11.36 kmpl,2755 CC,171.5 bhp,Black/Silver,7.0,4.0,26.55 Lakh,19.97
Audi Q7,Pune,2008.0,120300.0,Diesel,Automatic,Second,12.07 kmpl,2967 CC,241.4 bhp,Others,7.0,5.0,,18.0
Toyota Etios,Mumbai,2013.0,8950.0,Petrol,Manual,First,17.71 kmpl,1197 CC,78.9 bhp,Others,5.0,4.0,,3.55
Maruti Wagon,Pune,2012.0,92000.0,CNG,Manual,Second,26.2 km/kg,998 CC,58.2 bhp,Others,5.0,4.0,,3.0
Hyundai i20,Hyderabad,2018.0,11691.0,Petrol,Manual,First,18.6 kmpl,1197 CC,81.83 bhp,Others,5.0,4.0,,8.9
Tata Zest,Mumbai,2017.0,100000.0,Petrol,Manual,First,17.57 kmpl,1193 CC,88.7 bhp,White,5.0,4.0,6.83 Lakh,4.25
Mercedes-Benz SL-Class,Kolkata,2010.0,35000.0,Petrol,Automatic,First,8.1 kmpl,5461 CC,387.3 bhp,Black/Silver,2.0,2.0,,29.5
Hyundai Getz,Hyderabad,2007.0,58307.0,Petrol,Manual,First,15.3 kmpl,1341 CC,83 bhp,White,5.0,4.0,,1.95
Toyota Innova,Hyderabad,2016.0,121362.0,Diesel,Manual,First,13.68 kmpl,2393 CC,147.8 bhp,Others,7.0,4.0,,16.0
Toyota Innova,Chennai,2016.0,48000.0,Diesel,Manual,First,13.68 kmpl,2393 CC,147.8 bhp,Others,7.0,4.0,25.4 Lakh,20.25
Maruti Omni,Hyderabad,2013.0,34834.0,Petrol,Manual,First,14.0 kmpl,796 CC,35 bhp,Black/Silver,5.0,4.0,,2.6
Toyota Innova,Ahmedabad,2016.0,42388.0,Diesel,Automatic,First,11.36 kmpl,2755 CC,171.5 bhp,White,7.0,4.0,24.63 Lakh,18.0
Volkswagen Passat,Chennai,2010.0,52000.0,Diesel,Automatic,First,18.33 kmpl,1968 CC,167.7 bhp,White,5.0,4.0,,9.0
Maruti Swift,Jaipur,2010.0,152000.0,Diesel,Manual,First,17.8 kmpl,1248 CC,75 bhp,Black/Silver,5.0,4.0,,2.9
Hyundai Grand,Coimbatore,2015.0,36840.0,Petrol,Manual,First,18.9 kmpl,1197 CC,82 bhp,Black/Silver,5.0,4.0,,5.64
Toyota Innova,Kochi,2017.0,29219.0,Diesel,Manual,First,12.99 kmpl,2494 CC,100.6 bhp,Others,8.0,5.0,,13.48
Mercedes-Benz E-Class,Kochi,2018.0,21603.0,Diesel,Automatic,First,13.0 kmpl,2987 CC,265 bhp,Black/Silver,5.0,4.0,,70.15
Mahindra Jeep,Hyderabad,2009.0,26000.0,Diesel,Manual,First,0.0 kmpl,2498 CC,null bhp,White,6.0,5.0,,6.99
Maruti Swift,Kolkata,2015.0,27000.0,Petrol,Manual,First,17.5 kmpl,1298 CC,85.8 bhp,Others,5.0,4.0,,4.45
Mercedes-Benz New,Mumbai,2013.0,25000.0,Petrol,Automatic,First,14.74 kmpl,1991 CC,181.04 bhp,Black/Silver,5.0,4.0,,14.85
BMW X5,Coimbatore,2010.0,101119.0,Diesel,Automatic,First,11.0 kmpl,2993 CC,235 bhp,Others,5.0,4.0,,18.46
Tata Zest,Kolkata,2017.0,65000.0,Petrol,Manual,First,17.57 kmpl,1193 CC,88.7 bhp,Others,5.0,4.0,6.59 Lakh,4.8
Skoda Superb,Pune,2010.0,71473.0,Petrol,Automatic,Second,13.7 kmpl,1798 CC,157.75 bhp,White,5.0,4.0,,5.35
Nissan Terrano,Jaipur,2014.0,60000.0,Diesel,Manual,First,20.45 kmpl,1461 CC,83.8 bhp,Black/Silver,5.0,4.0,,6.0
Maruti Zen,Ahmedabad,2011.0,76000.0,CNG,Manual,First,26.3 km/kg,998 CC,67.1 bhp,Others,5.0,4.0,,2.0
Ford Fiesta,Hyderabad,2010.0,84000.0,Diesel,Manual,Second,17.8 kmpl,1399 CC,68 bhp,Others,5.0,4.0,,2.41
Maruti A-Star,Hyderabad,2011.0,53766.0,Petrol,Manual,First,19.0 kmpl,998 CC,66.1 bhp,White,5.0,4.0,,2.7
Honda Amaze,Kolkata,2013.0,38755.0,Diesel,Manual,First,25.8 kmpl,1498 CC,98.6 bhp,White,5.0,4.0,,3.2
Toyota Innova,Mumbai,2016.0,36000.0,Diesel,,First,11.36 kmpl,2755 CC,171.5 bhp,White,8.0,5.0,21 Lakh,17.5
Hyundai i20,Coimbatore,2019.0,32251.0,Diesel,Manual,First,22.54 kmpl,1396 CC,88.73 bhp,White,5.0,4.0,,8.61
Maruti S-Cross,Kolkata,2016.0,45296.0,Diesel,Manual,First,25.1 kmpl,1248 CC,88.5 bhp,Black/Silver,5.0,4.0,12.53 Lakh,6.99
Honda Jazz,Kochi,2016.0,25238.0,Petrol,Manual,First,18.7 kmpl,1199 CC,88.7 bhp,Others,5.0,4.0,,6.2
Mercedes-Benz New,Chennai,2013.0,62000.0,Diesel,Automatic,Second,14.84 kmpl,2143 CC,170 bhp,Others,5.0,4.0,,12.5
Maruti Wagon,Delhi,2014.0,62549.0,CNG,Manual,First,26.6 km/kg,998 CC,58.16 bhp,Black/Silver,5.0,4.0,,2.95
BMW 5,Bangalore,2016.0,16000.0,Diesel,Automatic,First,14.69 kmpl,2993 CC,258 bhp,Others,5.0,4.0,,48.0
Audi Q7,Coimbatore,2015.0,56238.0,Diesel,Automatic,First,11.33 kmpl,4134 CC,335.2 bhp,Others,7.0,5.0,,51.69
Hyundai i20,Kolkata,2010.0,38000.0,Petrol,Manual,First,18.5 kmpl,1197 CC,80 bhp,White,5.0,4.0,,2.23
Hyundai i20,Pune,2009.0,66000.0,Petrol,Manual,Second,17.0 kmpl,1197 CC,80 bhp,White,5.0,4.0,,2.7
Toyota Innova,Hyderabad,2015.0,147848.0,Diesel,Manual,First,12.8 kmpl,2494 CC,102 bhp,Black/Silver,8.0,5.0,,13.2
Jaguar XJ,Hyderabad,2012.0,50000.0,Diesel,Automatic,First,12.9 kmpl,2993 CC,271.23 bhp,White,4.0,4.0,,45.0
Mahindra Scorpio,Kolkata,2014.0,45128.0,Diesel,Manual,First,12.05 kmpl,2179 CC,120 bhp,Black/Silver,8.0,5.0,,6.75
Honda City,Delhi,2014.0,55818.0,Petrol,Manual,Second,17.4 kmpl,1497 CC,117.3 bhp,Black/Silver,5.0,4.0,11.85 Lakh,5.7
Honda City,Chennai,2014.0,55000.0,Petrol,Manual,First,16.8 kmpl,1497 CC,116.3 bhp,Others,5.0,4.0,,7.1
Mercedes-Benz M-Class,Ahmedabad,2012.0,66000.0,Diesel,Automatic,First,0.0 kmpl,2987 CC,165 bhp,White,5.0,4.0,,23.0
Honda City,Kolkata,2015.0,39000.0,Diesel,Manual,First,25.6 kmpl,1498 CC,98.6 bhp,Black/Silver,5.0,4.0,12.23 Lakh,5.49
Renault KWID,Jaipur,2017.0,31056.0,Petrol,Manual,First,23.01 kmpl,999 CC,67 bhp,Others,5.0,4.0,,3.6
Honda Mobilio,Mumbai,2014.0,57000.0,Diesel,Manual,First,24.2 kmpl,1498 CC,98.6 bhp,White,7.0,5.0,,5.75
Mercedes-Benz SLK-Class,Bangalore,2014.0,3000.0,Petrol,Automatic,Second,12.0 kmpl,5461 CC,421 bhp,White,2.0,2.0,,90.0
Renault Duster,Jaipur,2015.0,91000.0,Diesel,Manual,First,19.87 kmpl,1461 CC,83.8 bhp,Black/Silver,5.0,4.0,,5.75
Hyundai Creta,Jaipur,2015.0,78046.0,Diesel,Manual,First,19.67 kmpl,1582 CC,126.2 bhp,White,5.0,4.0,,10.9
Mahindra XUV500,Ahmedabad,2014.0,31000.0,Diesel,Manual,First,15.1 kmpl,2179 CC,140 bhp,Black/Silver,7.0,5.0,,9.5
Hyundai Verna,Delhi,2015.0,62542.0,Diesel,Manual,Second,23.9 kmpl,1582 CC,126.2 bhp,Black/Silver,5.0,4.0,,6.5
Tata Indica,Mumbai,2014.0,75000.0,Diesel,Manual,First,19.1 kmpl,1405 CC,70 bhp,Black/Silver,5.0,4.0,,3.3
Toyota Fortuner,Delhi,2011.0,86000.0,Diesel,Manual,First,11.5 kmpl,2982 CC,171 bhp,Black/Silver,7.0,5.0,,11.5
Hyundai Verna,Mumbai,2013.0,44000.0,Petrol,Automatic,First,17.1 kmpl,1591 CC,121.4 bhp,White,5.0,4.0,,5.6
Toyota Corolla,Delhi,2014.0,60750.0,Petrol,Manual,First,14.28 kmpl,1798 CC,138.03 bhp,Others,5.0,4.0,,10.5
Hyundai Santa,Delhi,2012.0,86000.0,Diesel,Automatic,Second,13.01 kmpl,2199 CC,194.3 bhp,White,7.0,5.0,,9.5
Mercedes-Benz CLA,Kochi,2016.0,32345.0,Diesel,Automatic,First,17.9 kmpl,2143 CC,136 bhp,White,5.0,4.0,,24.51
Hyundai EON,Jaipur,2016.0,70000.0,Petrol,Manual,First,21.1 kmpl,814 CC,55.2 bhp,White,5.0,4.0,,3.0
Volkswagen Polo,Kolkata,2013.0,30000.0,Petrol,Manual,First,16.47 kmpl,1198 CC,73.9 bhp,Others,5.0,4.0,,2.8
Ford Figo,Coimbatore,2012.0,75464.0,Petrol,Manual,First,15.6 kmpl,1196 CC,70 bhp,Others,5.0,4.0,,3.62
Mahindra Xylo,Chennai,2013.0,234000.0,Diesel,Manual,Second,14.0 kmpl,2489 CC,95 bhp,Others,8.0,5.0,,3.5
Maruti Swift,Mumbai,2016.0,29401.0,Petrol,Manual,First,20.4 kmpl,1197 CC,81.80 bhp,White,5.0,4.0,,4.31
Ford Endeavour,Hyderabad,2012.0,91000.0,Diesel,Automatic,First,11.4 kmpl,2953 CC,153.86 bhp,Black/Silver,7.0,5.0,,9.2
Volkswagen Polo,Kolkata,2011.0,46000.0,Petrol,Manual,First,15.26 kmpl,1598 CC,103.5 bhp,White,5.0,4.0,,2.35
Hyundai Verna,Kolkata,2014.0,48000.0,Diesel,Automatic,First,22.32 kmpl,1582 CC,126.32 bhp,White,5.0,4.0,,5.1
Audi Q5,Bangalore,2011.0,53000.0,Diesel,Automatic,First,12.8 kmpl,1968 CC,167.6 bhp,White,5.0,4.0,,23.0
Honda CR-V,Mumbai,2008.0,75000.0,Petrol,Manual,Second,11.1 kmpl,2354 CC,158.8 bhp,Others,5.0,4.0,,3.9
Honda Amaze,Hyderabad,2017.0,128000.0,Diesel,Manual,First,25.8 kmpl,1498 CC,98.6 bhp,White,5.0,4.0,,6.3
Mercedes-Benz GLC,Coimbatore,2018.0,22397.0,Petrol,Automatic,First,11.5 kmpl,2996 CC,367 bhp,Others,5.0,4.0,95.38 Lakh,70.99
BMW X5,Chennai,2009.0,150000.0,Diesel,Automatic,First,11.0 kmpl,2993 CC,235 bhp,Black/Silver,5.0,4.0,,18.75
Mercedes-Benz New,Hyderabad,2010.0,107000.0,Diesel,Automatic,First,14.84 kmpl,2143 CC,170 bhp,White,5.0,4.0,,11.99
Maruti Alto,Kochi,2014.0,36967.0,Petrol,Manual,First,20.92 kmpl,998 CC,67.1 bhp,Others,5.0,4.0,,3.64
Hyundai Verna,Mumbai,2014.0,9000.0,Petrol,Manual,Second,17.01 kmpl,1591 CC,121.3 bhp,Black/Silver,5.0,4.0,,5.5
Tata Tiago,Coimbatore,2018.0,9565.0,Petrol,Manual,First,23.84 kmpl,1199 CC,84 bhp,White,5.0,4.0,6.59 Lakh,5.88
Ford Fiesta,Chennai,2006.0,89326.0,Diesel,Manual,Third,17.8 kmpl,1399 CC,68 bhp,Others,5.0,4.0,,1.55
Renault KWID,Hyderabad,2016.0,25000.0,Petrol,Manual,First,25.17 kmpl,799 CC,53.3 bhp,White,5.0,4.0,,3.8
Mahindra Thar,Jaipur,2012.0,75800.0,Diesel,Manual,Second,16.55 kmpl,2498 CC,105 bhp,White,6.0,5.0,,5.5
Hyundai i20,Kochi,2018.0,40175.0,Diesel,Manual,Second,22.54 kmpl,1396 CC,88.73 bhp,White,5.0,4.0,,6.36
Skoda Fabia,Pune,2012.0,41629.0,Petrol,Manual,Second,14.83 kmpl,1598 CC,105 bhp,Black/Silver,5.0,4.0,,2.25
Tata Manza,Pune,2010.0,75695.0,Petrol,Manual,First,13.7 kmpl,1368 CC,88.8 bhp,Others,5.0,4.0,,1.85
Ford Ecosport,Coimbatore,2014.0,62497.0,Petrol,Manual,First,15.8 kmpl,1499 CC,110 bhp,Black/Silver,5.0,4.0,,7.52
Maruti Swift,Mumbai,2012.0,88000.0,Petrol,Manual,First,19.1 kmpl,1197 CC,85.8 bhp,Others,5.0,4.0,,3.85
Maruti Ciaz,Delhi,2017.0,17000.0,Petrol,Manual,First,20.73 kmpl,1373 CC,91.1 bhp,Black/Silver,5.0,4.0,,7.65
Honda City,Mumbai,2005.0,81000.0,Petrol,Manual,Second,12.8 kmpl,1493 CC,100 bhp,White,5.0,4.0,,1.1
Toyota Fortuner,Pune,2017.0,29000.0,Diesel,Automatic,First,12.9 kmpl,2755 CC,174.5 bhp,Others,7.0,5.0,38.11 Lakh,31.0
Ford Aspire,Kolkata,2017.0,60048.0,Diesel,Manual,First,26.1 kmpl,1498 CC,99 bhp,Others,5.0,4.0,8.91 Lakh,6.0
Volkswagen Polo,Mumbai,2015.0,22000.0,Petrol,Manual,First,16.47 kmpl,1198 CC,74 bhp,Black/Silver,5.0,4.0,,4.75
Tata Manza,Hyderabad,2011.0,70259.0,Diesel,Manual,First,21.12 kmpl,1248 CC,88.8 bhp,White,5.0,4.0,,2.95
BMW 3,Bangalore,2017.0,21000.0,Diesel,Automatic,First,21.76 kmpl,1995 CC,190 bhp,White,5.0,4.0,62.07 Lakh,35.0
Honda City,Pune,2014.0,82329.0,Petrol,Automatic,First,18.0 kmpl,1497 CC,117.3 bhp,Black/Silver,5.0,4.0,,7.5
Audi Q5,Mumbai,2015.0,52000.0,Diesel,Automatic,First,14.16 kmpl,1968 CC,174.3 bhp,White,5.0,4.0,,25.49
Toyota Innova,Hyderabad,2014.0,92247.0,Diesel,Manual,First,12.99 kmpl,2494 CC,100.6 bhp,Others,7.0,4.0,,12.5
Mahindra XUV500,Bangalore,2013.0,71231.0,Diesel,Manual,Second,16.0 kmpl,2179 CC,140 bhp,White,7.0,5.0,,9.75
Toyota Innova,Hyderabad,2017.0,67000.0,Diesel,Manual,First,13.68 kmpl,2393 CC,147.8 bhp,White,7.0,4.0,22.87 Lakh,16.5
Maruti Ritz,Delhi,2010.0,75319.0,Petrol,Manual,Second,21.1 kmpl,1197 CC,85.80 bhp,White,5.0,4.0,,2.0
Audi Q3,Delhi,2015.0,64103.0,Diesel,Automatic,First,15.73 kmpl,1968 CC,174.33 bhp,White,5.0,4.0,,19.9
Volkswagen Jetta,Chennai,2009.0,60000.0,Diesel,Manual,First,15.0 kmpl,1896 CC,105 bhp,Black/Silver,5.0,4.0,,4.0
Renault Duster,Kochi,2013.0,74755.0,Diesel,Manual,First,19.6 kmpl,1461 CC,108.45 bhp,Black/Silver,5.0,4.0,,5.63
Volkswagen Polo,Kolkata,2010.0,55000.0,Petrol,Manual,First,16.47 kmpl,1198 CC,73.9 bhp,Black/Silver,5.0,4.0,,2.25
Hyundai Grand,Kochi,2015.0,81828.0,Diesel,Manual,First,24.0 kmpl,1186 CC,73.97 bhp,Black/Silver,5.0,4.0,8.68 Lakh,5.43
Toyota Etios,Delhi,2014.0,63000.0,Diesel,Manual,First,23.59 kmpl,1364 CC,67.04 bhp,Others,5.0,4.0,,4.35
Mahindra XUV500,Pune,2012.0,95000.0,Diesel,Manual,First,15.1 kmpl,2179 CC,140 bhp,Others,7.0,5.0,,7.21
Mercedes-Benz New,Pune,2013.0,79000.0,Diesel,Manual,Second,15.8 kmpl,2148 CC,170 bhp,Others,5.0,4.0,,15.5
Fiat Avventura,Hyderabad,2015.0,57266.0,Diesel,Manual,First,20.5 kmpl,1248 CC,91.72 bhp,Black/Silver,5.0,4.0,,6.5
BMW 5,Pune,2010.0,170000.0,Diesel,Automatic,Third,18.48 kmpl,1995 CC,177 bhp,Black/Silver,5.0,4.0,,12.0
Mercedes-Benz GLE,Hyderabad,2016.0,50000.0,Diesel,Automatic,First,17.9 kmpl,2143 CC,201.15 bhp,Others,5.0,4.0,79.43 Lakh,49.0
Hyundai Santro,Kolkata,2009.0,60170.0,Petrol,Manual,First,0.0 kmpl,1086 CC,62 bhp,White,5.0,4.0,,1.15
Nissan Micra,Kolkata,2012.0,32048.0,Diesel,Manual,First,23.08 kmpl,1461 CC,63.1 bhp,Others,5.0,4.0,,2.4
Audi A4,Hyderabad,2015.0,60000.0,Diesel,Automatic,First,17.11 kmpl,1968 CC,174.33 bhp,White,5.0,4.0,,25.0
Maruti Swift,Chennai,2012.0,49000.0,Petrol,Manual,First,17.5 kmpl,1298 CC,85.8 bhp,Black/Silver,5.0,4.0,,4.9
Honda Amaze,Delhi,2015.0,58000.0,Diesel,Manual,First,25.8 kmpl,1498 CC,98.6 bhp,Black/Silver,5.0,4.0,,4.45
Mahindra Scorpio,Delhi,2010.0,72000.0,Diesel,Manual,First,12.05 kmpl,2179 CC,120 bhp,Black/Silver,8.0,5.0,,4.4
Volkswagen Vento,Ahmedabad,2014.0,54000.0,Diesel,Manual,First,20.34 kmpl,1498 CC,103.2 bhp,White,5.0,4.0,,4.9
Nissan Terrano,Kochi,2015.0,58817.0,Diesel,Manual,First,19.87 kmpl,1461 CC,83.14 bhp,Others,5.0,4.0,15.06 Lakh,6.25
Honda Brio,Kolkata,2014.0,35000.0,Petrol,Manual,First,19.4 kmpl,1198 CC,86.8 bhp,White,5.0,4.0,,2.85
Ford Ikon,Hyderabad,2007.0,92000.0,Petrol,Manual,First,13.8 kmpl,1299 CC,70 bhp,Others,5.0,4.0,,1.25
Hyundai i20,Bangalore,2012.0,68000.0,Diesel,Manual,First,21.9 kmpl,1396 CC,88.76 bhp,White,5.0,4.0,,4.4
Hyundai i20,Hyderabad,2011.0,113562.0,Diesel,Manual,First,23.0 kmpl,1396 CC,90 bhp,White,5.0,4.0,,4.6
Hyundai i20,Pune,2012.0,49700.0,Diesel,Manual,Second,21.9 kmpl,1396 CC,88.76 bhp,White,5.0,4.0,,4.18
BMW X5,Chennai,2017.0,15000.0,Diesel,Automatic,First,15.97 kmpl,2993 CC,258 bhp,Black/Silver,5.0,4.0,,70.0
Chevrolet Beat,Mumbai,2014.0,54890.0,Petrol,Manual,Second,17.8 kmpl,1199 CC,76.8 bhp,White,5.0,4.0,,2.45
Maruti Baleno,Kochi,2017.0,25040.0,Petrol,Manual,First,21.4 kmpl,1197 CC,83.1 bhp,Others,5.0,4.0,,7.74
BMW X5,Coimbatore,2016.0,17738.0,Diesel,Automatic,First,15.3 kmpl,2993 CC,258 bhp,White,5.0,4.0,,54.45
Maruti Swift,Jaipur,2012.0,160000.0,Diesel,Manual,Second,22.9 kmpl,1248 CC,74 bhp,Black/Silver,5.0,4.0,,3.9
BMW 3,Kochi,2018.0,21936.0,Diesel,Automatic,First,21.76 kmpl,1995 CC,190 bhp,White,5.0,4.0,58.67 Lakh,37.92
Porsche Cayenne,Mumbai,2010.0,35000.0,Petrol,Automatic,Second,11.9 kmpl,4806 CC,550 bhp,Black/Silver,5.0,4.0,,32.0
Hyundai Grand,Hyderabad,2016.0,21000.0,Petrol,Automatic,First,18.9 kmpl,1197 CC,82 bhp,White,5.0,4.0,,6.2
Maruti Swift,Mumbai,2011.0,58075.0,Petrol,Manual,First,17.5 kmpl,1298 CC,85.8 bhp,Black/Silver,5.0,4.0,,2.95
Volkswagen Polo,Kolkata,2014.0,30000.0,Diesel,Manual,First,22.07 kmpl,1199 CC,73.9 bhp,Others,5.0,4.0,,3.25
Ford Figo,Mumbai,2012.0,23152.0,Petrol,Manual,First,15.6 kmpl,1196 CC,70.02 bhp,Others,5.0,4.0,,2.39
Maruti Swift,Pune,2009.0,90456.0,Petrol,Manual,Second,16.1 kmpl,1298 CC,88.2 bhp,Black/Silver,5.0,4.0,,3.0
Land Rover Freelander,Kochi,2014.0,61730.0,Diesel,Automatic,First,12.39 kmpl,2179 CC,147.51 bhp,Black/Silver,5.0,4.0,,19.94
Toyota Innova,Mumbai,2014.0,87143.0,Diesel,Manual,First,12.99 kmpl,2494 CC,100 bhp,White,8.0,5.0,,12.5
Hyundai Grand,Kolkata,2014.0,25135.0,Diesel,Manual,First,24.0 kmpl,1120 CC,70 bhp,Black/Silver,5.0,4.0,,3.75
Hyundai Grand,Coimbatore,2017.0,62788.0,Petrol,Manual,First,18.9 kmpl,1197 CC,81.86 bhp,Black/Silver,5.0,4.0,8.1 Lakh,6.08
Ford Figo,Hyderabad,2015.0,36000.0,Diesel,Manual,First,20.0 kmpl,1399 CC,68.05 bhp,Black/Silver,5.0,4.0,,4.95
Maruti Swift,Hyderabad,2015.0,76496.0,Diesel,Manual,First,25.2 kmpl,1248 CC,74 bhp,White,5.0,4.0,,6.15
Maruti Alto,Mumbai,2017.0,12000.0,Petrol,Manual,First,24.07 kmpl,998 CC,67.1 bhp,Black/Silver,5.0,4.0,4.82 Lakh,3.25
Mercedes-Benz E-Class,Mumbai,2004.0,85000.0,Petrol,Automatic,Second,10.5 kmpl,1796 CC,157.7 bhp,White,5.0,4.0,,5.5
Volkswagen Polo,Bangalore,2012.0,75000.0,Petrol,Manual,Second,16.47 kmpl,1198 CC,73.9 bhp,Black/Silver,5.0,4.0,,3.95
Honda Amaze,Kolkata,2013.0,46500.0,Diesel,Manual,First,27.4 kmpl,1498 CC,98.6 bhp,Black/Silver,5.0,4.0,8.54 Lakh,3.3
Maruti Swift,Pune,2013.0,37000.0,Diesel,Manual,First,17.8 kmpl,1248 CC,null bhp,White,5.0,4.0,,4.85
Maruti Wagon,Pune,2013.0,79494.0,CNG,Manual,First,33.54 km/kg,998 CC,67.04 bhp,Black/Silver,5.0,4.0,5.54 Lakh,2.96
Toyota Fortuner,Coimbatore,2015.0,101337.0,Diesel,Automatic,First,12.55 kmpl,2982 CC,168.5 bhp,White,7.0,5.0,,21.67
Maruti Omni,Kolkata,2015.0,23000.0,Petrol,Manual,First,16.8 kmpl,796 CC,34.2 bhp,Others,5.0,4.0,,1.5
Maruti Alto,Hyderabad,2010.0,94753.0,Petrol,Manual,First,19.7 kmpl,796 CC,46.3 bhp,Others,5.0,4.0,,1.95
Hyundai Grand,Bangalore,2016.0,50000.0,Diesel,Manual,First,24.0 kmpl,1120 CC,70 bhp,Others,5.0,4.0,,5.5
Maruti SX4,Mumbai,2014.0,53000.0,CNG,Manual,First,22.1 km/kg,1586 CC,85.7 bhp,Others,5.0,4.0,,3.26
Hyundai Grand,Coimbatore,2017.0,23540.0,Petrol,Manual,First,18.9 kmpl,1197 CC,82 bhp,Black/Silver,5.0,4.0,,6.02
Maruti Alto,Hyderabad,2009.0,35000.0,Petrol,Manual,First,19.7 kmpl,796 CC,46.3 bhp,Black/Silver,5.0,4.0,,1.7
Maruti A-Star,Kolkata,2010.0,60000.0,Petrol,Manual,First,19.0 kmpl,998 CC,66.1 bhp,Black/Silver,5.0,4.0,,1.35
Audi A4,Delhi,2013.0,67000.0,Diesel,Automatic,First,16.55 kmpl,1968 CC,147.51 bhp,White,5.0,4.0,,14.5
Hyundai Verna,Chennai,2013.0,79000.0,Diesel,Manual,First,23.5 kmpl,1396 CC,88.7 bhp,Others,5.0,4.0,,6.5
Hyundai i10,Mumbai,2011.0,41000.0,Petrol,Manual,First,20.36 kmpl,1197 CC,78.9 bhp,White,5.0,4.0,,2.65
Mercedes-Benz New,Mumbai,2017.0,14470.0,Diesel,Automatic,First,19.71 kmpl,2143 CC,201.15 bhp,Others,5.0,4.0,,38.5
Ford Figo,Chennai,2011.0,76000.0,Diesel,Manual,First,20.0 kmpl,1399 CC,68 bhp,Black/Silver,5.0,4.0,,2.4
Volkswagen CrossPolo,Hyderabad,2014.0,75160.0,Diesel,Manual,First,20.14 kmpl,1498 CC,88.5 bhp,Others,5.0,4.0,,5.7
Toyota Corolla,Jaipur,2004.0,160000.0,Petrol,Automatic,Second,11.3 kmpl,1794 CC,125 bhp,Others,5.0,4.0,,1.5
Mercedes-Benz E-Class,Kochi,2018.0,20446.0,Petrol,Automatic,First,12.6 kmpl,1950 CC,191.34 bhp,Black/Silver,5.0,4.0,86.97 Lakh,51.35
Hyundai Verna,Hyderabad,2008.0,109606.0,Diesel,Manual,First,22.0 kmpl,1582 CC,126.2 bhp,Black/Silver,5.0,4.0,15.59 Lakh,2.9
BMW 3,Pune,2009.0,40000.0,Petrol,Automatic,Second,12.05 kmpl,1995 CC,154 bhp,Black/Silver,5.0,4.0,,9.5
Maruti A-Star,Delhi,2010.0,70000.0,Petrol,Manual,First,19.0 kmpl,998 CC,66.1 bhp,Black/Silver,5.0,4.0,,2.0
Hyundai i20,Kochi,2011.0,62020.0,Petrol,Manual,First,17.0 kmpl,1197 CC,80 bhp,Black/Silver,5.0,4.0,,3.45
Ford Ecosport,Hyderabad,2013.0,100000.0,Petrol,Manual,Second,15.8 kmpl,1499 CC,110 bhp,Black/Silver,5.0,4.0,,6.5
Mercedes-Benz E-Class,Bangalore,2013.0,29000.0,Diesel,Automatic,First,14.21 kmpl,2143 CC,203 bhp,Others,5.0,4.0,,29.0
Volkswagen Polo,Delhi,2015.0,58000.0,Petrol,Manual,First,16.47 kmpl,1198 CC,73.9 bhp,White,5.0,4.0,,3.95
Skoda Octavia,Pune,2008.0,88123.0,Diesel,Manual,First,18.7 kmpl,1896 CC,66 bhp,Others,5.0,4.0,,2.2
Maruti Swift,Chennai,2010.0,84072.0,Diesel,Manual,First,17.8 kmpl,1248 CC,75 bhp,White,5.0,4.0,,3.45
Nissan Terrano,Mumbai,2015.0,54000.0,Diesel,Manual,Second,19.01 kmpl,1461 CC,108.5 bhp,White,5.0,4.0,,6.0
Chevrolet Beat,Delhi,2010.0,54000.0,Petrol,Manual,Second,17.8 kmpl,1199 CC,76.8 bhp,White,5.0,4.0,,1.95
Maruti Ritz,Mumbai,2011.0,75308.0,Diesel,Manual,Second,21.1 kmpl,1248 CC,73.9 bhp,Others,5.0,4.0,,2.8
Maruti Alto,Hyderabad,2008.0,66000.0,Petrol,Manual,First,19.7 kmpl,796 CC,46.3 bhp,Others,5.0,4.0,,1.7
Mercedes-Benz E-Class,Mumbai,2013.0,45200.0,Diesel,Automatic,First,10.0 kmpl,2148 CC,170 bhp,Others,5.0,4.0,,23.0
Hyundai Xcent,Chennai,2014.0,51000.0,Petrol,Manual,First,19.1 kmpl,1197 CC,82 bhp,White,5.0,4.0,,3.85
Maruti Alto,Chennai,2008.0,65000.0,Petrol,Manual,First,19.7 kmpl,796 CC,46.3 bhp,White,5.0,4.0,,1.59
Maruti Swift,Delhi,2014.0,27365.0,Diesel,,,28.4 kmpl,1248 CC,74 bhp,Black/Silver,5.0,4.0,7.88 Lakh,4.75
Skoda Rapid,Hyderabad,2016.0,41000.0,Diesel,Manual,First,21.14 kmpl,1498 CC,103.52 bhp,White,5.0,4.0,,8.5
Tata Sumo,Hyderabad,2000.0,158000.0,Diesel,Manual,Second,14.07 kmpl,2956 CC,83.1 bhp,White,7.0,5.0,,1.5
Maruti Ritz,Hyderabad,2010.0,79894.0,Diesel,Manual,First,21.1 kmpl,1248 CC,73.9 bhp,White,5.0,4.0,,3.4
Nissan Sunny,Coimbatore,2012.0,50297.0,Petrol,Manual,First,16.95 kmpl,1498 CC,97.6 bhp,Others,5.0,4.0,8.55 Lakh,4.69
Hyundai i10,Mumbai,2011.0,35000.0,Petrol,Manual,First,20.36 kmpl,1197 CC,78.9 bhp,Black/Silver,5.0,4.0,,2.75
Hyundai i20,Delhi,2013.0,71000.0,Petrol,Manual,First,17.0 kmpl,1197 CC,80 bhp,Others,5.0,4.0,,3.65
Hyundai i10,Coimbatore,2011.0,50058.0,Petrol,Automatic,First,19.2 kmpl,1197 CC,80 bhp,Others,5.0,4.0,,3.84
Mahindra XUV500,Jaipur,2017.0,22000.0,Diesel,Manual,First,16.0 kmpl,2179 CC,140 bhp,Others,7.0,5.0,,16.0
Honda City,Kolkata,2014.0,55000.0,Diesel,Manual,First,25.1 kmpl,1498 CC,98.6 bhp,Others,5.0,4.0,,5.99
Volkswagen Vento,Chennai,2012.0,55000.0,Diesel,Manual,First,20.54 kmpl,1598 CC,103.6 bhp,Others,5.0,4.0,,4.9
Honda City,Hyderabad,2016.0,53000.0,Diesel,Manual,First,26.0 kmpl,1498 CC,98.6 bhp,White,5.0,4.0,,9.75
Hyundai Grand,Kolkata,2014.0,43068.0,Diesel,Manual,First,24.0 kmpl,1120 CC,70 bhp,Black/Silver,5.0,4.0,,3.5
Honda City,Delhi,2009.0,64000.0,Petrol,Manual,First,17.0 kmpl,1497 CC,118 bhp,Others,5.0,4.0,,3.1
Volkswagen Ameo,Jaipur,2017.0,54455.0,Diesel,Automatic,First,22.0 kmpl,1498 CC,108.495 bhp,Others,5.0,4.0,,6.5
Skoda Superb,Bangalore,2009.0,75000.0,Petrol,Automatic,Second,13.7 kmpl,1798 CC,157.75 bhp,White,5.0,4.0,,4.95
Renault Fluence,Jaipur,2011.0,63000.0,Petrol,Automatic,First,13.4 kmpl,1997 CC,135.1 bhp,Others,5.0,4.0,,4.75
Nissan Micra,Coimbatore,2016.0,39882.0,Petrol,Automatic,First,19.15 kmpl,1198 CC,75.94 bhp,White,5.0,4.0,9.51 Lakh,6.55
Volkswagen Ameo,Hyderabad,2016.0,18456.0,Petrol,Manual,First,17.0 kmpl,1198 CC,73.75 bhp,Black/Silver,5.0,4.0,,5.75
Volkswagen Polo,Bangalore,2014.0,62000.0,Petrol,Manual,First,16.47 kmpl,1198 CC,74 bhp,Others,5.0,4.0,,5.35
Maruti Vitara,Kochi,2017.0,35981.0,Diesel,Manual,First,24.3 kmpl,1248 CC,88.5 bhp,White,5.0,4.0,11.29 Lakh,9.51
Renault Fluence,Pune,2013.0,57000.0,Diesel,Manual,First,21.8 kmpl,1461 CC,78 bhp,Others,5.0,4.0,,4.61
Mahindra Verito,Pune,2015.0,90000.0,Diesel,Manual,Second,21.03 kmpl,1461 CC,65 bhp,Others,5.0,4.0,9.26 Lakh,3.1
Hyundai Santro,Hyderabad,2008.0,95291.0,Petrol,Manual,First,17.92 kmpl,1086 CC,62.1 bhp,White,5.0,4.0,,2.3
Toyota Corolla,Delhi,2006.0,79000.0,Petrol,Manual,Second,13.4 kmpl,1794 CC,125 bhp,White,5.0,4.0,,1.67
Hyundai Grand,Hyderabad,2015.0,76362.0,Diesel,Manual,First,24.0 kmpl,1120 CC,70 bhp,White,5.0,4.0,,5.5
Toyota Corolla,Coimbatore,2005.0,79012.0,Petrol,Manual,First,13.4 kmpl,1794 CC,125 bhp,Others,5.0,4.0,,2.64
Maruti Swift,Mumbai,2016.0,19000.0,Petrol,Manual,First,20.4 kmpl,1197 CC,81.80 bhp,Black/Silver,5.0,4.0,,5.55
Volkswagen Polo,Jaipur,2012.0,65634.0,Diesel,Manual,First,22.07 kmpl,1199 CC,73.9 bhp,White,5.0,4.0,,3.5
Honda Jazz,Kolkata,2016.0,21771.0,Petrol,Manual,First,18.7 kmpl,1199 CC,88.7 bhp,Black/Silver,5.0,4.0,,4.95
Tata Indica,Hyderabad,2004.0,200000.0,Diesel,Manual,Second,17.88 kmpl,1396 CC,52.8 bhp,Others,5.0,4.0,,0.85
Hyundai i10,Jaipur,2013.0,75049.0,Petrol,Manual,Second,20.36 kmpl,1197 CC,78.9 bhp,Others,5.0,4.0,,3.0
Skoda Superb,Hyderabad,2011.0,75000.0,Diesel,Automatic,First,17.2 kmpl,1968 CC,138.1 bhp,Others,5.0,4.0,,9.44
Jaguar XF,Kochi,2016.0,31150.0,Diesel,Automatic,First,16.36 kmpl,,,,5.0,4.0,,30.54
Maruti Ritz,Hyderabad,2012.0,78401.0,Diesel,Manual,First,23.2 kmpl,1248 CC,73.94 bhp,Others,5.0,4.0,,3.9
Honda Brio,Kolkata,2013.0,32807.0,Petrol,Manual,First,19.4 kmpl,1198 CC,86.8 bhp,White,5.0,4.0,,2.75
Hyundai i20,Kochi,2010.0,30754.0,Petrol,Manual,First,17.0 kmpl,1197 CC,80 bhp,White,5.0,4.0,,3.38
Maruti Wagon,Jaipur,2009.0,111000.0,Petrol,Manual,Second,18.9 kmpl,1061 CC,67 bhp,Others,5.0,4.0,,1.51
Honda Jazz,Mumbai,2015.0,31000.0,Petrol,Manual,First,18.7 kmpl,1199 CC,88.7 bhp,Others,5.0,4.0,,4.9
Maruti Alto,Mumbai,2016.0,24000.0,Petrol,Manual,First,24.7 kmpl,796 CC,47.3 bhp,White,5.0,4.0,,2.8
Ford EcoSport,Coimbatore,2014.0,64637.0,Diesel,Manual,First,22.77 kmpl,1498 CC,98.59 bhp,Black/Silver,5.0,4.0,,7.52
Mercedes-Benz New,Jaipur,2010.0,74213.0,Diesel,Automatic,First,14.84 kmpl,2143 CC,170 bhp,White,5.0,4.0,,11.5
Maruti Swift,Chennai,2007.0,140000.0,Diesel,Manual,Second,17.8 kmpl,1248 CC,75 bhp,Black/Silver,5.0,4.0,,2.0
Nissan Sunny,Kolkata,2012.0,47000.0,Diesel,Manual,First,21.64 kmpl,1461 CC,84.8 bhp,Others,5.0,4.0,,4.0
Ford EcoSport,Kochi,2017.0,30453.0,Diesel,Manual,First,22.77 kmpl,1498 CC,98.59 bhp,Others,5.0,4.0,,8.45
Honda City,Mumbai,2014.0,54546.0,Petrol,Manual,First,17.0 kmpl,1497 CC,118 bhp,White,5.0,4.0,,5.5
Audi A6,,2010.0,,Diesel,Automatic,First,12.4 kmpl,2698 CC,179.5 bhp,Others,5.0,4.0,,11.5
Audi Q3,Delhi,2016.0,42000.0,Diesel,Automatic,First,15.73 kmpl,1968 CC,174.33 bhp,Others,5.0,4.0,,23.5
Hyundai Verna,Bangalore,2018.0,75000.0,Diesel,Automatic,First,22.32 kmpl,1582 CC,126.32 bhp,Black/Silver,5.0,4.0,,7.75
Ford Endeavour,Chennai,2007.0,155000.0,Diesel,Manual,First,13.1 kmpl,2499 CC,141 bhp,Others,7.0,5.0,,5.5
Ford Figo,Hyderabad,2018.0,3678.0,Petrol,Manual,First,18.16 kmpl,1196 CC,86.8 bhp,Others,5.0,4.0,,6.8
Chevrolet Beat,Kochi,2012.0,42706.0,Diesel,Manual,First,25.44 kmpl,936 CC,56.3 bhp,White,5.0,4.0,,2.4
Mahindra Scorpio,Mumbai,2014.0,83128.0,Diesel,Manual,First,15.4 kmpl,2179 CC,120 bhp,Black/Silver,7.0,5.0,,7.45
Toyota Innova,Mumbai,2017.0,38000.0,Diesel,Manual,First,13.68 kmpl,2393 CC,147.8 bhp,Black/Silver,7.0,4.0,23.06 Lakh,17.65
Volkswagen Polo,Hyderabad,2015.0,62000.0,Diesel,Manual,First,20.14 kmpl,1498 CC,88.8 bhp,White,5.0,4.0,,6.25
Maruti Swift,Kolkata,2015.0,36000.0,Diesel,Manual,First,26.59 kmpl,1248 CC,74 bhp,White,5.0,4.0,,4.7
Renault KWID,Chennai,2018.0,14000.0,Petrol,Automatic,First,22.5 kmpl,999 CC,67 bhp,Black/Silver,5.0,4.0,5.67 Lakh,4.5
Volkswagen Polo,Delhi,2014.0,32400.0,Diesel,Manual,First,20.14 kmpl,1498 CC,88.8 bhp,Black/Silver,5.0,4.0,,3.95
Volkswagen Vento,Coimbatore,2014.0,56658.0,Diesel,Manual,First,20.64 kmpl,1498 CC,108.5 bhp,Black/Silver,5.0,4.0,12.14 Lakh,5.39
Renault Pulse,Hyderabad,2014.0,48425.0,Diesel,Manual,First,23.08 kmpl,1461 CC,63.12 bhp,White,5.0,4.0,,3.4
Honda Jazz,Coimbatore,2018.0,20026.0,Petrol,Automatic,First,19.0 kmpl,1199 CC,88.7 bhp,Black/Silver,5.0,4.0,,9.27
Hyundai Verna,Kolkata,2018.0,5000.0,Petrol,Manual,First,17.0 kmpl,1591 CC,121.3 bhp,White,5.0,4.0,11.19 Lakh,8.7
Audi Q3,Coimbatore,2017.0,42366.0,Diesel,Automatic,First,15.73 kmpl,1968 CC,174.33 bhp,Others,5.0,4.0,,31.93
Toyota Fortuner,Delhi,2015.0,40000.0,Diesel,Manual,Second,13.0 kmpl,2982 CC,168.5 bhp,White,7.0,5.0,,18.75
Hyundai i20,Delhi,2010.0,62489.0,Petrol,Manual,First,17.0 kmpl,1197 CC,80 bhp,Black/Silver,5.0,4.0,,2.6
Mercedes-Benz New,Jaipur,2013.0,81456.0,Diesel,Manual,First,15.8 kmpl,2148 CC,170 bhp,Others,5.0,4.0,,14.25
Tata Indigo,Delhi,2011.0,80000.0,Diesel,Manual,First,23.57 kmpl,1396 CC,70 bhp,White,5.0,4.0,,1.2
Volkswagen Polo,Hyderabad,2012.0,62000.0,Diesel,Manual,First,22.07 kmpl,1199 CC,73.9 bhp,White,5.0,4.0,,4.65
Mercedes-Benz E-Class,Coimbatore,2018.0,56652.0,Diesel,Automatic,First,13.0 kmpl,2987 CC,258 bhp,Black/Silver,5.0,4.0,,50.29
Hyundai Grand,Coimbatore,2019.0,12153.0,Petrol,Automatic,First,18.9 kmpl,1197 CC,81.86 bhp,Black/Silver,5.0,4.0,7.98 Lakh,6.84
Audi Q7,Bangalore,2015.0,21000.0,Diesel,Automatic,Second,12.07 kmpl,2967 CC,241.4 bhp,White,7.0,5.0,,52.5
Audi A4,Kolkata,2013.0,60001.0,Diesel,Automatic,First,17.11 kmpl,1968 CC,174.33 bhp,Others,5.0,4.0,,14.5
Toyota Innova,Delhi,2010.0,72000.0,Diesel,Manual,First,12.8 kmpl,2494 CC,102 bhp,Others,8.0,5.0,,5.45
Volkswagen Polo,Mumbai,2014.0,7000.0,Petrol,Manual,First,16.47 kmpl,1198 CC,74 bhp,Black/Silver,5.0,4.0,,5.35
Maruti Wagon,Pune,2006.0,52000.0,Petrol,Manual,Second,18.9 kmpl,998 CC,67.1 bhp,Black/Silver,5.0,4.0,,2.0
BMW 3,Mumbai,2015.0,56087.0,Diesel,Automatic,First,22.69 kmpl,1995 CC,190 bhp,White,5.0,4.0,54.43 Lakh,20.75
Mercedes-Benz S-Class,Chennai,2003.0,111000.0,Petrol,Automatic,First,13.0 kmpl,2987 CC,210 bhp,Others,5.0,4.0,,6.5
Ford Figo,Kolkata,2012.0,41284.0,Diesel,Manual,First,20.0 kmpl,1399 CC,68.05 bhp,White,5.0,4.0,,2.5
Tata Zest,Kolkata,2015.0,7445.0,Petrol,Manual,First,17.57 kmpl,1193 CC,88.7 bhp,Others,5.0,4.0,8.09 Lakh,5.0
Mahindra Scorpio,Bangalore,2007.0,74112.0,Diesel,Manual,First,12.05 kmpl,2179 CC,120 bhp,White,9.0,5.0,,4.1
Maruti Alto,Hyderabad,2011.0,81000.0,Petrol,Manual,First,20.92 kmpl,998 CC,67.1 bhp,Others,5.0,4.0,,2.2
Volkswagen Polo,Kolkata,2013.0,24000.0,Petrol,Manual,First,16.47 kmpl,1198 CC,73.9 bhp,Others,5.0,4.0,,2.95
Hyundai Verna,Kolkata,2012.0,24000.0,Petrol,Manual,Second,17.01 kmpl,1591 CC,121.3 bhp,Black/Silver,5.0,4.0,,6.2
Ford Fusion,Hyderabad,2008.0,75000.0,Diesel,Manual,Second,17.7 kmpl,1399 CC,68 bhp,Black/Silver,5.0,4.0,,3.0
Hyundai Grand,Kochi,2018.0,46493.0,Petrol,Manual,First,18.9 kmpl,1197 CC,81.86 bhp,Black/Silver,5.0,4.0,6.32 Lakh,5.53
Hyundai i10,Pune,2010.0,72400.0,Petrol,Manual,Second,20.36 kmpl,1197 CC,78.9 bhp,White,5.0,4.0,,2.3
Maruti Ciaz,Coimbatore,2017.0,25142.0,Diesel,Manual,First,28.09 kmpl,1248 CC,88.5 bhp,Others,5.0,4.0,,8.26
Hyundai Santro,Bangalore,2004.0,167000.0,Petrol,Manual,First,0.0 kmpl,1086 CC,null bhp,Others,5.0,4.0,,1.35
Maruti Swift,Delhi,2015.0,40000.0,Diesel,Manual,Second,26.59 kmpl,1248 CC,74 bhp,Others,5.0,4.0,,4.5
Hyundai EON,Kochi,2017.0,46897.0,Petrol,Manual,First,21.1 kmpl,814 CC,55.2 bhp,Others,5.0,4.0,,3.61
Volkswagen Polo,Chennai,2017.0,25000.0,Diesel,Manual,First,20.14 kmpl,1498 CC,88 bhp,Black/Silver,5.0,4.0,9.97 Lakh,6.9
Maruti Swift,Kolkata,2014.0,42109.0,Diesel,Manual,First,23.4 kmpl,1248 CC,74 bhp,White,5.0,4.0,,4.25
Maruti Wagon,Kolkata,2014.0,40000.0,Petrol,Manual,First,20.51 kmpl,998 CC,67.04 bhp,Others,5.0,4.0,,2.49
Maruti Wagon,Delhi,2014.0,65694.0,Petrol,Manual,First,18.9 kmpl,998 CC,67.1 bhp,Black/Silver,5.0,4.0,,3.25
BMW X1,Bangalore,2016.0,45000.0,Diesel,Automatic,First,17.05 kmpl,1995 CC,184 bhp,White,5.0,4.0,,28.5
Mahindra XUV500,Kolkata,2013.0,43000.0,Diesel,Manual,First,16.0 kmpl,2179 CC,140 bhp,Others,7.0,5.0,,7.0
Maruti Swift,Delhi,2013.0,47000.0,Diesel,Manual,First,17.8 kmpl,1248 CC,null bhp,White,5.0,4.0,,4.1
Hyundai i10,Kochi,2010.0,30566.0,Petrol,Automatic,First,19.2 kmpl,1197 CC,80 bhp,White,5.0,4.0,,3.32
Toyota Fortuner,Coimbatore,2019.0,56251.0,Diesel,Manual,First,14.24 kmpl,2755 CC,174.5 bhp,Black/Silver,7.0,5.0,37.17 Lakh,35.82
Maruti Ciaz,Mumbai,2015.0,41000.0,Petrol,Manual,First,20.73 kmpl,1373 CC,91.1 bhp,White,5.0,4.0,,5.85
Hyundai Grand,Kolkata,2014.0,37000.0,Petrol,Manual,First,18.9 kmpl,1197 CC,82 bhp,Black/Silver,5.0,4.0,,3.5
Audi Q7,Bangalore,2014.0,50000.0,Diesel,Automatic,First,11.33 kmpl,4134 CC,335.2 bhp,Others,7.0,5.0,,51.0
Honda City,Pune,2012.0,60000.0,Petrol,Automatic,First,16.8 kmpl,1497 CC,118 bhp,White,5.0,4.0,,5.5
Volkswagen Polo,Hyderabad,2014.0,74000.0,Diesel,Manual,First,22.07 kmpl,1199 CC,73.9 bhp,Black/Silver,5.0,4.0,,5.7
Isuzu MUX,Jaipur,2017.0,34429.0,Diesel,Automatic,First,13.8 kmpl,2999 CC,174.57 bhp,Black/Silver,7.0,5.0,33.68 Lakh,20.0
Honda CR-V,Chennai,2004.0,135000.0,Petrol,Automatic,Third,14.4 kmpl,1997 CC,152 bhp,White,5.0,4.0,33.51 Lakh,3.0
Audi Q5,Coimbatore,2017.0,43827.0,Diesel,Automatic,First,13.22 kmpl,2967 CC,241.4 bhp,White,5.0,4.0,,36.83
Volkswagen Polo,Delhi,2012.0,52000.0,Petrol,Manual,First,16.47 kmpl,1198 CC,73.9 bhp,Others,5.0,4.0,,3.1
Mercedes-Benz E-Class,Kochi,2016.0,46936.0,Diesel,Automatic,First,13.0 kmpl,2143 CC,204 bhp,White,5.0,4.0,,29.6
Ford Fiesta,Chennai,2007.0,100000.0,Petrol,Manual,First,16.6 kmpl,1388 CC,68 bhp,White,5.0,4.0,,1.6
Ford Fiesta,Bangalore,2011.0,85000.0,Diesel,Manual,First,17.8 kmpl,1399 CC,68 bhp,Black/Silver,5.0,4.0,,3.2
Volkswagen Polo,Pune,2010.0,70290.0,Petrol,Manual,Second,17.24 kmpl,1198 CC,73.9 bhp,Others,5.0,4.0,,2.96
Hyundai Grand,Coimbatore,2016.0,61578.0,Petrol,Manual,First,18.9 kmpl,1197 CC,82 bhp,White,5.0,4.0,,6.4
Mini Cooper,Pune,2012.0,37000.0,Petrol,Automatic,Second,13.6 kmpl,1598 CC,181 bhp,White,4.0,4.0,,17.0
Audi A4,Coimbatore,2013.0,58629.0,Diesel,Automatic,Second,18.25 kmpl,,,,5.0,4.0,53.14 Lakh,16.52
Hyundai Verna,Jaipur,2011.0,72000.0,Diesel,Manual,First,22.32 kmpl,1582 CC,126.3 bhp,Others,5.0,4.0,,5.0
Maruti Celerio,Pune,2015.0,50000.0,Petrol,Automatic,First,23.1 kmpl,998 CC,67.04 bhp,Others,5.0,4.0,,3.9
Hyundai i10,Hyderabad,2012.0,53000.0,Petrol,Manual,First,20.36 kmpl,1197 CC,78.9 bhp,Others,5.0,4.0,,3.2
Volkswagen Vento,Pune,2012.0,115000.0,Diesel,Manual,Second,20.54 kmpl,1598 CC,103.6 bhp,Others,5.0,4.0,,4.33
Mercedes-Benz New,Delhi,2012.0,38000.0,Diesel,Automatic,First,14.84 kmpl,2143 CC,170 bhp,Black/Silver,5.0,4.0,,13.51
Tata Indica,Hyderabad,2014.0,133944.0,Diesel,Manual,Second,18.0 kmpl,1248 CC,75 bhp,White,5.0,4.0,,3.5
Honda City,Delhi,2015.0,51000.0,Petrol,Automatic,First,18.0 kmpl,1497 CC,117.3 bhp,White,5.0,4.0,,7.9
Tata Indica,Chennai,2017.0,100400.0,Diesel,Manual,First,25.0 kmpl,1396 CC,69 bhp,White,5.0,4.0,,2.85
Ford Figo,Mumbai,2016.0,18000.0,Petrol,Manual,First,18.16 kmpl,1196 CC,86.8 bhp,Others,5.0,4.0,,4.9
Mahindra XUV500,Coimbatore,2016.0,56532.0,Diesel,Manual,First,16.0 kmpl,2179 CC,140 bhp,White,7.0,5.0,,15.54
Hyundai Grand,Kochi,2015.0,66337.0,Diesel,Manual,First,24.0 kmpl,1120 CC,70 bhp,Others,5.0,4.0,,4.96
BMW 7,Kochi,2010.0,50161.0,Petrol,Automatic,First,8.77 kmpl,4395 CC,402 bhp,Others,5.0,4.0,,25.93
Hyundai Grand,Pune,2015.0,32000.0,Petrol,Automatic,First,18.9 kmpl,1197 CC,82 bhp,White,5.0,4.0,,4.8
Mini Cooper,Kochi,2019.0,14857.0,Diesel,Automatic,First,20.7 kmpl,1496 CC,113.98 bhp,White,5.0,4.0,41.98 Lakh,31.55
Volkswagen Jetta,Chennai,2009.0,85000.0,Diesel,Manual,Second,15.0 kmpl,1896 CC,105 bhp,Others,5.0,4.0,,3.5
BMW 7,Kolkata,2012.0,41100.0,Diesel,Automatic,First,16.77 kmpl,2993 CC,261.49 bhp,Others,5.0,4.0,1.66 Cr,26.5
Maruti Wagon,Kochi,2018.0,27413.0,Petrol,Automatic,First,20.51 kmpl,998 CC,67 bhp,Black/Silver,5.0,4.0,,5.18
Mahindra XUV500,Coimbatore,2017.0,64961.0,Diesel,Manual,First,16.0 kmpl,2179 CC,140 bhp,Black/Silver,7.0,5.0,,16.13
Jaguar XF,Mumbai,2018.0,3000.0,Diesel,Automatic,First,16.36 kmpl,2179 CC,187.7 bhp,White,5.0,4.0,,52.5
BMW 3,Hyderabad,2015.0,47000.0,Diesel,Automatic,First,22.69 kmpl,1995 CC,190 bhp,Others,5.0,4.0,53.68 Lakh,29.5
Maruti Alto,Kolkata,2013.0,24027.0,Petrol,Manual,First,24.7 kmpl,796 CC,47.3 bhp,Black/Silver,5.0,4.0,,2.01
Mahindra TUV,Kochi,2017.0,47357.0,Diesel,Automatic,First,18.49 kmpl,1493 CC,100 bhp,White,7.0,5.0,,8.37
Hyundai EON,Kochi,2017.0,8243.0,Petrol,Manual,First,21.1 kmpl,814 CC,55.2 bhp,Black/Silver,5.0,4.0,,3.21
BMW X6,Jaipur,2013.0,45306.0,Diesel,Automatic,Second,11.2 kmpl,2993 CC,241 bhp,Others,4.0,4.0,,42.5
Honda City,Kochi,2016.0,84580.0,Diesel,Manual,First,26.0 kmpl,1498 CC,98.6 bhp,Black/Silver,5.0,4.0,,6.83
Hyundai Elantra,Coimbatore,2015.0,53615.0,Diesel,Manual,First,22.7 kmpl,1582 CC,126.24 bhp,White,5.0,4.0,,8.44
Hyundai i20,Kolkata,2015.0,32000.0,Petrol,Manual,First,18.6 kmpl,1197 CC,81.83 bhp,White,5.0,4.0,,4.8
Maruti Ciaz,Kolkata,2015.0,25470.0,Petrol,Manual,First,20.73 kmpl,1373 CC,91.1 bhp,White,5.0,4.0,,5.9
Mahindra KUV,Coimbatore,2017.0,24806.0,Petrol,Manual,First,18.15 kmpl,1198 CC,82 bhp,Black/Silver,6.0,4.0,,5.6
Hyundai i10,Coimbatore,2011.0,50436.0,Petrol,Manual,First,20.36 kmpl,1197 CC,78.9 bhp,Black/Silver,5.0,4.0,,3.65
Renault Duster,Coimbatore,2017.0,34686.0,Diesel,Automatic,First,19.6 kmpl,1461 CC,108.45 bhp,Black/Silver,5.0,4.0,15.05 Lakh,11.86
Volkswagen Ameo,Mumbai,2017.0,51000.0,Diesel,Manual,First,21.66 kmpl,1498 CC,108.62 bhp,Others,5.0,4.0,10.04 Lakh,6.45
Honda City,Hyderabad,2016.0,36891.0,Petrol,Manual,First,17.8 kmpl,1497 CC,117.3 bhp,White,5.0,4.0,,10.49
Honda City,Pune,2014.0,43772.0,Petrol,Manual,First,17.0 kmpl,1497 CC,118 bhp,Others,5.0,4.0,,6.35
Ford Fiesta,Hyderabad,2011.0,143143.0,Diesel,Manual,First,17.8 kmpl,1399 CC,67 bhp,Others,5.0,4.0,,2.1
Mini Cooper,Mumbai,2013.0,21000.0,Petrol,Automatic,First,17.44 kmpl,1998 CC,189.08 bhp,Others,4.0,4.0,39.57 Lakh,21.5
Tata Zest,Chennai,2015.0,40000.0,Petrol,Manual,First,17.57 kmpl,1193 CC,88.7 bhp,Others,5.0,4.0,7.69 Lakh,4.0
Maruti Ciaz,Kochi,2016.0,25418.0,Petrol,Manual,First,20.73 kmpl,1373 CC,91.2 bhp,White,5.0,4.0,,7.09
Mercedes-Benz S-Class,Coimbatore,2007.0,84143.0,Petrol,Manual,First,13.0 kmpl,2987 CC,210 bhp,Black/Silver,5.0,4.0,,17.09
Maruti Ritz,Hyderabad,2012.0,96000.0,Diesel,Manual,First,21.1 kmpl,1248 CC,73.9 bhp,White,5.0,4.0,,3.6
Maruti Ertiga,Mumbai,2014.0,69192.0,Petrol,Manual,First,16.02 kmpl,1373 CC,93.7 bhp,Black/Silver,7.0,5.0,,6.25
Skoda Rapid,Hyderabad,2013.0,55000.0,Diesel,Manual,First,20.5 kmpl,1598 CC,103.5 bhp,Others,5.0,4.0,,8.0
Renault Duster,Coimbatore,2016.0,65257.0,Diesel,Manual,First,19.01 kmpl,1461 CC,108.45 bhp,Others,5.0,4.0,,9.75
Jaguar XF,Kochi,2015.0,47759.0,Diesel,Automatic,First,14.74 kmpl,2993 CC,270.9 bhp,Black/Silver,5.0,4.0,,31.8
Maruti Ritz,Kolkata,2011.0,77400.0,Diesel,Manual,First,21.1 kmpl,1248 CC,73.9 bhp,Black/Silver,5.0,4.0,,2.5
Honda Amaze,Hyderabad,2018.0,12000.0,Diesel,Manual,First,27.4 kmpl,1498 CC,98.6 bhp,Others,5.0,4.0,10.34 Lakh,8.5
Toyota Innova,Ahmedabad,2014.0,55000.0,Diesel,Manual,First,12.99 kmpl,2494 CC,100.6 bhp,Others,7.0,4.0,,11.11
Honda City,Hyderabad,2016.0,28414.0,Petrol,Manual,First,17.0 kmpl,1497 CC,118 bhp,Black/Silver,5.0,4.0,,8.4
Hyundai Creta,Coimbatore,2017.0,50170.0,Diesel,Automatic,First,17.01 kmpl,1582 CC,126.2 bhp,Others,5.0,4.0,,14.79
Nissan Micra,Mumbai,2013.0,69000.0,Diesel,Manual,First,23.08 kmpl,1461 CC,63.1 bhp,Others,5.0,4.0,,3.0
Honda City,Ahmedabad,2014.0,75000.0,Diesel,Manual,First,26.0 kmpl,1498 CC,98.6 bhp,White,5.0,4.0,,6.0
Mercedes-Benz GL-Class,Mumbai,2015.0,48600.0,Diesel,Automatic,First,12.0 kmpl,2987 CC,224 bhp,White,7.0,5.0,,48.5
Toyota Fortuner,Delhi,2011.0,60000.0,Diesel,Manual,First,11.5 kmpl,2982 CC,171 bhp,Black/Silver,7.0,5.0,,10.85
Mercedes-Benz New,Bangalore,2013.0,51000.0,Diesel,Manual,First,15.8 kmpl,2148 CC,170 bhp,White,5.0,4.0,,18.5
Land Rover Range,Kochi,2015.0,38467.0,Diesel,Automatic,First,12.65 kmpl,2993 CC,255 bhp,Black/Silver,5.0,4.0,1.6 Cr,70.66
Mercedes-Benz GLA,Bangalore,2017.0,16500.0,Diesel,Automatic,First,17.9 kmpl,2143 CC,136 bhp,Black/Silver,5.0,4.0,,34.0
Hyundai i20,Bangalore,2014.0,68010.0,Petrol,Manual,Second,18.5 kmpl,1197 CC,82.85 bhp,Others,5.0,4.0,,5.25
Maruti Swift,Bangalore,2013.0,23000.0,Diesel,Manual,First,17.8 kmpl,1248 CC,null bhp,White,5.0,4.0,,5.6
Audi A4,Kolkata,2010.0,30000.0,Diesel,Automatic,First,14.94 kmpl,2967 CC,241.4 bhp,White,5.0,4.0,,9.8
BMW 5,Hyderabad,2007.0,120000.0,Diesel,Automatic,First,16.73 kmpl,1995 CC,218 bhp,Black/Silver,5.0,4.0,,10.5
Maruti Vitara,Kochi,2017.0,45362.0,Diesel,Manual,First,24.3 kmpl,1248 CC,88.5 bhp,White,5.0,4.0,11.75 Lakh,9.38
Maruti SX4,Mumbai,2010.0,72000.0,Petrol,Manual,First,15.5 kmpl,1586 CC,103.3 bhp,Others,5.0,4.0,,2.4
Maruti Ritz,Coimbatore,2013.0,57717.0,Petrol,Manual,First,18.5 kmpl,1197 CC,85.80 bhp,White,5.0,4.0,,4.31
Ford Figo,Pune,2011.0,95000.0,Diesel,Manual,Third,20.0 kmpl,1399 CC,68 bhp,Others,5.0,4.0,,2.35
Maruti Ertiga,Pune,2017.0,121000.0,Diesel,Manual,First,24.52 kmpl,1248 CC,88.5 bhp,Others,7.0,5.0,,8.0
Hyundai Grand,Mumbai,2017.0,33000.0,Diesel,Manual,First,24.0 kmpl,1120 CC,70 bhp,White,5.0,4.0,,4.75
Hyundai Grand,Coimbatore,2018.0,20492.0,Petrol,Manual,First,18.9 kmpl,1197 CC,82 bhp,Others,5.0,4.0,,6.34
Honda City,Mumbai,2015.0,32896.0,Petrol,Automatic,First,18.0 kmpl,1497 CC,117.3 bhp,White,5.0,4.0,,8.9
Honda City,Kolkata,2008.0,69000.0,Petrol,Manual,First,17.7 kmpl,1497 CC,78 bhp,White,5.0,4.0,,2.7
Toyota Etios,Delhi,2014.0,104000.0,Diesel,Manual,First,23.59 kmpl,1364 CC,67.06 bhp,White,5.0,4.0,,3.0
Hyundai Santro,Pune,2007.0,70000.0,Petrol,Manual,First,0.0 kmpl,1086 CC,null bhp,White,5.0,4.0,,1.12
Jaguar XF,Coimbatore,2015.0,44194.0,Diesel,Automatic,First,16.36 kmpl,2179 CC,187.7 bhp,Black/Silver,5.0,4.0,,32.8
Hyundai Creta,Hyderabad,2016.0,33000.0,Diesel,Automatic,First,17.01 kmpl,1582 CC,126.2 bhp,Black/Silver,5.0,4.0,,14.5
Fiat Linea,Jaipur,2011.0,48500.0,Petrol,Manual,First,16.0 kmpl,1368 CC,90 bhp,Black/Silver,5.0,4.0,,2.5
Ford EcoSport,Hyderabad,2016.0,60924.0,Petrol,Automatic,First,15.63 kmpl,1499 CC,110.4 bhp,Others,5.0,4.0,,8.3
Volkswagen Polo,Ahmedabad,2013.0,39000.0,Petrol,Manual,First,16.47 kmpl,1198 CC,74 bhp,Others,5.0,4.0,,3.75
Audi A4,Mumbai,2011.0,53000.0,Petrol,Automatic,First,12.3 kmpl,1781 CC,163.2 bhp,Black/Silver,5.0,4.0,,9.5
Maruti Ritz,Mumbai,2014.0,59451.0,Petrol,Manual,First,18.5 kmpl,1197 CC,85.80 bhp,Others,5.0,4.0,,3.69
Maruti Wagon,Mumbai,2014.0,47200.0,CNG,Manual,First,33.54 km/kg,998 CC,67.04 bhp,Others,5.0,4.0,5.58 Lakh,2.85
Skoda Rapid,Hyderabad,2014.0,56000.0,Petrol,Manual,First,15.0 kmpl,1598 CC,103.52 bhp,White,5.0,4.0,,7.0
Volkswagen Polo,Coimbatore,2016.0,26981.0,Petrol,Manual,First,16.47 kmpl,1198 CC,73.9 bhp,Others,5.0,4.0,,6.16
Mercedes-Benz GL-Class,Chennai,2013.0,100000.0,Diesel,Automatic,Second,11.3 kmpl,2987 CC,254.8 bhp,Others,7.0,5.0,,38.0
Maruti Ritz,Kolkata,2012.0,97000.0,Diesel,Manual,First,23.2 kmpl,1248 CC,73.94 bhp,White,5.0,4.0,,3.0
BMW X3,Pune,2013.0,98000.0,Diesel,Automatic,First,18.56 kmpl,1995 CC,190 bhp,Others,5.0,4.0,,17.5
Hyundai EON,Kolkata,2014.0,9759.0,Petrol,Manual,First,20.3 kmpl,998 CC,68.05 bhp,Others,5.0,4.0,,2.75
Honda Amaze,Chennai,2016.0,15388.0,Diesel,Manual,First,25.8 kmpl,1498 CC,98.6 bhp,White,5.0,4.0,,7.5
Hyundai i20,Mumbai,2015.0,12000.0,Petrol,Manual,First,17.19 kmpl,1197 CC,81.86 bhp,Black/Silver,5.0,4.0,,5.8
Hyundai i20,Mumbai,2009.0,28000.0,Petrol,Manual,First,17.0 kmpl,1197 CC,80 bhp,Others,5.0,4.0,,2.65
Honda Amaze,Mumbai,2014.0,39000.0,Petrol,Automatic,First,15.5 kmpl,1198 CC,86.7 bhp,Others,5.0,4.0,,4.45
Mercedes-Benz E-Class,Kochi,2011.0,92239.0,Diesel,Automatic,Second,11.5 kmpl,2987 CC,210 bhp,Others,5.0,4.0,,10.6
Honda Jazz,Mumbai,2016.0,28500.0,Petrol,Manual,First,18.7 kmpl,1199 CC,88.7 bhp,White,5.0,4.0,,5.95
Honda Amaze,Mumbai,2016.0,18949.0,Petrol,Manual,First,17.8 kmpl,1198 CC,86.7 bhp,Others,5.0,4.0,,5.0
Skoda Octavia,Kolkata,2013.0,775000.0,Diesel,Automatic,First,19.3 kmpl,1968 CC,141 bhp,White,5.0,4.0,,7.5
Hyundai Xcent,Kochi,2015.0,74310.0,Diesel,Manual,First,24.4 kmpl,1120 CC,71 bhp,White,5.0,4.0,,4.0
Hyundai Grand,Kolkata,2017.0,14000.0,Diesel,Manual,First,24.0 kmpl,1120 CC,70 bhp,Others,5.0,4.0,,4.6
Hyundai Elantra,Kolkata,2014.0,45000.0,Diesel,Manual,First,22.7 kmpl,1582 CC,126.24 bhp,White,5.0,4.0,,7.0
Chevrolet Optra,Pune,2008.0,83000.0,Diesel,Manual,Second,16.52 kmpl,1991 CC,123.7 bhp,Black/Silver,5.0,4.0,,2.6
Maruti Eeco,Mumbai,2018.0,20000.0,CNG,Manual,First,15.1 km/kg,1196 CC,73 bhp,Others,5.0,4.0,,4.5
Porsche Cayenne,Coimbatore,2015.0,60395.0,Diesel,Automatic,First,16.12 kmpl,2967 CC,245 bhp,Others,5.0,4.0,,45.82
Maruti Swift,Chennai,2013.0,87192.0,Diesel,Manual,First,25.2 kmpl,1248 CC,74 bhp,Others,5.0,4.0,,4.35
Honda Amaze,Kochi,2016.0,58950.0,Diesel,Manual,First,25.8 kmpl,1498 CC,,Others,5.0,4.0,,5.4
Nissan Terrano,Mumbai,2013.0,31000.0,Petrol,Manual,First,13.24 kmpl,1598 CC,102.5 bhp,Others,5.0,4.0,,4.95
Maruti Swift,Pune,2013.0,52000.0,Petrol,Manual,First,18.6 kmpl,1197 CC,85.8 bhp,Black/Silver,5.0,4.0,,3.95
Hyundai i20,Hyderabad,2016.0,33016.0,Diesel,Manual,First,22.54 kmpl,1396 CC,88.73 bhp,Others,5.0,4.0,,6.85
Ford Ikon,Kochi,2009.0,66484.0,Petrol,Manual,First,13.8 kmpl,1299 CC,70 bhp,Others,5.0,4.0,,1.65
Mercedes-Benz New,Coimbatore,2018.0,23152.0,Diesel,Automatic,First,19.27 kmpl,2143 CC,167.62 bhp,Black/Silver,5.0,4.0,,39.22
Honda City,Kochi,2016.0,33915.0,Petrol,Manual,First,17.8 kmpl,1497 CC,117.3 bhp,White,5.0,4.0,,8.09
Skoda Rapid,Hyderabad,2012.0,180000.0,Diesel,Manual,First,20.5 kmpl,1598 CC,103.5 bhp,Others,5.0,4.0,,3.65
Maruti Alto,Pune,2012.0,100000.0,Petrol,Manual,First,20.92 kmpl,998 CC,67.1 bhp,White,5.0,4.0,,1.8
Volkswagen Polo,Hyderabad,2014.0,46000.0,Diesel,Manual,Second,20.14 kmpl,1498 CC,88.8 bhp,White,5.0,4.0,,5.9
Mahindra XUV500,Mumbai,2016.0,33000.0,Diesel,Manual,First,16.0 kmpl,2179 CC,140 bhp,Black/Silver,7.0,5.0,,9.65
Mercedes-Benz E-Class,Bangalore,2010.0,83000.0,Petrol,Automatic,First,10.93 kmpl,2497 CC,204 bhp,White,5.0,4.0,,16.5
Honda Civic,Pune,2008.0,152633.0,Petrol,Automatic,First,12.9 kmpl,1799 CC,130 bhp,White,5.0,4.0,,3.0
Hyundai i20,Coimbatore,2011.0,63991.0,Petrol,Manual,First,18.5 kmpl,1197 CC,80 bhp,White,5.0,4.0,,3.61
Honda Amaze,Pune,2016.0,138000.0,Diesel,Manual,First,25.8 kmpl,1498 CC,98.6 bhp,White,5.0,4.0,,5.15
Volkswagen Vento,Mumbai,2011.0,47000.0,Diesel,Manual,First,20.64 kmpl,1498 CC,108.5 bhp,White,5.0,4.0,11.3 Lakh,3.25
Chevrolet Beat,Chennai,2010.0,115000.0,Petrol,Manual,First,18.6 kmpl,1199 CC,79.4 bhp,Others,5.0,4.0,,1.75
Maruti Ciaz,Mumbai,2018.0,32644.0,Petrol,Manual,First,20.73 kmpl,1373 CC,91.1 bhp,White,5.0,4.0,,9.28
Chevrolet Optra,Coimbatore,2008.0,82160.0,Diesel,Manual,First,16.52 kmpl,1991 CC,123.7 bhp,Others,5.0,4.0,,2.57
Maruti Celerio,Pune,2015.0,26725.0,Petrol,Automatic,First,23.1 kmpl,998 CC,67.04 bhp,Black/Silver,5.0,4.0,,4.25
Ford Ecosport,Mumbai,2017.0,15000.0,Petrol,Manual,First,18.88 kmpl,999 CC,123.24 bhp,White,5.0,4.0,,8.0
Maruti Vitara,Bangalore,2017.0,45000.0,Diesel,Manual,First,24.3 kmpl,1248 CC,88.5 bhp,White,5.0,4.0,11 Lakh,9.75
Renault Fluence,Pune,2012.0,56000.0,Diesel,Manual,Second,20.4 kmpl,1461 CC,108.5 bhp,Black/Silver,5.0,4.0,,3.5
Maruti Swift,Jaipur,2015.0,58000.0,Diesel,Manual,First,23.4 kmpl,1248 CC,74 bhp,Black/Silver,5.0,4.0,,5.25
Mercedes-Benz E-Class,Delhi,2011.0,61000.0,Petrol,Automatic,First,12.3 kmpl,1796 CC,185 bhp,White,5.0,4.0,,12.5
Hyundai i20,Kolkata,2015.0,35000.0,Petrol,Manual,First,17.0 kmpl,1197 CC,80 bhp,White,5.0,4.0,,3.4
Land Rover Range,Kochi,2018.0,52827.0,Diesel,Automatic,First,12.7 kmpl,2179 CC,187.7 bhp,Black/Silver,5.0,4.0,,44.76
Renault KWID,Jaipur,2017.0,63262.0,Petrol,Manual,First,21.7 kmpl,999 CC,67 bhp,White,5.0,4.0,4.78 Lakh,3.25
Honda Brio,Coimbatore,2013.0,67559.0,Petrol,Manual,First,19.4 kmpl,1198 CC,86.8 bhp,Black/Silver,5.0,4.0,,4.05
Force One,Chennai,2014.0,50000.0,Diesel,Manual,First,17.0 kmpl,2200 CC,139.01 bhp,Black/Silver,7.0,5.0,,12.0
Hyundai i10,Bangalore,2008.0,58483.0,Petrol,Automatic,Second,19.2 kmpl,1197 CC,80 bhp,Black/Silver,5.0,4.0,,2.95
Hyundai Grand,Hyderabad,2015.0,35000.0,Diesel,Manual,First,24.0 kmpl,1120 CC,70 bhp,White,5.0,4.0,,4.88
Mercedes-Benz New,Coimbatore,2017.0,23550.0,Diesel,Automatic,First,19.27 kmpl,2143 CC,167.62 bhp,White,5.0,4.0,,33.66
Hyundai Grand,Bangalore,2015.0,50000.0,Petrol,Manual,First,18.9 kmpl,1197 CC,81.86 bhp,White,5.0,4.0,,4.75
Toyota Qualis,Bangalore,2002.0,63000.0,Diesel,Manual,Third,13.1 kmpl,2446 CC,75 bhp,Others,10.0,5.0,,3.65
Hyundai Xcent,Mumbai,2017.0,69000.0,Diesel,Manual,First,25.4 kmpl,1186 CC,73.97 bhp,White,5.0,4.0,,3.55
Honda City,Hyderabad,2016.0,29512.0,Petrol,Manual,First,17.4 kmpl,1497 CC,117.3 bhp,White,5.0,4.0,,7.9
Skoda Rapid,Mumbai,2012.0,54500.0,Diesel,Manual,First,21.13 kmpl,1498 CC,108.4 bhp,Black/Silver,5.0,4.0,13.72 Lakh,4.1
Maruti Ciaz,Mumbai,2016.0,29000.0,Diesel,Manual,First,26.21 kmpl,1248 CC,88.5 bhp,Black/Silver,5.0,4.0,,8.75
Hyundai i20,Hyderabad,2011.0,75000.0,Diesel,Manual,First,21.9 kmpl,1396 CC,90 bhp,Others,5.0,4.0,,3.75
Hyundai i10,Delhi,2013.0,53213.0,Petrol,Manual,First,19.81 kmpl,1086 CC,68.05 bhp,Black/Silver,5.0,4.0,,2.74
Mahindra XUV500,Delhi,2012.0,75000.0,Diesel,Manual,Second,15.1 kmpl,2179 CC,140 bhp,White,7.0,5.0,,6.25
Mercedes-Benz New,Kochi,2015.0,77771.0,Diesel,Automatic,First,19.27 kmpl,2143 CC,170 bhp,Others,5.0,4.0,,18.64
Honda Brio,Jaipur,2013.0,53959.0,Petrol,Manual,First,19.4 kmpl,1198 CC,86.8 bhp,White,5.0,4.0,,3.5
Honda Brio,Coimbatore,2015.0,36695.0,Petrol,Manual,First,19.4 kmpl,1198 CC,86.8 bhp,Black/Silver,5.0,4.0,,4.29
Ford EcoSport,Chennai,2018.0,13900.0,Petrol,Manual,First,18.88 kmpl,1499 CC,110.4 bhp,Black/Silver,5.0,4.0,,9.5
Hyundai EON,Hyderabad,2015.0,68764.0,Petrol,Manual,First,21.1 kmpl,814 CC,55.2 bhp,Others,5.0,4.0,,2.9
Ford Ecosport,Kolkata,2013.0,36000.0,Diesel,Manual,First,22.7 kmpl,1498 CC,89.84 bhp,Black/Silver,5.0,4.0,,4.9
Honda Civic,Kochi,2011.0,56361.0,Petrol,Automatic,First,12.9 kmpl,1799 CC,130 bhp,White,5.0,4.0,,4.38
Tata Safari,Hyderabad,2014.0,90000.0,Diesel,Manual,First,14.0 kmpl,2179 CC,138.1 bhp,Others,7.0,5.0,,8.0
Hyundai Elite,Coimbatore,2017.0,59450.0,Petrol,Manual,First,18.6 kmpl,1197 CC,81.86 bhp,Others,5.0,4.0,9.78 Lakh,7.53
Land Rover Range,Kochi,2018.0,31427.0,Diesel,Automatic,First,15.68 kmpl,1999 CC,177 bhp,Black/Silver,5.0,4.0,75.12 Lakh,59.72
Hyundai i10,Mumbai,2010.0,57000.0,Petrol,Automatic,Second,16.95 kmpl,1197 CC,78.9 bhp,Others,5.0,4.0,,2.5
Maruti Alto,Ahmedabad,2016.0,60000.0,Petrol,Manual,First,24.7 kmpl,796 CC,47.3 bhp,Others,5.0,4.0,,2.65
Maruti Vitara,Coimbatore,2017.0,18108.0,Diesel,Manual,First,24.3 kmpl,1248 CC,88.5 bhp,White,5.0,4.0,12.56 Lakh,11.31
Honda Amaze,Kolkata,2015.0,30000.0,Diesel,Manual,First,25.8 kmpl,1498 CC,98.6 bhp,White,5.0,4.0,,3.5
Maruti Swift,Hyderabad,2013.0,84000.0,Diesel,Manual,First,28.4 kmpl,1248 CC,74 bhp,Others,5.0,4.0,8.44 Lakh,5.65
Tata Sumo,Kolkata,2016.0,46300.0,Diesel,Manual,First,14.07 kmpl,1948 CC,83.1 bhp,White,7.0,5.0,,4.85
Fiat Linea,Jaipur,2013.0,86000.0,Diesel,Manual,Second,19.5 kmpl,1248 CC,75 bhp,White,5.0,4.0,9.5 Lakh,2.5
BMW 5,Pune,2014.0,88000.0,Diesel,Automatic,First,14.69 kmpl,2993 CC,258 bhp,Black/Silver,5.0,4.0,,27.0
Fiat Linea,Pune,2010.0,172050.0,Diesel,Manual,Second,19.0 kmpl,1248 CC,93 bhp,White,5.0,4.0,,2.25
Mercedes-Benz E-Class,Coimbatore,2016.0,65405.0,Diesel,Automatic,First,13.0 kmpl,2143 CC,204 bhp,Black/Silver,5.0,4.0,,32.73
Hyundai Verna,Ahmedabad,2010.0,70002.0,Diesel,Manual,First,16.2 kmpl,1493 CC,110 bhp,Others,5.0,4.0,,3.45
Toyota Fortuner,Delhi,2013.0,65000.0,Diesel,Manual,First,13.0 kmpl,2982 CC,168.5 bhp,Black/Silver,7.0,5.0,,16.1
Maruti Dzire,Pune,2017.0,48000.0,Diesel,Manual,First,28.4 kmpl,1248 CC,73.75 bhp,Black/Silver,5.0,4.0,7.91 Lakh,6.0
Mercedes-Benz E-Class,Mumbai,2013.0,58000.0,Diesel,Automatic,First,10.0 kmpl,2148 CC,170 bhp,Black/Silver,5.0,4.0,,15.75
Toyota Innova,Hyderabad,2016.0,73000.0,Diesel,Manual,First,13.68 kmpl,2393 CC,147.8 bhp,Black/Silver,7.0,4.0,19.37 Lakh,16.5
Maruti Swift,Ahmedabad,2017.0,24005.0,Petrol,Manual,First,20.4 kmpl,1197 CC,81.80 bhp,Others,5.0,4.0,,6.2
Land Rover Freelander,Ahmedabad,2012.0,75000.0,Diesel,Automatic,Second,12.39 kmpl,2179 CC,147.51 bhp,Black/Silver,5.0,4.0,,17.5
Hyundai i20,Kolkata,2015.0,35000.0,Petrol,Manual,First,18.6 kmpl,1197 CC,81.83 bhp,Others,5.0,4.0,,4.43
Skoda Octavia,Mumbai,2014.0,84000.0,Diesel,Automatic,First,19.3 kmpl,1968 CC,141 bhp,Others,5.0,4.0,,10.75
Maruti Alto,Pune,2017.0,30000.0,Petrol,Manual,First,24.07 kmpl,998 CC,67.1 bhp,White,5.0,4.0,4.48 Lakh,3.75
Toyota Innova,Hyderabad,2017.0,24393.0,Diesel,Manual,First,13.68 kmpl,2393 CC,147.8 bhp,Black/Silver,7.0,4.0,22.87 Lakh,20.4
Skoda Laura,Jaipur,2009.0,48000.0,Diesel,Automatic,First,17.0 kmpl,1896 CC,105 bhp,Others,5.0,4.0,,5.0
Honda Civic,Jaipur,2007.0,92000.0,Petrol,Manual,First,13.5 kmpl,1799 CC,130 bhp,White,5.0,4.0,,1.9
Hyundai i10,Mumbai,2008.0,62000.0,Petrol,Manual,Second,20.36 kmpl,1197 CC,78.9 bhp,Others,5.0,4.0,,1.65
Hyundai Elite,Kochi,2017.0,37460.0,Petrol,Manual,First,18.6 kmpl,1197 CC,81.86 bhp,Others,5.0,4.0,8.03 Lakh,6.28
Audi Q5,Bangalore,2014.0,38000.0,Diesel,Automatic,Second,14.16 kmpl,1968 CC,174.3 bhp,Others,5.0,4.0,,39.0
Hyundai Grand,Coimbatore,2017.0,28052.0,Petrol,Automatic,First,18.9 kmpl,1197 CC,82 bhp,White,5.0,4.0,,7.22
Toyota Corolla,Pune,2010.0,31000.0,Petrol,Manual,First,12.5 kmpl,1794 CC,132 bhp,Black/Silver,5.0,4.0,,5.0
Maruti Swift,Coimbatore,2013.0,61110.0,Petrol,Manual,First,18.6 kmpl,1197 CC,85.8 bhp,White,5.0,4.0,,4.57
Ford Figo,Chennai,2015.0,32200.0,Petrol,Manual,Second,18.16 kmpl,1196 CC,86.8 bhp,White,5.0,4.0,,4.25
Skoda Octavia,Kolkata,2002.0,69000.0,Diesel,Manual,First,18.7 kmpl,1896 CC,66 bhp,Black/Silver,5.0,4.0,,1.6
BMW 3,Mumbai,2013.0,37500.0,Diesel,Automatic,First,18.88 kmpl,1995 CC,184 bhp,Black/Silver,5.0,4.0,,16.75
Maruti Celerio,Pune,2016.0,64000.0,Petrol,Automatic,First,23.1 kmpl,998 CC,67.04 bhp,Black/Silver,5.0,4.0,,4.2
Honda Amaze,Jaipur,2014.0,18776.0,Petrol,Manual,First,17.8 kmpl,1198 CC,86.7 bhp,Black/Silver,5.0,4.0,,4.75
Toyota Etios,Pune,2011.0,32000.0,Diesel,Manual,First,23.59 kmpl,1364 CC,null bhp,Others,5.0,4.0,,3.85
Nissan Sunny,Kochi,2013.0,37199.0,Petrol,Automatic,First,17.5 kmpl,1498 CC,99.6 bhp,Black/Silver,5.0,4.0,11.33 Lakh,5.43
Ford Endeavour,Delhi,2018.0,12000.0,Diesel,Automatic,First,10.91 kmpl,3198 CC,197 bhp,White,7.0,5.0,,33.5
Hyundai Xcent,Jaipur,2017.0,60500.0,Diesel,Manual,First,25.4 kmpl,1186 CC,73.97 bhp,Black/Silver,5.0,4.0,,5.49
Maruti Alto,Kolkata,2018.0,26200.0,Petrol,Manual,First,24.7 kmpl,796 CC,47.3 bhp,White,5.0,4.0,,2.9
Honda CR-V,Kolkata,2013.0,46125.0,Petrol,Automatic,Second,12.0 kmpl,2354 CC,187.4 bhp,Others,5.0,4.0,,12.5
Toyota Innova,Coimbatore,2013.0,80544.0,Diesel,Manual,First,12.99 kmpl,2494 CC,100.6 bhp,Others,7.0,4.0,,11.79
Mercedes-Benz GL-Class,Chennai,2015.0,45000.0,Diesel,Automatic,First,11.3 kmpl,2987 CC,254.8 bhp,Black/Silver,7.0,5.0,,56.0
Audi A4,Bangalore,2014.0,29000.0,Diesel,Automatic,First,17.11 kmpl,1968 CC,174.33 bhp,Black/Silver,5.0,4.0,,26.0
Hyundai Verna,Chennai,2012.0,45000.0,Diesel,Manual,First,22.32 kmpl,1582 CC,126.32 bhp,Others,5.0,4.0,,6.25
Mahindra XUV500,Mumbai,2014.0,45600.0,Diesel,Manual,First,15.1 kmpl,2179 CC,140 bhp,Others,7.0,5.0,,8.25
Hyundai i10,Kolkata,2012.0,31000.0,Petrol,Manual,First,20.36 kmpl,1197 CC,78.9 bhp,White,5.0,4.0,,2.25
Honda City,Pune,2010.0,43000.0,Petrol,Manual,Second,17.0 kmpl,1497 CC,118 bhp,Black/Silver,5.0,4.0,,4.21
Hyundai i20,Mumbai,2017.0,27000.0,Diesel,Manual,First,22.54 kmpl,1396 CC,88.73 bhp,Others,5.0,4.0,,6.95
Chevrolet Enjoy,Bangalore,2013.0,64000.0,Diesel,Manual,Second,18.2 kmpl,1248 CC,73.8 bhp,White,7.0,5.0,,4.85
Mercedes-Benz E-Class,Kochi,2015.0,42076.0,Diesel,Automatic,First,13.0 kmpl,2143 CC,201.1 bhp,Black/Silver,5.0,4.0,,21.8
Honda Amaze,Ahmedabad,2014.0,72411.0,Petrol,Manual,First,18.0 kmpl,1198 CC,86.7 bhp,White,5.0,4.0,,4.25
Hyundai i20,Coimbatore,2016.0,16725.0,Petrol,Manual,First,18.6 kmpl,1197 CC,81.83 bhp,White,5.0,4.0,,6.79
Tata Zest,Kochi,2015.0,39208.0,Petrol,Manual,First,17.57 kmpl,1193 CC,88.7 bhp,Others,5.0,4.0,7.63 Lakh,4.52
Honda Mobilio,Hyderabad,2014.0,58972.0,Diesel,Manual,First,24.2 kmpl,1498 CC,98.6 bhp,White,7.0,5.0,,6.5
Chevrolet Beat,Chennai,2012.0,58000.0,Diesel,Manual,First,25.44 kmpl,936 CC,57.6 bhp,Black/Silver,5.0,4.0,,2.1
Toyota Corolla,Chennai,2005.0,83929.0,Petrol,Automatic,First,11.3 kmpl,1794 CC,125 bhp,White,5.0,4.0,,2.6
Maruti 1000,Hyderabad,1998.0,104000.0,Petrol,Manual,Second,15.0 kmpl,970 CC,null bhp,Black/Silver,5.0,4.0,,0.85
Mahindra Renault,Pune,2008.0,2200.0,Petrol,Manual,First,15.7 kmpl,1390 CC,75 bhp,Others,5.0,4.0,,2.3
Mahindra XUV500,Kochi,2013.0,73648.0,Diesel,Manual,First,15.1 kmpl,2179 CC,140 bhp,White,7.0,5.0,,7.31
Hyundai Santro,Hyderabad,2011.0,17000.0,LPG,Manual,First,13.45 km/kg,1086 CC,62.1 bhp,Others,5.0,4.0,,3.1
Maruti Ciaz,Ahmedabad,2017.0,6006.0,Petrol,Manual,First,20.73 kmpl,1373 CC,91.1 bhp,White,5.0,4.0,,8.25
Land Rover Freelander,Delhi,2013.0,68000.0,Diesel,Automatic,Second,12.39 kmpl,2179 CC,147.51 bhp,White,5.0,4.0,,15.75
Audi A6,Hyderabad,2014.0,62000.0,Diesel,Automatic,First,18.53 kmpl,1968 CC,187.74 bhp,White,5.0,4.0,67.1 Lakh,25.0
Honda CR-V,Jaipur,2014.0,112827.0,Petrol,Automatic,First,13.1 kmpl,1997 CC,141.1 bhp,Others,5.0,4.0,,10.5
Toyota Innova,Kolkata,2011.0,98000.0,Diesel,Manual,Second,12.8 kmpl,2494 CC,102 bhp,White,8.0,5.0,,5.5
Hyundai i20,Hyderabad,2012.0,42600.0,Diesel,Manual,First,23.0 kmpl,1396 CC,90 bhp,White,5.0,4.0,,4.99
Renault KWID,Bangalore,2016.0,41000.0,Petrol,Manual,Second,25.17 kmpl,799 CC,53.3 bhp,Others,5.0,4.0,,3.25
Toyota Fortuner,Delhi,2014.0,79000.0,Diesel,Automatic,First,12.55 kmpl,2982 CC,168.5 bhp,White,7.0,5.0,,17.75
Ford Fiesta,Pune,2008.0,117080.0,Diesel,Manual,Third,17.8 kmpl,1399 CC,68 bhp,White,5.0,4.0,,2.25
Maruti Ignis,Mumbai,2017.0,19000.0,Diesel,Manual,First,26.8 kmpl,1248 CC,74 bhp,Others,5.0,4.0,,5.91
Ford Ecosport,Hyderabad,2014.0,135670.0,Diesel,Manual,First,22.7 kmpl,1498 CC,89.84 bhp,Black/Silver,5.0,4.0,,6.55
Maruti Wagon,Hyderabad,2013.0,83875.0,CNG,Manual,Second,26.6 km/kg,998 CC,58.16 bhp,Black/Silver,5.0,4.0,,2.95
Mercedes-Benz GLC,Kochi,2017.0,26192.0,Diesel,Automatic,First,17.9 kmpl,2143 CC,168 bhp,Others,5.0,4.0,,40.47
Toyota Innova,Coimbatore,2019.0,40674.0,Diesel,Automatic,First,11.36 kmpl,2755 CC,171.5 bhp,Others,7.0,4.0,28.05 Lakh,24.82
Renault Duster,Chennai,2012.0,149000.0,Diesel,Manual,First,19.01 kmpl,1461 CC,108.45 bhp,White,5.0,4.0,,7.25
Audi A4,Kolkata,2009.0,46000.0,Diesel,Automatic,First,16.55 kmpl,1968 CC,147.51 bhp,Others,5.0,4.0,,9.95
Maruti Vitara,Hyderabad,2017.0,39000.0,Diesel,Manual,First,24.3 kmpl,1248 CC,88.5 bhp,Others,5.0,4.0,12 Lakh,9.49
Maruti Baleno,Kochi,2018.0,43639.0,Petrol,Manual,First,21.1 kmpl,998 CC,100 bhp,Black/Silver,5.0,4.0,9.83 Lakh,8.15
Maruti Wagon,Pune,2003.0,125000.0,Petrol,Manual,Second,18.9 kmpl,998 CC,67.1 bhp,Black/Silver,5.0,4.0,,0.8
Ford Ecosport,Hyderabad,2014.0,45800.0,Diesel,Manual,First,22.7 kmpl,1498 CC,89.84 bhp,Black/Silver,5.0,4.0,,7.5
Maruti Wagon,Kolkata,2014.0,17400.0,Petrol,Manual,First,20.51 kmpl,998 CC,67.04 bhp,Others,5.0,4.0,,3.1
Jaguar XF,Coimbatore,2016.0,55115.0,Diesel,Automatic,First,14.74 kmpl,2993 CC,270.9 bhp,White,5.0,4.0,,36.15
Audi Q7,Hyderabad,2015.0,50000.0,Diesel,Automatic,First,12.07 kmpl,2967 CC,241.4 bhp,Others,7.0,5.0,,47.5
Audi A4,Coimbatore,2014.0,28469.0,Diesel,Automatic,First,18.25 kmpl,1968 CC,187.74 bhp,White,5.0,4.0,53.14 Lakh,24.37
Volkswagen Polo,Chennai,2014.0,70920.0,Diesel,Manual,First,20.14 kmpl,1498 CC,88.8 bhp,White,5.0,4.0,,4.75
Maruti Dzire,Hyderabad,2013.0,68434.0,Diesel,Manual,First,28.4 kmpl,1248 CC,73.75 bhp,Black/Silver,5.0,4.0,9.14 Lakh,5.5
BMW X5,Chennai,2009.0,110000.0,Diesel,Automatic,First,11.7 kmpl,2993 CC,245 bhp,White,5.0,4.0,,20.0
Honda City,Pune,2011.0,102013.0,Petrol,Manual,First,17.0 kmpl,1497 CC,118 bhp,Black/Silver,5.0,4.0,,3.75
Honda City,Mumbai,2015.0,28005.0,Petrol,Manual,First,17.8 kmpl,1497 CC,117.3 bhp,Black/Silver,5.0,4.0,,7.1
Toyota Fortuner,Delhi,2011.0,151000.0,Diesel,Manual,First,11.5 kmpl,2982 CC,171 bhp,White,7.0,5.0,,11.4
Volkswagen Polo,Kolkata,2014.0,35000.0,Diesel,Manual,First,22.07 kmpl,1199 CC,73.9 bhp,Others,5.0,4.0,,3.8
Honda Jazz,Chennai,2017.0,11000.0,Petrol,Manual,First,18.7 kmpl,1199 CC,88.7 bhp,White,5.0,4.0,,6.75
Volkswagen Passat,Mumbai,2007.0,61932.0,Diesel,Automatic,Second,14.3 kmpl,1968 CC,140 bhp,White,5.0,4.0,,3.31
Honda City,Mumbai,2014.0,10500.0,Petrol,Manual,First,17.4 kmpl,1497 CC,117.3 bhp,Others,5.0,4.0,,5.9
Audi A6,Mumbai,2012.0,50000.0,Diesel,Automatic,First,17.68 kmpl,1968 CC,174.33 bhp,Black/Silver,5.0,4.0,,17.5
BMW X6,Delhi,2011.0,59000.0,Diesel,Automatic,First,11.2 kmpl,2993 CC,241 bhp,Black/Silver,4.0,4.0,,21.9
Hyundai i20,Kolkata,2013.0,40300.0,Petrol,Manual,First,18.5 kmpl,1197 CC,82.85 bhp,Others,5.0,4.0,,2.8
Maruti SX4,Chennai,2016.0,41000.0,Diesel,Manual,First,22.7 kmpl,1598 CC,118 bhp,White,5.0,4.0,,7.7
Renault KWID,Mumbai,2018.0,1617.0,Petrol,Manual,First,25.17 kmpl,799 CC,53.3 bhp,Others,5.0,4.0,4.78 Lakh,4.29
Hyundai Creta,Coimbatore,2017.0,37247.0,Diesel,Manual,First,19.67 kmpl,1582 CC,126.2 bhp,Others,5.0,4.0,,13.69
BMW X5,Mumbai,2014.0,19000.0,Diesel,Automatic,First,15.97 kmpl,2993 CC,258 bhp,Black/Silver,7.0,5.0,,44.0
Ford Figo,Kolkata,2015.0,1001.0,Diesel,Manual,First,25.83 kmpl,1498 CC,99 bhp,Others,5.0,4.0,,7.55
Mercedes-Benz S,Pune,2013.0,80000.0,Petrol,Automatic,First,13.0 kmpl,2987 CC,210 bhp,Black/Silver,5.0,4.0,,25.0
Volkswagen Jetta,Chennai,2012.0,115000.0,Diesel,Manual,First,19.33 kmpl,1968 CC,138.1 bhp,Black/Silver,5.0,4.0,,6.95
Audi Q5,Chennai,2013.0,44000.0,Diesel,Automatic,First,14.16 kmpl,1968 CC,174.3 bhp,Others,5.0,4.0,,32.5
Maruti 800,Jaipur,2002.0,53500.0,Petrol,Manual,Second,16.1 kmpl,796 CC,37 bhp,Black/Silver,4.0,4.0,,0.63
Maruti Swift,Kolkata,2017.0,14000.0,Diesel,Manual,First,26.59 kmpl,1248 CC,74 bhp,Others,5.0,4.0,,7.5
Volkswagen Polo,Jaipur,2015.0,59000.0,Petrol,Manual,Second,16.47 kmpl,1198 CC,73.9 bhp,White,5.0,4.0,,4.9
Renault Duster,Delhi,2013.0,67000.0,Diesel,Manual,First,19.01 kmpl,1461 CC,108.45 bhp,Others,5.0,4.0,,4.75
Datsun GO,Kolkata,2016.0,6000.0,Petrol,Manual,First,20.63 kmpl,1198 CC,67.06 bhp,Others,5.0,4.0,,2.5
Mahindra Scorpio,Mumbai,2014.0,84000.0,Diesel,Manual,First,12.05 kmpl,2179 CC,120 bhp,White,7.0,5.0,,6.85
Nissan Teana,Mumbai,2008.0,86340.0,Petrol,Automatic,Second,9.1 kmpl,2349 CC,null bhp,Black/Silver,5.0,4.0,,3.25
Skoda Rapid,Mumbai,2015.0,19600.0,Petrol,Manual,First,15.0 kmpl,1598 CC,103.52 bhp,Others,5.0,4.0,,6.15
Hyundai Creta,Kochi,2016.0,38593.0,Diesel,Automatic,First,17.01 kmpl,1582 CC,126.2 bhp,Others,5.0,4.0,,13.23
Hyundai Verna,Chennai,2016.0,27000.0,Diesel,Automatic,First,19.08 kmpl,1582 CC,126.2 bhp,Others,5.0,4.0,,8.6
Audi A4,Kolkata,2012.0,47346.0,Diesel,Automatic,First,16.55 kmpl,1968 CC,147.51 bhp,White,5.0,4.0,,14.5
Hyundai Santro,Chennai,2007.0,79000.0,Petrol,Manual,First,17.0 kmpl,1086 CC,null bhp,Black/Silver,5.0,4.0,,1.85
Maruti Alto,Delhi,2016.0,35000.0,Petrol,Manual,First,24.7 kmpl,796 CC,47.3 bhp,White,5.0,4.0,,2.65
Maruti Ciaz,Pune,2014.0,49500.0,Petrol,Manual,First,20.73 kmpl,1373 CC,91.1 bhp,White,5.0,4.0,,6.0
Honda Amaze,Bangalore,2013.0,33800.0,Diesel,Manual,Second,25.8 kmpl,1498 CC,98.6 bhp,Black/Silver,5.0,4.0,,4.7
BMW 3,Kochi,2010.0,70749.0,Petrol,Automatic,First,12.05 kmpl,1995 CC,154 bhp,Others,5.0,4.0,,9.86
Skoda Rapid,Delhi,2015.0,55000.0,Diesel,Automatic,Second,21.66 kmpl,1498 CC,103.52 bhp,Others,5.0,4.0,,5.7
Skoda Laura,Mumbai,2010.0,95000.0,Diesel,Manual,Second,17.0 kmpl,1896 CC,105 bhp,Black/Silver,5.0,4.0,,3.25
Maruti Dzire,Hyderabad,2017.0,28226.0,Diesel,Automatic,First,28.4 kmpl,1248 CC,73.75 bhp,Black/Silver,5.0,4.0,11.52 Lakh,9.15
Hyundai i20,Coimbatore,2018.0,22684.0,Petrol,Manual,First,18.6 kmpl,1197 CC,81.83 bhp,White,5.0,4.0,,7.8
Hyundai i20,Kolkata,2015.0,36000.0,Petrol,Manual,First,18.6 kmpl,1197 CC,81.83 bhp,Black/Silver,5.0,4.0,,4.9
Maruti Swift,Chennai,2016.0,75000.0,Diesel,Manual,First,23.4 kmpl,1248 CC,74 bhp,White,5.0,4.0,,4.25
Hyundai Verna,Kolkata,2014.0,58000.0,Petrol,Manual,First,17.01 kmpl,1591 CC,121.3 bhp,Others,5.0,4.0,,4.59
Toyota Fortuner,Mumbai,2010.0,140000.0,Diesel,Manual,First,14.24 kmpl,2755 CC,174.5 bhp,Black/Silver,7.0,5.0,37.46 Lakh,10.75
Maruti Celerio,Coimbatore,2017.0,35225.0,Petrol,Automatic,First,23.1 kmpl,998 CC,67.04 bhp,White,5.0,4.0,6.56 Lakh,5.25
Maruti Ertiga,Mumbai,2016.0,33000.0,Diesel,Manual,First,25.47 kmpl,1248 CC,88.50 bhp,White,7.0,5.0,12.74 Lakh,8.5
Hyundai Grand,Kochi,2019.0,18453.0,Petrol,Manual,First,18.9 kmpl,1197 CC,81.86 bhp,Black/Silver,5.0,4.0,6.68 Lakh,6.17
Audi Q7,Hyderabad,2012.0,88000.0,Diesel,Automatic,First,12.07 kmpl,2967 CC,241.4 bhp,Others,7.0,5.0,,36.5
Tata Nano,Kochi,2014.0,19698.0,Petrol,Manual,First,25.4 kmpl,624 CC,37.5 bhp,Others,4.0,4.0,,1.53
Hyundai Creta,Hyderabad,2017.0,50129.0,Diesel,Manual,First,19.67 kmpl,1582 CC,126.2 bhp,White,5.0,4.0,,13.3
Renault Duster,Chennai,2012.0,79824.0,Diesel,Manual,First,19.87 kmpl,1461 CC,83.8 bhp,Others,5.0,4.0,,5.25
Volkswagen Polo,Kolkata,2015.0,22000.0,Petrol,Manual,First,16.47 kmpl,1198 CC,74 bhp,Black/Silver,5.0,4.0,,3.8
Ford Figo,Delhi,2011.0,65000.0,Petrol,Manual,First,15.6 kmpl,1196 CC,70 bhp,White,5.0,4.0,,2.4
Maruti Swift,Pune,2013.0,32953.0,Petrol,Manual,First,18.6 kmpl,1197 CC,85.8 bhp,Black/Silver,5.0,4.0,,4.65
Hyundai Accent,Chennai,2007.0,55000.0,Petrol,Manual,First,13.2 kmpl,1495 CC,94 bhp,White,5.0,4.0,,2.65
Hyundai i20,Jaipur,2017.0,40250.0,Petrol,Manual,First,17.19 kmpl,1197 CC,81.86 bhp,White,5.0,4.0,9.74 Lakh,6.9
Maruti Swift,Jaipur,2014.0,61000.0,Diesel,Manual,First,23.4 kmpl,1248 CC,74 bhp,White,5.0,4.0,,5.35
Mercedes-Benz GLE,Bangalore,2016.0,28541.0,Diesel,Automatic,First,11.57 kmpl,2987 CC,254.79 bhp,Black/Silver,5.0,4.0,95.13 Lakh,60.75
Mitsubishi Outlander,Delhi,2010.0,76000.0,Petrol,Automatic,Second,11.3 kmpl,2360 CC,170 bhp,Others,5.0,4.0,,5.53
Hyundai Grand,Delhi,2014.0,31200.0,Petrol,Manual,First,18.9 kmpl,1197 CC,82 bhp,Others,5.0,4.0,,3.9
Mahindra Quanto,Mumbai,2013.0,35000.0,Diesel,Manual,First,17.21 kmpl,1493 CC,100 bhp,Others,7.0,5.0,,3.49
Maruti Ritz,Hyderabad,2013.0,80264.0,Petrol,Manual,First,21.1 kmpl,1197 CC,85.80 bhp,Others,5.0,4.0,,4.3
Mahindra Ssangyong,Hyderabad,2012.0,73670.0,Diesel,Manual,First,12.83 kmpl,2696 CC,162 bhp,White,7.0,5.0,,12.5
Volkswagen Ameo,Mumbai,2016.0,16000.0,Petrol,Manual,First,17.0 kmpl,1198 CC,73.75 bhp,Black/Silver,5.0,4.0,,5.4
Hyundai i20,Jaipur,2012.0,71172.0,Petrol,Manual,Third,17.0 kmpl,1197 CC,80 bhp,Others,5.0,4.0,,3.5
BMW X1,Kolkata,2012.0,22000.0,Diesel,Automatic,First,17.05 kmpl,1995 CC,184 bhp,Others,5.0,4.0,,11.5
Hyundai Accent,Hyderabad,2004.0,110000.0,Petrol,Manual,First,13.2 kmpl,1495 CC,94 bhp,White,5.0,4.0,,0.6
Skoda Octavia,Hyderabad,2002.0,99000.0,Diesel,Manual,Second,18.7 kmpl,1896 CC,66 bhp,Black/Silver,5.0,4.0,,1.9
Honda City,Chennai,2011.0,80000.0,Petrol,Manual,Second,17.0 kmpl,1497 CC,118 bhp,Black/Silver,5.0,4.0,,3.85
Hyundai Xcent,Mumbai,2015.0,41000.0,Petrol,Automatic,First,16.9 kmpl,1197 CC,82 bhp,Others,5.0,4.0,,5.45
Hyundai Verna,Hyderabad,2014.0,65000.0,Diesel,Automatic,First,19.08 kmpl,1582 CC,126.32 bhp,White,5.0,4.0,,8.99
Toyota Innova,Bangalore,2016.0,108000.0,Diesel,Automatic,First,11.36 kmpl,2755 CC,171.5 bhp,White,7.0,4.0,28.05 Lakh,20.5
Audi Q3,Chennai,2015.0,28000.0,Diesel,Automatic,First,15.73 kmpl,1968 CC,174.33 bhp,White,5.0,4.0,,23.75
Smart Fortwo,Pune,2008.0,103000.0,Diesel,Automatic,Second,0.0 kmpl,799 CC,null bhp,White,2.0,2.0,,3.0
Tata Indigo,Chennai,2008.0,99000.0,Diesel,Manual,Second,17.0 kmpl,1405 CC,70 bhp,White,5.0,4.0,,1.6
Ford Ecosport,Kochi,2014.0,64394.0,Diesel,Manual,First,22.7 kmpl,1498 CC,89.84 bhp,Black/Silver,5.0,4.0,,5.45
Maruti Ertiga,Jaipur,2014.0,47399.0,Petrol,Manual,First,16.02 kmpl,1373 CC,93.7 bhp,Others,7.0,5.0,,5.6
Volkswagen Vento,Kochi,2014.0,32283.0,Petrol,Automatic,Second,14.4 kmpl,1598 CC,103.6 bhp,Others,5.0,4.0,,5.41
Maruti Swift,Jaipur,2014.0,105000.0,Diesel,Manual,First,25.2 kmpl,1248 CC,74 bhp,Others,5.0,4.0,,3.85
Mahindra XUV500,Ahmedabad,2014.0,58000.0,Diesel,Manual,First,15.1 kmpl,2179 CC,140 bhp,White,7.0,5.0,,7.5
Skoda Superb,Hyderabad,2010.0,57000.0,Petrol,Automatic,First,13.7 kmpl,1798 CC,157.75 bhp,Black/Silver,5.0,4.0,,7.25
Maruti Ciaz,Hyderabad,2015.0,47883.0,Diesel,Manual,Second,26.21 kmpl,1248 CC,88.5 bhp,Others,5.0,4.0,,7.4
Maruti SX4,Mumbai,2009.0,77652.0,Petrol,Automatic,First,12.6 kmpl,1586 CC,103.2 bhp,White,5.0,4.0,,2.85
Audi Q7,Coimbatore,2015.0,53735.0,Diesel,Automatic,Second,12.07 kmpl,2967 CC,241.4 bhp,White,7.0,5.0,,38.94
Volkswagen Polo,Hyderabad,2016.0,60453.0,Petrol,Manual,First,16.47 kmpl,1198 CC,74 bhp,Others,5.0,4.0,,5.1
Hyundai Grand,Mumbai,2013.0,26000.0,Petrol,Manual,First,18.9 kmpl,1197 CC,82 bhp,Others,5.0,4.0,,3.75
Hyundai Verna,Hyderabad,2010.0,118077.0,Diesel,Manual,First,16.2 kmpl,1493 CC,110 bhp,Others,5.0,4.0,,3.85
Hyundai Grand,Mumbai,2014.0,16514.0,Petrol,Manual,First,18.9 kmpl,1197 CC,82 bhp,Others,5.0,4.0,,3.75
Mitsubishi Pajero,Kochi,2013.0,48986.0,Diesel,Manual,First,10.5 kmpl,2835 CC,107.2 bhp,White,6.0,5.0,,11.88
Ford Figo,Hyderabad,2017.0,95802.0,Diesel,Manual,Second,25.83 kmpl,1498 CC,99 bhp,Black/Silver,5.0,4.0,,4.55
Toyota Etios,Chennai,2013.0,179000.0,Diesel,Manual,First,23.59 kmpl,1364 CC,67.04 bhp,Black/Silver,5.0,4.0,,3.8
Audi A7,Kochi,2014.0,60336.0,Diesel,Automatic,Second,14.4 kmpl,2967 CC,241.4 bhp,White,5.0,4.0,,24.94
Hyundai Santro,Mumbai,2006.0,50888.0,Petrol,Manual,First,17.0 kmpl,1086 CC,null bhp,Others,5.0,4.0,,1.15
Toyota Innova,Chennai,2011.0,122000.0,Diesel,Manual,Second,12.8 kmpl,2494 CC,102 bhp,White,8.0,5.0,,10.75
Chevrolet Optra,Mumbai,2010.0,78563.0,Diesel,Manual,First,16.52 kmpl,1991 CC,123.7 bhp,White,5.0,4.0,,2.35
Renault Duster,Pune,2015.0,30000.0,Diesel,Manual,First,19.87 kmpl,,,,5.0,4.0,,7.75
Toyota Fortuner,Hyderabad,2014.0,107825.0,Diesel,Manual,First,13.0 kmpl,2982 CC,168.5 bhp,White,7.0,5.0,,20.5
BMW 5,Kolkata,2010.0,24000.0,Petrol,Automatic,First,10.6 kmpl,2996 CC,258 bhp,White,5.0,4.0,,8.75
Maruti Baleno,Hyderabad,2017.0,24000.0,Diesel,Manual,First,27.39 kmpl,1248 CC,74 bhp,Black/Silver,5.0,4.0,10.63 Lakh,8.4
Mercedes-Benz E-Class,Mumbai,2017.0,15000.0,Diesel,Automatic,First,13.0 kmpl,2987 CC,265 bhp,Others,5.0,4.0,,69.5
Chevrolet Aveo,Hyderabad,2008.0,55902.0,Petrol,Manual,First,14.49 kmpl,1399 CC,92.7 bhp,Black/Silver,5.0,4.0,,1.8
Audi A4,Mumbai,2011.0,38000.0,Petrol,Automatic,First,10.8 kmpl,1984 CC,132 bhp,Others,5.0,4.0,,12.0
Maruti Swift,Hyderabad,2011.0,53080.0,Petrol,Manual,First,18.6 kmpl,1197 CC,85.8 bhp,Others,5.0,4.0,,4.4
Maruti Wagon,Pune,2011.0,43874.0,Petrol,Manual,First,18.9 kmpl,998 CC,67.1 bhp,Others,5.0,4.0,,2.45
Hyundai Creta,Coimbatore,2017.0,52383.0,Diesel,Manual,First,19.67 kmpl,1582 CC,126.2 bhp,White,5.0,4.0,,14.82
Maruti SX4,Mumbai,2017.0,26000.0,Diesel,Manual,First,23.65 kmpl,1248 CC,88.5 bhp,Others,5.0,4.0,,9.75
Land Rover Range,Delhi,2017.0,44000.0,Diesel,Automatic,First,12.7 kmpl,2179 CC,187.7 bhp,Others,5.0,4.0,,44.0
Maruti Alto,Mumbai,2008.0,26299.0,Petrol,Manual,First,19.7 kmpl,796 CC,46.3 bhp,Others,5.0,4.0,,1.2
Hyundai i10,Coimbatore,2014.0,47439.0,Petrol,Manual,First,20.36 kmpl,1197 CC,78.9 bhp,Others,5.0,4.0,,4.49
Toyota Innova,Chennai,2014.0,250000.0,Diesel,Manual,First,12.99 kmpl,2494 CC,100.6 bhp,Others,8.0,5.0,,10.9
Chevrolet Aveo,Hyderabad,2007.0,33000.0,Petrol,Manual,First,15.26 kmpl,1150 CC,74.9 bhp,Black/Silver,5.0,4.0,,1.75
Honda City,Ahmedabad,2015.0,77000.0,Diesel,Manual,First,26.0 kmpl,1498 CC,98.6 bhp,Black/Silver,5.0,4.0,,6.98
Land Rover Range,Delhi,2014.0,47000.0,Diesel,Automatic,Second,12.65 kmpl,2993 CC,255 bhp,Black/Silver,5.0,4.0,1.39 Cr,64.75
Honda City,Kochi,2018.0,34696.0,Petrol,Automatic,First,18.0 kmpl,1497 CC,117.3 bhp,White,5.0,4.0,,12.08
Hyundai Santro,Chennai,2002.0,67000.0,Petrol,Manual,Third,0.0 kmpl,999 CC,null bhp,Black/Silver,5.0,4.0,,1.2
Honda Accord,Delhi,2009.0,65462.0,Petrol,Automatic,Third,11.1 kmpl,2354 CC,142 bhp,Black/Silver,5.0,4.0,,3.5
Ford Endeavour,Hyderabad,2010.0,154000.0,Diesel,Manual,First,13.1 kmpl,2499 CC,141 bhp,White,7.0,5.0,,7.99
Ford Ikon,Pune,2006.0,98293.0,Petrol,Manual,Second,13.8 kmpl,1299 CC,70 bhp,Others,5.0,4.0,,1.55
Hyundai Verna,Ahmedabad,2015.0,60000.0,Diesel,Manual,First,23.9 kmpl,1582 CC,126.2 bhp,Black/Silver,5.0,4.0,,6.99
BMW 3,Pune,2013.0,71000.0,Diesel,Automatic,First,18.88 kmpl,1995 CC,184 bhp,Black/Silver,5.0,4.0,,15.0
Skoda Laura,Kolkata,2012.0,45000.0,Diesel,Automatic,First,17.0 kmpl,1896 CC,105 bhp,Black/Silver,5.0,4.0,,6.99
Mini Cooper,Mumbai,2016.0,15000.0,Petrol,Automatic,First,16.82 kmpl,1998 CC,189.08 bhp,Black/Silver,4.0,4.0,44.28 Lakh,35.0
Toyota Fortuner,Mumbai,2012.0,76000.0,Diesel,Manual,Second,13.0 kmpl,2982 CC,168.5 bhp,Others,7.0,5.0,,13.5
Maruti Wagon,Kolkata,2017.0,8000.0,Petrol,Manual,First,20.51 kmpl,998 CC,67.04 bhp,White,5.0,4.0,,3.0
Maruti Eeco,Kochi,2018.0,43912.0,CNG,Manual,First,15.1 km/kg,1196 CC,73 bhp,Black/Silver,5.0,4.0,,4.33
Maruti Vitara,Jaipur,2017.0,48324.0,Diesel,Manual,First,24.3 kmpl,1248 CC,88.5 bhp,White,5.0,4.0,11.47 Lakh,9.0
Hyundai Santro,Pune,2008.0,93000.0,Petrol,Manual,First,0.0 kmpl,1086 CC,62 bhp,White,5.0,4.0,,1.45
Honda CR-V,Pune,2007.0,115800.0,Petrol,Automatic,Third,10.1 kmpl,2354 CC,152 bhp,Others,5.0,4.0,,3.8
BMW 3,Kochi,2013.0,37613.0,Diesel,Automatic,First,22.69 kmpl,1995 CC,190 bhp,Others,5.0,4.0,52.46 Lakh,13.95
Volkswagen Polo,Hyderabad,2014.0,81298.0,Diesel,Manual,First,20.14 kmpl,1498 CC,88.8 bhp,Black/Silver,5.0,4.0,,6.5
Maruti Eeco,Coimbatore,2017.0,38053.0,Petrol,Manual,First,15.1 kmpl,1196 CC,73 bhp,White,5.0,4.0,5.13 Lakh,3.91
Volkswagen Polo,Kolkata,2011.0,32000.0,Petrol,Manual,First,16.47 kmpl,1198 CC,73.9 bhp,Others,5.0,4.0,,2.55
Honda Civic,Hyderabad,2007.0,77000.0,Petrol,Manual,First,13.5 kmpl,1799 CC,130 bhp,White,5.0,4.0,,2.5
Mahindra XUV500,Coimbatore,2019.0,19654.0,Diesel,Automatic,First,14.0 kmpl,2179 CC,155 bhp,White,7.0,5.0,21.33 Lakh,17.63
Audi RS5,Mumbai,2013.0,23312.0,Petrol,Automatic,First,11.05 kmpl,2894 CC,444 bhp,White,4.0,4.0,1.28 Cr,40.5
Hyundai Verna,Mumbai,2013.0,24000.0,Petrol,Automatic,First,17.01 kmpl,1591 CC,121.4 bhp,Others,5.0,4.0,,5.95
Audi Q7,Coimbatore,2016.0,28733.0,Diesel,Automatic,Second,12.07 kmpl,2967 CC,241.4 bhp,Black/Silver,7.0,5.0,,53.11
Renault Fluence,Delhi,2012.0,87510.0,Diesel,Manual,First,21.8 kmpl,1461 CC,78 bhp,Black/Silver,5.0,4.0,,3.49
Maruti Alto,Mumbai,2019.0,171.0,Petrol,Manual,First,24.7 kmpl,796 CC,47.3 bhp,Black/Silver,5.0,4.0,,3.6
Hyundai i10,Kolkata,2011.0,35082.0,Petrol,Manual,First,20.36 kmpl,1197 CC,78.9 bhp,Black/Silver,5.0,4.0,,2.21
Skoda Yeti,Kolkata,2012.0,64284.0,Diesel,Manual,First,17.72 kmpl,1968 CC,108.49 bhp,White,5.0,4.0,,5.5
Mahindra Xylo,Hyderabad,2009.0,90764.0,Diesel,Manual,First,14.0 kmpl,2498 CC,112 bhp,Others,8.0,5.0,,3.85
Audi A4,Kolkata,2010.0,38001.0,Petrol,Automatic,First,12.3 kmpl,1781 CC,163.2 bhp,Black/Silver,5.0,4.0,,8.5
BMW X5,Pune,2015.0,69002.0,Diesel,Automatic,First,15.97 kmpl,2993 CC,258 bhp,White,5.0,4.0,,50.0
Toyota Corolla,Coimbatore,2016.0,82725.0,Petrol,Automatic,First,14.28 kmpl,1798 CC,138.03 bhp,Black/Silver,5.0,4.0,25.27 Lakh,11.99
Audi A6,Kochi,2014.0,54862.0,Diesel,Automatic,First,17.68 kmpl,1968 CC,174.33 bhp,White,5.0,4.0,,16.67
BMW X3,Bangalore,2012.0,52000.0,Diesel,Automatic,First,16.09 kmpl,1995 CC,184 bhp,Black/Silver,5.0,4.0,,24.0
Volkswagen Polo,Chennai,2012.0,64806.0,Petrol,Manual,First,16.47 kmpl,1198 CC,73.9 bhp,Black/Silver,5.0,4.0,,3.65
Maruti Alto,Jaipur,2017.0,30000.0,Petrol,Manual,First,22.74 kmpl,796 CC,47.3 bhp,Black/Silver,5.0,4.0,,3.1
Hyundai i10,Kochi,2012.0,65727.0,Petrol,Manual,First,19.81 kmpl,1086 CC,68.05 bhp,Others,5.0,4.0,,2.97
Honda City,Kolkata,2010.0,60000.0,Petrol,Manual,First,17.0 kmpl,1497 CC,118 bhp,Black/Silver,5.0,4.0,,2.7
Audi A4,Delhi,2012.0,44555.0,Diesel,Automatic,First,15.2 kmpl,1968 CC,140.8 bhp,Others,5.0,4.0,,13.5
BMW 5,Mumbai,2008.0,81000.0,Diesel,Automatic,Second,18.48 kmpl,,,Black/Silver,,4.0,,10.5
Hyundai Accent,Mumbai,2010.0,32773.0,Petrol,Manual,First,13.2 kmpl,1495 CC,94 bhp,Others,5.0,4.0,,2.05
Honda City,Mumbai,2016.0,42666.0,Petrol,Automatic,First,18.0 kmpl,1497 CC,117.3 bhp,Others,5.0,4.0,,8.95
Nissan Micra,Coimbatore,2017.0,54387.0,Petrol,Automatic,First,19.15 kmpl,1198 CC,75.94 bhp,Black/Silver,5.0,4.0,9.51 Lakh,5.85
Hyundai Xcent,Jaipur,2014.0,60000.0,Diesel,Manual,First,24.4 kmpl,1120 CC,71 bhp,Black/Silver,5.0,4.0,,3.9
Hyundai Xcent,Coimbatore,2016.0,14656.0,Diesel,Manual,First,24.4 kmpl,1120 CC,71 bhp,Others,5.0,4.0,,6.99
Volkswagen Polo,Coimbatore,2014.0,72465.0,Petrol,Manual,First,16.47 kmpl,1198 CC,74 bhp,White,5.0,4.0,,5.9
Honda City,Pune,2005.0,98437.0,Petrol,Manual,First,13.0 kmpl,1493 CC,100 bhp,White,5.0,4.0,,1.15
Mini Cooper,Kochi,2016.0,21110.0,Petrol,Automatic,First,17.44 kmpl,1998 CC,189.08 bhp,Black/Silver,4.0,4.0,39.27 Lakh,28.95
Ford EcoSport,Delhi,2015.0,57000.0,Diesel,Manual,First,22.77 kmpl,1498 CC,98.59 bhp,Others,5.0,4.0,,6.35
Honda Amaze,Hyderabad,2014.0,57937.0,Petrol,Automatic,First,15.5 kmpl,1198 CC,86.7 bhp,Black/Silver,5.0,4.0,,5.4
Volvo S60,Hyderabad,2014.0,51000.0,Diesel,Automatic,First,27.03 kmpl,1969 CC,190 bhp,White,5.0,4.0,45.67 Lakh,21.5
Honda City,Jaipur,2015.0,66339.0,Diesel,Manual,Second,25.1 kmpl,1498 CC,98.6 bhp,White,5.0,4.0,,6.9
BMW X1,Delhi,2017.0,23000.0,Diesel,Automatic,First,20.68 kmpl,1995 CC,190 bhp,Black/Silver,5.0,4.0,,28.75
Renault Koleos,Delhi,2013.0,70000.0,Diesel,Automatic,Second,13.73 kmpl,1995 CC,148 bhp,White,5.0,4.0,,8.5
Hyundai Sonata,Hyderabad,2009.0,94000.0,Diesel,Automatic,First,11.4 kmpl,1991 CC,142 bhp,White,5.0,4.0,,5.25
Maruti 800,Chennai,2007.0,72000.0,Petrol,Manual,Third,16.1 kmpl,796 CC,37 bhp,White,4.0,4.0,,1.0
Hyundai EON,Kochi,2013.0,57759.0,Petrol,Manual,First,21.1 kmpl,814 CC,55.2 bhp,Others,5.0,4.0,,3.84
Nissan Micra,Kolkata,2013.0,45000.0,Petrol,Manual,First,18.44 kmpl,1198 CC,75 bhp,Black/Silver,5.0,4.0,,1.75
Maruti Esteem,Chennai,2007.0,30441.0,Petrol,Manual,First,15.9 kmpl,1298 CC,85 bhp,Black/Silver,5.0,4.0,,1.45
BMW 3,Mumbai,2015.0,41000.0,Diesel,Automatic,First,21.76 kmpl,1995 CC,190 bhp,Black/Silver,5.0,4.0,60.88 Lakh,25.5
Nissan Sunny,Jaipur,2011.0,41000.0,Petrol,Manual,Second,16.95 kmpl,1498 CC,97.7 bhp,Black/Silver,5.0,4.0,,3.0
Maruti Ertiga,Delhi,2016.0,67000.0,Diesel,Manual,First,20.77 kmpl,1248 CC,88.7 bhp,White,7.0,5.0,,6.75
Hyundai i20,Hyderabad,2016.0,77076.0,Diesel,Manual,First,23.0 kmpl,1396 CC,90 bhp,Black/Silver,5.0,4.0,,6.75
Volkswagen Jetta,Pune,2013.0,58000.0,Diesel,Automatic,Second,16.96 kmpl,1968 CC,138.03 bhp,Black/Silver,5.0,4.0,,7.5
Ford EcoSport,Coimbatore,2018.0,27852.0,Petrol,Automatic,First,14.8 kmpl,1497 CC,121.36 bhp,Black/Silver,5.0,4.0,14.1 Lakh,10.44
Hyundai i20,Ahmedabad,2012.0,55362.0,Diesel,Manual,First,21.9 kmpl,1396 CC,88.8 bhp,Black/Silver,5.0,4.0,,4.25
Mahindra TUV,Delhi,2016.0,47035.0,Diesel,Manual,First,18.49 kmpl,1493 CC,100 bhp,Black/Silver,7.0,5.0,,6.95
Audi Q3,Coimbatore,2016.0,86642.0,Diesel,Automatic,First,15.17 kmpl,1968 CC,181 bhp,White,5.0,4.0,43.65 Lakh,20.37
Ford Fiesta,Hyderabad,2009.0,160000.0,Diesel,Manual,First,17.8 kmpl,1399 CC,68 bhp,Others,5.0,4.0,,2.8
Volkswagen Polo,Kolkata,2012.0,52000.0,Diesel,Manual,First,22.07 kmpl,1199 CC,73.9 bhp,Others,5.0,4.0,,2.75
Maruti Wagon,Mumbai,2019.0,600.0,Petrol,Automatic,First,21.5 kmpl,1197 CC,81.80 bhp,Others,5.0,4.0,6.8 Lakh,6.25
Ford EcoSport,Chennai,2015.0,80000.0,Diesel,Manual,First,22.77 kmpl,1498 CC,98.59 bhp,Black/Silver,5.0,4.0,,7.0
BMW 5,Bangalore,2013.0,58500.0,Diesel,Automatic,Second,17.09 kmpl,1995 CC,218 bhp,Others,5.0,4.0,,27.5
Audi A6,Bangalore,2015.0,37500.0,Diesel,Automatic,First,17.68 kmpl,1968 CC,174.33 bhp,White,5.0,4.0,,32.0
Porsche Cayenne,Coimbatore,2016.0,65003.0,Diesel,Automatic,First,13.6 kmpl,4134 CC,382 bhp,White,5.0,4.0,,67.83
Maruti Ciaz,Coimbatore,2016.0,60913.0,Petrol,Manual,First,20.73 kmpl,1373 CC,91.1 bhp,Others,5.0,4.0,,7.19
Maruti Alto,Kochi,2017.0,54250.0,Petrol,Manual,First,22.74 kmpl,796 CC,47.3 bhp,Others,5.0,4.0,,3.51
BMW 3,Kochi,2014.0,32982.0,Diesel,Automatic,First,22.69 kmpl,1995 CC,,Others,5.0,4.0,47.87 Lakh,18.55
Toyota Corolla,Pune,2015.0,43000.0,Petrol,Automatic,First,14.53 kmpl,1794 CC,138.1 bhp,Others,5.0,4.0,,12.5
Maruti Wagon,Pune,2015.0,70000.0,CNG,Manual,First,26.2 km/kg,998 CC,58.2 bhp,White,5.0,4.0,,3.65
Maruti Ritz,Hyderabad,2012.0,57788.0,Petrol,Automatic,First,17.16 kmpl,1197 CC,85.80 bhp,Others,5.0,4.0,,3.6
Toyota Fortuner,Jaipur,2010.0,144113.0,Diesel,Manual,Second,11.5 kmpl,2982 CC,171 bhp,White,7.0,5.0,,11.75
Honda City,Kolkata,2014.0,39000.0,Petrol,Manual,First,17.4 kmpl,1497 CC,117.3 bhp,Black/Silver,5.0,4.0,,6.25
Honda Amaze,Pune,2015.0,110000.0,Diesel,Manual,First,25.8 kmpl,1498 CC,98.6 bhp,Black/Silver,5.0,4.0,,4.65
Toyota Etios,Jaipur,2013.0,67000.0,Petrol,Manual,Second,16.78 kmpl,1496 CC,88.73 bhp,White,5.0,4.0,,4.05
Maruti Alto,Chennai,2002.0,103653.0,Petrol,Manual,Second,18.9 kmpl,1061 CC,47 bhp,White,5.0,4.0,,1.22
Maruti Alto,Chennai,2016.0,61000.0,Petrol,Manual,First,24.7 kmpl,796 CC,47.3 bhp,Others,5.0,4.0,,2.9
Maruti Swift,Coimbatore,2014.0,59923.0,Diesel,Manual,First,22.9 kmpl,1248 CC,74 bhp,Others,5.0,4.0,,6.46
Ford Figo,Bangalore,2013.0,38000.0,Petrol,Manual,First,15.6 kmpl,1196 CC,70 bhp,White,5.0,4.0,,3.55
Toyota Etios,Mumbai,2012.0,29605.0,Petrol,Manual,First,18.3 kmpl,1197 CC,null bhp,Others,5.0,4.0,,2.44
BMW 3,Kochi,2015.0,58390.0,Diesel,Automatic,First,18.88 kmpl,1995 CC,184 bhp,Black/Silver,5.0,4.0,,19.86
Hyundai Santro,Pune,2006.0,108000.0,Petrol,Manual,Second,17.0 kmpl,1086 CC,null bhp,Black/Silver,5.0,4.0,,1.2
Honda City,Kolkata,2011.0,32572.0,Petrol,Manual,First,17.4 kmpl,1497 CC,117.3 bhp,White,5.0,4.0,11.74 Lakh,3.87
BMW 5,Delhi,2012.0,49000.0,Diesel,Automatic,Second,16.73 kmpl,2495 CC,218 bhp,Others,5.0,4.0,,15.5
Maruti Swift,Jaipur,2013.0,92000.0,Diesel,Manual,Second,22.9 kmpl,1248 CC,74 bhp,Others,5.0,4.0,,4.35
Volkswagen Vento,Mumbai,2015.0,23001.0,Petrol,Manual,First,15.04 kmpl,1598 CC,103.2 bhp,White,5.0,4.0,,5.49
Ford Figo,Coimbatore,2017.0,36154.0,Diesel,Manual,Second,25.83 kmpl,1498 CC,99 bhp,Others,5.0,4.0,,6.41
Nissan Micra,Coimbatore,2014.0,47303.0,Petrol,Automatic,First,19.34 kmpl,1198 CC,76 bhp,White,5.0,4.0,,5.21
Honda Jazz,Delhi,2011.0,69768.0,Petrol,Manual,First,16.0 kmpl,1198 CC,90 bhp,Black/Silver,5.0,4.0,,2.9
Toyota Innova,Delhi,2016.0,42000.0,Diesel,Automatic,First,11.36 kmpl,2755 CC,171.5 bhp,Black/Silver,7.0,4.0,26.55 Lakh,19.6
Tata Zest,Kolkata,2017.0,45000.0,Diesel,Manual,First,22.95 kmpl,1248 CC,74 bhp,Others,5.0,4.0,7.94 Lakh,3.75
Toyota Fortuner,Delhi,2013.0,71932.0,Diesel,Automatic,First,12.55 kmpl,2982 CC,168.5 bhp,Others,7.0,5.0,,16.5
Toyota Innova,Chennai,2006.0,196000.0,Diesel,Manual,First,12.8 kmpl,2494 CC,102 bhp,Black/Silver,7.0,4.0,,6.25
Mahindra Ssangyong,Kochi,2014.0,58995.0,Diesel,Manual,First,12.83 kmpl,2696 CC,162 bhp,Black/Silver,7.0,5.0,,9.25
Hyundai Grand,Bangalore,2014.0,61325.0,Petrol,Manual,First,18.9 kmpl,1197 CC,81.86 bhp,Others,5.0,4.0,8.1 Lakh,4.4
Hyundai Grand,Coimbatore,2017.0,60993.0,Diesel,Manual,First,24.0 kmpl,1120 CC,70 bhp,Others,5.0,4.0,,5.21
Toyota Innova,Hyderabad,2010.0,250000.0,Diesel,Manual,Second,12.8 kmpl,2494 CC,102 bhp,White,7.0,4.0,,6.5
BMW 3,Mumbai,2008.0,81308.0,Diesel,Automatic,Second,13.2 kmpl,1995 CC,170 bhp,Black/Silver,5.0,4.0,,7.95
Maruti Baleno,Delhi,2017.0,44000.0,Petrol,Automatic,First,21.4 kmpl,1197 CC,83.1 bhp,White,5.0,4.0,,6.2
Volkswagen Jetta,Chennai,2015.0,48000.0,Diesel,Automatic,First,16.96 kmpl,1968 CC,138.03 bhp,White,5.0,4.0,,13.5
Jaguar XF,Coimbatore,2012.0,94521.0,Diesel,Automatic,First,14.74 kmpl,2993 CC,270.9 bhp,Black/Silver,5.0,4.0,,23.19
Ford Ecosport,Bangalore,2013.0,36000.0,Diesel,Manual,Second,22.7 kmpl,1498 CC,89.84 bhp,Black/Silver,5.0,4.0,,6.35
Skoda Superb,Kochi,2012.0,53537.0,Petrol,Automatic,First,13.7 kmpl,1798 CC,157.75 bhp,Others,5.0,4.0,,6.89
Hyundai Accent,Jaipur,2004.0,47300.0,Petrol,Manual,Second,14.4 kmpl,1599 CC,94 bhp,Black/Silver,5.0,4.0,,1.2
Honda Accord,Mumbai,2010.0,47000.0,Petrol,Manual,Second,12.8 kmpl,2354 CC,177.6 bhp,White,5.0,4.0,,3.5
Hyundai Creta,Bangalore,2016.0,51000.0,Diesel,Manual,First,19.67 kmpl,1582 CC,126.2 bhp,Black/Silver,5.0,4.0,,13.25
Hyundai Verna,Chennai,2009.0,64514.0,Diesel,Manual,First,16.8 kmpl,1493 CC,110 bhp,Others,5.0,4.0,,2.9
Maruti Wagon,Kolkata,2011.0,34000.0,Petrol,Manual,First,18.9 kmpl,998 CC,67.1 bhp,Others,5.0,4.0,,2.25
Renault KWID,Kochi,2017.0,21954.0,Petrol,Manual,First,25.17 kmpl,799 CC,53.3 bhp,Black/Silver,5.0,4.0,4.78 Lakh,3.7
Maruti Swift,Hyderabad,2012.0,50000.0,Petrol,Manual,First,17.5 kmpl,1298 CC,85.8 bhp,White,5.0,4.0,,3.0
Volkswagen Vento,Kolkata,2014.0,17000.0,Petrol,Manual,First,15.04 kmpl,1598 CC,103.2 bhp,White,5.0,4.0,,4.25
Maruti Swift,Jaipur,2015.0,144000.0,Diesel,Manual,First,26.59 kmpl,1248 CC,74 bhp,Black/Silver,5.0,4.0,,5.25
Mahindra XUV500,Mumbai,2017.0,23000.0,Diesel,Automatic,First,16.0 kmpl,2179 CC,140 bhp,White,7.0,5.0,,15.5
Toyota Innova,Kolkata,2012.0,85122.0,Diesel,Manual,First,12.99 kmpl,2494 CC,100 bhp,White,7.0,4.0,,8.2
Volkswagen Vento,Hyderabad,2014.0,90000.0,Diesel,Manual,First,20.34 kmpl,1498 CC,103.2 bhp,White,5.0,4.0,,6.5
Maruti Swift,Hyderabad,2010.0,86514.0,Diesel,Manual,First,17.8 kmpl,1248 CC,null bhp,Others,5.0,4.0,,4.25
Toyota Corolla,Mumbai,2010.0,63000.0,CNG,Manual,Second,14.53 km/kg,1798 CC,138 bhp,Black/Silver,5.0,4.0,,3.35
Honda City,Ahmedabad,2017.0,37000.0,Diesel,Manual,First,26.0 kmpl,1498 CC,98.6 bhp,White,5.0,4.0,,11.0
Hyundai Elantra,Hyderabad,2012.0,125928.0,Diesel,Manual,First,22.7 kmpl,1582 CC,126.24 bhp,Others,5.0,4.0,,9.0
BMW X1,Coimbatore,2019.0,15456.0,Diesel,Automatic,First,20.68 kmpl,1995 CC,190 bhp,Black/Silver,5.0,4.0,48.18 Lakh,36.64
Hyundai Grand,Jaipur,2017.0,14700.0,Petrol,Manual,First,18.9 kmpl,1197 CC,81.86 bhp,Others,5.0,4.0,,5.6
Maruti Swift,Chennai,2012.0,42000.0,Petrol,Manual,Third,18.6 kmpl,1197 CC,85.8 bhp,Black/Silver,5.0,4.0,,4.5
Maruti Ciaz,Jaipur,2016.0,84085.0,Diesel,Manual,First,26.21 kmpl,1248 CC,88.5 bhp,Others,5.0,4.0,,6.9
Maruti Swift,Pune,2010.0,68000.0,Petrol,Manual,First,22.0 kmpl,1197 CC,81.80 bhp,Others,5.0,4.0,6.99 Lakh,2.8
Jeep Compass,Mumbai,2017.0,7000.0,Diesel,Manual,First,17.1 kmpl,1956 CC,170 bhp,Others,5.0,4.0,24.02 Lakh,17.45
Maruti Swift,Jaipur,2015.0,63310.0,Diesel,Manual,First,28.4 kmpl,1248 CC,74 bhp,Black/Silver,5.0,4.0,8.13 Lakh,5.1
Toyota Innova,Ahmedabad,2016.0,100200.0,Diesel,Automatic,First,11.36 kmpl,2755 CC,171.5 bhp,Others,7.0,4.0,19.21 Lakh,17.0
Hyundai EON,Kolkata,2014.0,26008.0,Petrol,Manual,First,21.1 kmpl,814 CC,55.2 bhp,Black/Silver,5.0,4.0,,1.97
Hyundai Verna,Kochi,2016.0,44875.0,Diesel,Automatic,Second,22.32 kmpl,1582 CC,126.32 bhp,White,5.0,4.0,,8.01
Mahindra Scorpio,Coimbatore,2011.0,108905.0,Diesel,Automatic,Second,11.79 kmpl,2179 CC,120 bhp,Others,8.0,5.0,,6.21
Volkswagen Polo,Chennai,2016.0,42000.0,Petrol,Manual,Second,18.78 kmpl,999 CC,75 bhp,Others,5.0,4.0,7.33 Lakh,5.5
Mahindra XUV500,Coimbatore,2016.0,67995.0,Diesel,Manual,First,16.0 kmpl,2179 CC,140 bhp,Others,7.0,5.0,,11.73
Volvo XC60,Hyderabad,2015.0,100000.0,Diesel,Automatic,First,13.5 kmpl,2400 CC,215 bhp,Others,5.0,4.0,,32.5
BMW 3,Mumbai,2009.0,58557.0,Diesel,Automatic,Third,16.07 kmpl,1995 CC,181 bhp,Black/Silver,5.0,4.0,,8.0
Maruti A-Star,Hyderabad,2008.0,51366.0,Petrol,Manual,First,19.0 kmpl,998 CC,66.1 bhp,White,5.0,4.0,,2.25
Chevrolet Beat,Bangalore,2012.0,65000.0,Diesel,Manual,First,25.44 kmpl,936 CC,57.6 bhp,Black/Silver,5.0,4.0,,2.4
Mercedes-Benz SLC,Coimbatore,2019.0,2526.0,Petrol,Automatic,First,19.0 kmpl,2996 CC,362.07 bhp,Others,2.0,2.0,1.06 Cr,83.96
Nissan Sunny,Chennai,2012.0,150000.0,Diesel,Manual,First,21.64 kmpl,1461 CC,84.8 bhp,White,5.0,4.0,,3.5
Hyundai Verna,Kolkata,2013.0,37873.0,Diesel,Manual,First,22.32 kmpl,1582 CC,126.32 bhp,Black/Silver,5.0,4.0,,4.8
Skoda Laura,Mumbai,2011.0,41988.0,Diesel,Automatic,First,20.0 kmpl,1968 CC,138.1 bhp,Others,5.0,4.0,,5.45
Hyundai Grand,Delhi,2013.0,63210.0,Diesel,Manual,First,24.0 kmpl,1120 CC,70 bhp,Black/Silver,5.0,4.0,,3.71
Maruti Swift,Mumbai,2009.0,54540.0,Petrol,Manual,Third,17.5 kmpl,1298 CC,85.8 bhp,Black/Silver,5.0,4.0,,2.65
Hyundai Creta,Kolkata,2018.0,14000.0,Diesel,Automatic,First,17.6 kmpl,1582 CC,126.2 bhp,Black/Silver,5.0,4.0,17 Lakh,11.25
Ford Figo,Mumbai,2011.0,30000.0,Diesel,Manual,First,20.0 kmpl,1399 CC,68 bhp,Others,5.0,4.0,,3.2
Honda City,Delhi,2009.0,71499.0,Petrol,Manual,First,17.0 kmpl,1497 CC,118 bhp,White,5.0,4.0,,3.0
Jaguar XF,Kochi,2015.0,37340.0,Diesel,Automatic,First,16.36 kmpl,2179 CC,187.7 bhp,Others,5.0,4.0,,29.98
Ford EcoSport,Mumbai,2017.0,26000.0,Diesel,Manual,First,23.0 kmpl,1498 CC,98.96 bhp,White,5.0,4.0,11.89 Lakh,8.99
Maruti Vitara,Chennai,2016.0,45000.0,Diesel,Manual,First,24.3 kmpl,1248 CC,88.5 bhp,White,5.0,4.0,9.12 Lakh,7.15
Hyundai Verna,Kochi,2019.0,12336.0,Petrol,Manual,First,17.0 kmpl,1591 CC,121.3 bhp,Others,5.0,4.0,13.6 Lakh,11.88
Hyundai i20,Kolkata,2015.0,41000.0,Petrol,Manual,First,18.6 kmpl,1197 CC,81.83 bhp,Others,5.0,4.0,,4.75
Tata Nano,Jaipur,2012.0,80000.0,Petrol,Manual,Second,25.4 kmpl,624 CC,37.5 bhp,White,4.0,4.0,,0.53
Ford EcoSport,Mumbai,2016.0,26000.0,Petrol,Automatic,First,16.05 kmpl,1499 CC,110.4 bhp,Others,5.0,4.0,,7.65
Skoda Octavia,Hyderabad,2014.0,36000.0,Diesel,Automatic,First,19.3 kmpl,1968 CC,141 bhp,Others,5.0,4.0,,16.0
Hyundai Grand,Coimbatore,2017.0,27417.0,Petrol,Automatic,First,18.9 kmpl,1197 CC,82 bhp,Black/Silver,5.0,4.0,,6.89
Mercedes-Benz New,Kolkata,2012.0,22000.0,Diesel,Automatic,First,14.84 kmpl,2143 CC,170 bhp,Others,5.0,4.0,,14.0
Toyota Innova,Pune,2011.0,112000.0,Diesel,Manual,First,12.8 kmpl,2494 CC,102 bhp,Others,7.0,4.0,,8.5
Honda CR-V,Bangalore,2007.0,47700.0,Petrol,Manual,Second,10.8 kmpl,2354 CC,152 bhp,White,5.0,4.0,,5.25
Maruti Alto,Coimbatore,2012.0,65349.0,Petrol,Manual,First,20.92 kmpl,998 CC,67.1 bhp,Others,5.0,4.0,,2.81
Audi A4,Hyderabad,2011.0,85000.0,Diesel,Automatic,First,16.55 kmpl,1968 CC,147.51 bhp,Black/Silver,5.0,4.0,,13.95
Volkswagen Vento,Pune,2015.0,55000.0,Diesel,Automatic,First,21.21 kmpl,1498 CC,103.2 bhp,White,5.0,4.0,,7.25
Audi Q5,Coimbatore,2015.0,42747.0,Diesel,Automatic,Second,14.16 kmpl,1968 CC,174.3 bhp,Black/Silver,5.0,4.0,,39.47
Mercedes-Benz GL-Class,Delhi,2015.0,55000.0,Diesel,Automatic,First,12.0 kmpl,2987 CC,224 bhp,Others,7.0,5.0,,52.0
Maruti Ertiga,Jaipur,2016.0,50000.0,Diesel,Manual,First,24.52 kmpl,1248 CC,88.5 bhp,Black/Silver,7.0,5.0,,8.7
Volkswagen Ameo,Mumbai,2017.0,12000.0,Petrol,Manual,First,17.0 kmpl,1198 CC,73.75 bhp,White,5.0,4.0,,5.4
Maruti Zen,Pune,2008.0,42496.0,CNG,Manual,First,26.3 km/kg,998 CC,67.1 bhp,Others,5.0,4.0,,1.4
Hyundai i10,Bangalore,2010.0,36000.0,Petrol,Manual,Second,20.36 kmpl,1197 CC,78.9 bhp,White,5.0,4.0,,3.25
Hyundai Grand,Coimbatore,2017.0,23576.0,Petrol,Automatic,First,18.9 kmpl,1197 CC,82 bhp,Black/Silver,5.0,4.0,,7.08
Skoda Superb,Kochi,2011.0,73783.0,Petrol,Automatic,Second,13.7 kmpl,1798 CC,157.75 bhp,White,5.0,4.0,,5.23
Maruti SX4,Mumbai,2009.0,63274.0,Petrol,Manual,Second,15.0 kmpl,1586 CC,104.68 bhp,Black/Silver,5.0,4.0,,1.99
Ford Figo,Jaipur,2010.0,42000.0,Petrol,Manual,First,15.6 kmpl,1196 CC,70 bhp,White,5.0,4.0,,2.4
Hyundai Verna,Delhi,2011.0,67000.0,Diesel,Manual,First,22.32 kmpl,1582 CC,126.32 bhp,Others,5.0,4.0,,3.8
Hyundai Creta,Coimbatore,2017.0,21363.0,Petrol,Automatic,First,13.0 kmpl,1591 CC,121.3 bhp,Others,5.0,4.0,,13.49
Audi A6,Coimbatore,2014.0,49964.0,Diesel,Automatic,First,17.68 kmpl,1968 CC,174.33 bhp,Others,5.0,4.0,,23.89
Chevrolet Beat,Chennai,2011.0,109500.0,Diesel,Manual,Third,25.44 kmpl,936 CC,57.6 bhp,Others,5.0,4.0,,1.5
Maruti Ritz,Jaipur,2011.0,79232.0,Diesel,Manual,First,21.1 kmpl,1248 CC,73.9 bhp,Black/Silver,5.0,4.0,,2.9
Nissan Terrano,Kolkata,2014.0,40000.0,Diesel,Manual,First,20.45 kmpl,1461 CC,83.8 bhp,Others,5.0,4.0,,5.75
BMW 5,Delhi,2012.0,90000.0,Diesel,Automatic,First,18.48 kmpl,,,Others,,4.0,,14.5
Nissan Micra,Kolkata,2016.0,31001.0,Petrol,Manual,First,18.44 kmpl,1198 CC,75 bhp,Black/Silver,5.0,4.0,,3.0
Mini Cooper,Bangalore,2015.0,20000.0,Petrol,Automatic,First,18.86 kmpl,1598 CC,122 bhp,Others,4.0,4.0,,32.0
Maruti Alto,Chennai,2014.0,52000.0,Petrol,Manual,First,20.92 kmpl,998 CC,67.1 bhp,Others,5.0,4.0,,2.7
Honda Accord,Pune,2009.0,79000.0,Petrol,Manual,Third,9.8 kmpl,2354 CC,180 bhp,White,5.0,4.0,,3.1
Ford Endeavour,Coimbatore,2019.0,14648.0,Diesel,Manual,First,12.62 kmpl,2198 CC,158 bhp,Black/Silver,7.0,5.0,35.29 Lakh,27.36
Maruti Vitara,Chennai,2018.0,3000.0,Diesel,Automatic,First,24.3 kmpl,1248 CC,88.5 bhp,Black/Silver,5.0,4.0,12.88 Lakh,11.25
Ford Fiesta,Hyderabad,2006.0,69000.0,Petrol,Manual,First,16.6 kmpl,1388 CC,68 bhp,Black/Silver,5.0,4.0,,2.15
Ford Fiesta,Chennai,2013.0,123000.0,Diesel,Manual,Second,17.8 kmpl,1399 CC,67 bhp,Black/Silver,5.0,4.0,,4.45
Honda City,Mumbai,2014.0,56000.0,Petrol,Manual,First,16.8 kmpl,1497 CC,116.3 bhp,Black/Silver,5.0,4.0,,5.75
Volkswagen Polo,Bangalore,2015.0,34010.0,Petrol,Manual,Third,16.47 kmpl,1198 CC,73.9 bhp,Black/Silver,5.0,4.0,,4.95
Jaguar XJ,Hyderabad,2015.0,26000.0,Diesel,Automatic,First,14.47 kmpl,2993 CC,301.73 bhp,Black/Silver,5.0,4.0,,75.0
Honda City,Kochi,2015.0,64465.0,Diesel,Manual,First,26.0 kmpl,1498 CC,98.6 bhp,White,5.0,4.0,,6.22
Mahindra TUV,Coimbatore,2017.0,56380.0,Diesel,Manual,First,18.49 kmpl,1493 CC,100 bhp,Others,7.0,5.0,,7.57
Mahindra Quanto,Hyderabad,2013.0,80430.0,Diesel,Manual,Second,17.21 kmpl,1493 CC,100 bhp,Others,7.0,5.0,,3.3
Maruti Celerio,Hyderabad,2014.0,33450.0,Petrol,Automatic,First,23.1 kmpl,998 CC,67.04 bhp,Others,5.0,4.0,,4.4
Ford Fiesta,Chennai,2006.0,87000.0,Petrol,Manual,Second,15.3 kmpl,1596 CC,101 bhp,Others,5.0,4.0,,1.37
Maruti SX4,Pune,2010.0,63067.0,Petrol,Manual,Second,15.5 kmpl,1586 CC,103.3 bhp,Black/Silver,5.0,4.0,,2.7
Maruti Alto,Pune,2014.0,17000.0,Petrol,Manual,First,24.07 kmpl,998 CC,67.1 bhp,Others,5.0,4.0,4.48 Lakh,2.1
Hyundai Creta,Coimbatore,2018.0,44383.0,Petrol,Manual,First,15.8 kmpl,1591 CC,121.3 bhp,Others,5.0,4.0,17.7 Lakh,13.25
Skoda Rapid,Mumbai,2017.0,13412.0,Petrol,Automatic,First,14.3 kmpl,1598 CC,103.52 bhp,Others,5.0,4.0,,9.19
Audi A6,Delhi,2018.0,22000.0,Petrol,Automatic,First,15.26 kmpl,1798 CC,187.74 bhp,White,5.0,4.0,56.97 Lakh,41.5
Maruti Swift,Jaipur,2013.0,88000.0,Diesel,Manual,First,22.9 kmpl,1248 CC,74 bhp,Others,5.0,4.0,,4.33
Volkswagen Polo,Coimbatore,2017.0,50534.0,Petrol,Automatic,First,17.21 kmpl,1197 CC,103.5 bhp,Black/Silver,5.0,4.0,11.66 Lakh,8.27
Skoda Superb,Kolkata,2011.0,54895.0,Petrol,Manual,First,13.14 kmpl,1798 CC,160 bhp,Others,5.0,4.0,,7.5
Honda City,Kolkata,2014.0,36000.0,Diesel,Manual,First,26.0 kmpl,1498 CC,98.6 bhp,Others,5.0,4.0,,5.0
Ford Endeavour,Hyderabad,2018.0,14000.0,Diesel,Automatic,First,12.62 kmpl,2198 CC,158 bhp,Others,7.0,5.0,,31.99
Maruti Ertiga,Pune,2013.0,82543.0,Petrol,Manual,First,16.02 kmpl,1373 CC,93.7 bhp,Black/Silver,7.0,5.0,,5.5
Hyundai i20,Delhi,2013.0,48454.0,Petrol,Manual,Second,17.0 kmpl,1197 CC,80 bhp,White,5.0,4.0,,3.5
Hyundai Santro,Bangalore,2008.0,46000.0,Petrol,Manual,Second,17.92 kmpl,1086 CC,62.1 bhp,White,5.0,4.0,,2.22
Toyota Innova,Pune,2015.0,100000.0,Diesel,Manual,Second,12.99 kmpl,2494 CC,100.6 bhp,Black/Silver,7.0,4.0,,10.25
Land Rover Discovery,Mumbai,2017.0,40000.0,Diesel,Automatic,First,12.81 kmpl,1999 CC,148.31 bhp,Black/Silver,7.0,5.0,66.39 Lakh,41.5
Audi A6,Bangalore,2013.0,90000.0,Diesel,Automatic,Second,12.4 kmpl,2698 CC,179.5 bhp,Black/Silver,5.0,4.0,,22.5
Hyundai Grand,Bangalore,2016.0,16000.0,Petrol,Manual,First,18.9 kmpl,1197 CC,82 bhp,White,5.0,4.0,,5.75
Volkswagen Polo,Coimbatore,2018.0,33558.0,Diesel,Manual,First,20.14 kmpl,1498 CC,88 bhp,White,5.0,4.0,10.32 Lakh,8.12
Hyundai Verna,Hyderabad,2008.0,150000.0,Diesel,Manual,First,18.1 kmpl,1493 CC,110 bhp,White,5.0,4.0,,3.0
Hyundai Santro,Hyderabad,2007.0,73745.0,Petrol,Manual,First,17.0 kmpl,1086 CC,null bhp,White,5.0,4.0,,2.1
Hyundai Xcent,Kochi,2016.0,36216.0,Petrol,Manual,First,19.1 kmpl,1197 CC,81.86 bhp,White,5.0,4.0,,5.44
Maruti Swift,Kolkata,2016.0,34000.0,Petrol,Manual,First,20.4 kmpl,1197 CC,81.80 bhp,Others,5.0,4.0,,4.95
BMW 7,Chennai,2013.0,38000.0,Diesel,Automatic,First,16.46 kmpl,2993 CC,258 bhp,White,5.0,4.0,,45.0
Maruti Alto,Kolkata,2013.0,56840.0,Petrol,Manual,First,22.74 kmpl,796 CC,47.3 bhp,Black/Silver,5.0,4.0,,1.55
Honda Amaze,Kochi,2015.0,51361.0,Petrol,Manual,First,18.0 kmpl,1198 CC,86.7 bhp,White,5.0,4.0,,4.94
Honda City,Delhi,2009.0,231673.0,Petrol,Manual,First,17.0 kmpl,1497 CC,118 bhp,Black/Silver,5.0,4.0,,2.6
Maruti Vitara,Coimbatore,2017.0,71256.0,Diesel,Manual,First,24.3 kmpl,1248 CC,88.5 bhp,White,5.0,4.0,,9.58
Mahindra XUV500,Ahmedabad,2015.0,52000.0,Diesel,Manual,First,16.0 kmpl,2179 CC,140 bhp,White,7.0,5.0,,11.5
Hyundai Verna,Pune,2011.0,68000.0,Petrol,Manual,First,17.01 kmpl,1591 CC,121.3 bhp,White,5.0,4.0,,3.7
Tata Hexa,Jaipur,2016.0,39000.0,Diesel,Automatic,First,17.6 kmpl,2179 CC,153.86 bhp,Black/Silver,7.0,5.0,21 Lakh,13.5
Hyundai i10,Kochi,2012.0,37333.0,Petrol,Manual,First,20.36 kmpl,1197 CC,78.9 bhp,Others,5.0,4.0,,3.22
Volkswagen Vento,Pune,2011.0,54211.0,Petrol,Manual,First,15.04 kmpl,1598 CC,103.6 bhp,White,5.0,4.0,,3.33
BMW X1,Coimbatore,2017.0,31645.0,Diesel,Automatic,First,20.68 kmpl,1995 CC,190 bhp,Others,5.0,4.0,48.18 Lakh,29.4
Skoda Rapid,Bangalore,2014.0,52000.0,Diesel,Manual,First,21.14 kmpl,1498 CC,103.6 bhp,Black/Silver,5.0,4.0,,6.2
Maruti Swift,Hyderabad,2015.0,62000.0,Diesel,Manual,First,28.4 kmpl,1248 CC,74 bhp,Others,5.0,4.0,,6.3
Ford Ikon,Pune,2003.0,83000.0,Petrol,Manual,Second,14.2 kmpl,1597 CC,92 bhp,Others,5.0,4.0,,0.85
Volkswagen Vento,Hyderabad,2010.0,71000.0,Diesel,Manual,First,20.54 kmpl,1598 CC,103.6 bhp,Black/Silver,5.0,4.0,,4.25
Toyota Innova,Ahmedabad,2014.0,47000.0,Diesel,Manual,First,12.99 kmpl,2494 CC,100.6 bhp,Black/Silver,7.0,4.0,,11.25
Maruti Dzire,Chennai,2017.0,42000.0,Petrol,Automatic,First,22.0 kmpl,1197 CC,81.80 bhp,Black/Silver,5.0,4.0,8.13 Lakh,5.5
Hyundai Verna,Chennai,2009.0,160000.0,Diesel,Manual,Second,18.1 kmpl,1493 CC,110 bhp,Others,5.0,4.0,,3.5
Maruti Wagon,Pune,2013.0,53000.0,Petrol,Manual,First,14.0 kmpl,1061 CC,64 bhp,Black/Silver,5.0,4.0,,2.75
Hyundai Verna,Hyderabad,2011.0,104000.0,Diesel,Automatic,First,19.08 kmpl,1582 CC,126.32 bhp,Others,5.0,4.0,,5.75
Maruti Swift,Coimbatore,2017.0,24852.0,Diesel,Automatic,First,26.59 kmpl,1248 CC,74 bhp,Others,5.0,4.0,,8.08
Tata Tigor,Ahmedabad,2018.0,1000.0,Petrol,Automatic,First,20.3 kmpl,1199 CC,84 bhp,Others,5.0,4.0,,6.85
Maruti Wagon,Mumbai,2013.0,25755.0,CNG,Manual,First,26.6 km/kg,998 CC,58.16 bhp,White,5.0,4.0,,3.15
Hyundai i10,Mumbai,2009.0,21000.0,Petrol,Automatic,First,19.2 kmpl,1197 CC,80 bhp,White,5.0,4.0,,2.6
Hyundai Creta,Mumbai,2015.0,26000.0,Diesel,Automatic,First,17.01 kmpl,1582 CC,126.2 bhp,White,5.0,4.0,,12.65
Audi Q5,Mumbai,2015.0,11964.0,Diesel,Automatic,First,13.22 kmpl,2967 CC,241.4 bhp,Others,5.0,4.0,,32.95
Honda Amaze,Mumbai,2017.0,32006.0,Petrol,Manual,First,18.0 kmpl,1198 CC,86.7 bhp,White,5.0,4.0,,4.25
Ford EcoSport,Delhi,2016.0,46727.0,Diesel,Manual,First,22.77 kmpl,1498 CC,98.59 bhp,Others,5.0,4.0,,7.25
Mahindra Xylo,Pune,2013.0,167362.0,Diesel,Manual,First,11.68 kmpl,2498 CC,112 bhp,Others,7.0,5.0,,4.0
Audi TT,Kochi,2014.0,14262.0,Petrol,Automatic,First,9.9 kmpl,1984 CC,207.8 bhp,White,2.0,2.0,,27.35
BMW X3,Pune,2012.0,108000.0,Diesel,Automatic,First,16.09 kmpl,1995 CC,184 bhp,Black/Silver,5.0,4.0,,17.5
Honda City,Hyderabad,2011.0,71556.0,Petrol,Manual,First,17.0 kmpl,1497 CC,118 bhp,Others,5.0,4.0,,5.5
Maruti Ritz,Hyderabad,2013.0,35433.0,Petrol,Manual,First,18.5 kmpl,1197 CC,85.80 bhp,White,5.0,4.0,,4.2
BMW 3,Coimbatore,2013.0,85846.0,Diesel,Automatic,First,22.69 kmpl,1995 CC,190 bhp,White,5.0,4.0,48.79 Lakh,13.08
Hyundai Xcent,Kochi,2017.0,32257.0,Diesel,Manual,First,24.4 kmpl,1120 CC,71 bhp,Others,5.0,4.0,,6.83
Maruti Baleno,Mumbai,2017.0,15544.0,Petrol,Manual,First,21.4 kmpl,1197 CC,83.1 bhp,Others,5.0,4.0,,5.65
Mahindra Scorpio,Kolkata,2016.0,32000.0,Diesel,Manual,First,15.4 kmpl,2179 CC,120 bhp,White,7.0,5.0,,9.75
Maruti Ciaz,Jaipur,2017.0,36381.0,Diesel,Manual,First,28.09 kmpl,1248 CC,88.5 bhp,White,5.0,4.0,,9.75
Volkswagen Polo,Bangalore,2011.0,66000.0,Petrol,Manual,Second,16.47 kmpl,1198 CC,73.9 bhp,Black/Silver,5.0,4.0,,3.6
Mercedes-Benz M-Class,Chennai,2012.0,63000.0,Diesel,Automatic,First,0.0 kmpl,2987 CC,165 bhp,White,5.0,4.0,,26.0
Ford EcoSport,Kochi,2018.0,37630.0,Petrol,Automatic,First,15.63 kmpl,1499 CC,110.4 bhp,Black/Silver,5.0,4.0,,9.1
Maruti Wagon,Ahmedabad,2015.0,51530.0,Petrol,Manual,First,18.9 kmpl,998 CC,67.1 bhp,Black/Silver,5.0,4.0,,3.2
Maruti Wagon,Pune,2013.0,32425.0,Petrol,Manual,First,20.51 kmpl,998 CC,67.04 bhp,Black/Silver,5.0,4.0,,3.0
Tata Zest,Pune,2017.0,72000.0,Diesel,Manual,First,22.95 kmpl,1248 CC,74 bhp,Others,5.0,4.0,8.93 Lakh,5.0
Mercedes-Benz GLS,Pune,2017.0,129000.0,Diesel,Automatic,First,11.0 kmpl,2987 CC,258 bhp,Black/Silver,7.0,5.0,1 Cr,56.0
Jaguar XF,Delhi,2016.0,10000.0,Diesel,Automatic,First,16.36 kmpl,2179 CC,187.7 bhp,White,5.0,4.0,,44.0
Maruti Wagon,Ahmedabad,2016.0,77000.0,CNG,Manual,First,26.6 km/kg,998 CC,58.16 bhp,Black/Silver,5.0,4.0,,3.3
Ford Figo,Coimbatore,2017.0,21740.0,Petrol,Manual,First,18.16 kmpl,1196 CC,86.8 bhp,Black/Silver,5.0,4.0,,6.42
Hyundai Accent,Pune,2001.0,130000.0,Petrol,Manual,Second,13.2 kmpl,1495 CC,94 bhp,White,5.0,4.0,,0.75
Ford Ecosport,Coimbatore,2014.0,70374.0,Diesel,Manual,First,22.7 kmpl,1498 CC,89.84 bhp,Others,5.0,4.0,,7.34
Hyundai Grand,Coimbatore,2016.0,36139.0,Petrol,Automatic,Second,18.9 kmpl,1197 CC,82 bhp,White,5.0,4.0,,6.3
Volkswagen Polo,Coimbatore,2015.0,25845.0,Petrol,Manual,First,16.47 kmpl,1198 CC,74 bhp,Others,5.0,4.0,,5.84
Hyundai Verna,Mumbai,2014.0,71000.0,Diesel,Automatic,Second,19.08 kmpl,1582 CC,126.32 bhp,White,5.0,4.0,,5.45
Hyundai i20,Pune,2019.0,1000.0,Petrol,Manual,First,17.19 kmpl,1197 CC,81.86 bhp,White,5.0,4.0,10.25 Lakh,8.6
Honda BRV,Mumbai,2017.0,18000.0,Petrol,Automatic,First,16.0 kmpl,1497 CC,117.3 bhp,Others,7.0,5.0,15.02 Lakh,9.25
Toyota Fortuner,Delhi,2012.0,115000.0,Diesel,Manual,First,13.0 kmpl,2982 CC,168.5 bhp,White,7.0,5.0,,12.99
Tata Zest,Coimbatore,2015.0,27000.0,Petrol,Manual,First,17.57 kmpl,1193 CC,88.7 bhp,White,5.0,4.0,8.69 Lakh,5.27
Maruti Wagon,Chennai,2003.0,101000.0,Petrol,Manual,Third,17.3 kmpl,1061 CC,64 bhp,Others,5.0,4.0,,0.95
Hyundai Grand,Kochi,2018.0,32663.0,Diesel,Manual,First,24.0 kmpl,1186 CC,73.97 bhp,Black/Silver,5.0,4.0,8.18 Lakh,6.28
Honda City,Kolkata,2014.0,37000.0,Petrol,Manual,First,17.4 kmpl,1497 CC,117.3 bhp,White,5.0,4.0,,6.45
Toyota Fortuner,Kochi,2013.0,105072.0,Diesel,Manual,First,14.24 kmpl,2755 CC,174.5 bhp,White,7.0,5.0,36.69 Lakh,13.28
Volkswagen Vento,Ahmedabad,2015.0,52123.0,Diesel,Manual,First,20.34 kmpl,1498 CC,103.2 bhp,Others,5.0,4.0,,7.5
BMW 7,Coimbatore,2018.0,28060.0,Petrol,Automatic,First,12.05 kmpl,2979 CC,320 bhp,White,5.0,4.0,,93.67
Hyundai Xcent,Chennai,2017.0,46000.0,CNG,Manual,First,25.0 km/kg,1197 CC,81.86 bhp,Others,5.0,4.0,,4.95
Honda Accord,Ahmedabad,2009.0,82002.0,Petrol,Manual,Second,12.8 kmpl,2354 CC,177.6 bhp,White,5.0,4.0,,5.75
BMW 7,Hyderabad,2009.0,53000.0,Diesel,Automatic,First,14.49 kmpl,2993 CC,258 bhp,Black/Silver,5.0,4.0,,36.0
Hyundai Creta,Kochi,2017.0,47183.0,Petrol,Manual,Second,15.8 kmpl,1591 CC,121.3 bhp,Black/Silver,5.0,4.0,15.86 Lakh,11.31
Mahindra XUV500,Kolkata,2012.0,47629.0,Diesel,Manual,First,15.1 kmpl,2179 CC,140 bhp,Black/Silver,7.0,5.0,,6.5
Mercedes-Benz New,Kochi,2011.0,29813.0,Petrol,Automatic,Second,14.74 kmpl,1991 CC,181.03 bhp,White,5.0,4.0,,11.5
Audi Q7,Delhi,2010.0,73000.0,Diesel,Automatic,First,11.33 kmpl,4134 CC,335.2 bhp,Black/Silver,7.0,5.0,,17.51
Hyundai Xcent,Kochi,2015.0,41721.0,Petrol,Manual,First,19.1 kmpl,1197 CC,82 bhp,White,5.0,4.0,,4.7
Maruti Wagon,Pune,2004.0,94000.0,Petrol,Manual,Second,18.9 kmpl,998 CC,67.1 bhp,Black/Silver,5.0,4.0,,1.0
Ford Ecosport,Kochi,2014.0,71390.0,Diesel,Manual,First,22.7 kmpl,1498 CC,89.84 bhp,Black/Silver,5.0,4.0,,5.27
Mahindra XUV500,Chennai,2013.0,78000.0,Diesel,Manual,First,15.1 kmpl,2179 CC,140 bhp,White,7.0,5.0,,10.75
Toyota Corolla,Delhi,2011.0,89401.0,Diesel,Manual,First,21.43 kmpl,1364 CC,87.2 bhp,Black/Silver,5.0,4.0,,4.5
Hyundai i20,Hyderabad,2017.0,12000.0,Petrol,Manual,First,18.6 kmpl,1197 CC,81.83 bhp,Black/Silver,5.0,4.0,,7.75
Maruti Vitara,Delhi,2016.0,22000.0,Diesel,Manual,First,24.3 kmpl,1248 CC,88.5 bhp,Others,5.0,4.0,11.75 Lakh,8.25
Toyota Etios,Pune,2015.0,65000.0,Diesel,Manual,Second,23.59 kmpl,1364 CC,67.04 bhp,White,5.0,4.0,,5.0
Maruti Swift,Delhi,2014.0,50000.0,Diesel,Manual,First,22.9 kmpl,1248 CC,74 bhp,White,5.0,4.0,,4.3
Maruti Swift,Coimbatore,2014.0,44282.0,Diesel,Manual,First,25.2 kmpl,1248 CC,74 bhp,Others,5.0,4.0,,5.99
Land Rover Range,Coimbatore,2012.0,84384.0,Diesel,Automatic,First,10.2 kmpl,4367 CC,308 bhp,Others,7.0,5.0,,52.54
Volkswagen Vento,Bangalore,2013.0,43000.0,Diesel,Manual,First,20.5 kmpl,1598 CC,105 bhp,Black/Silver,5.0,4.0,,5.95
Toyota Fortuner,Hyderabad,2015.0,73500.0,Diesel,Manual,First,13.0 kmpl,2982 CC,168.5 bhp,Others,7.0,5.0,,22.0
Volkswagen Vento,Pune,2011.0,66000.0,Petrol,Manual,First,15.8 kmpl,1598 CC,105 bhp,Black/Silver,5.0,4.0,,2.75
Volkswagen Polo,Mumbai,2011.0,20000.0,Petrol,Manual,First,16.47 kmpl,1198 CC,73.9 bhp,Black/Silver,5.0,4.0,,3.5
Chevrolet Cruze,Ahmedabad,2011.0,60000.0,Diesel,Automatic,First,18.1 kmpl,1991 CC,147.9 bhp,White,4.0,4.0,,3.8
Toyota Corolla,Coimbatore,2013.0,63854.0,Diesel,Manual,First,21.43 kmpl,1364 CC,86.79 bhp,White,5.0,4.0,19.27 Lakh,7.12
Hyundai Grand,Kolkata,2014.0,42277.0,Diesel,Manual,First,24.0 kmpl,1186 CC,73.97 bhp,Others,5.0,4.0,,3.85
Hyundai i10,Delhi,2013.0,60000.0,Petrol,Manual,First,20.36 kmpl,1197 CC,78.9 bhp,White,5.0,4.0,,2.75
BMW X3,Kochi,2017.0,41816.0,Diesel,Automatic,First,18.56 kmpl,1995 CC,190 bhp,Black/Silver,5.0,4.0,,32.78
Chevrolet Spark,Kolkata,2011.0,21000.0,Petrol,Manual,Second,18.0 kmpl,995 CC,62 bhp,Black/Silver,5.0,4.0,,0.95
Hyundai i10,Delhi,2013.0,62334.0,Petrol,Manual,First,20.36 kmpl,1197 CC,78.9 bhp,White,5.0,4.0,,2.75
Hyundai i20,Chennai,2011.0,47000.0,Petrol,Manual,First,17.0 kmpl,1197 CC,80 bhp,Black/Silver,5.0,4.0,,4.5
Toyota Innova,Mumbai,2015.0,48000.0,Diesel,Manual,First,12.99 kmpl,2494 CC,100.6 bhp,White,8.0,5.0,,11.75
Maruti Baleno,Kochi,2018.0,21684.0,Petrol,Automatic,First,21.4 kmpl,1197 CC,83.1 bhp,Black/Silver,5.0,4.0,,7.89
Ford Ecosport,Ahmedabad,2018.0,13000.0,Diesel,Manual,First,23.0 kmpl,1498 CC,98.96 bhp,Black/Silver,5.0,4.0,12.12 Lakh,10.9
Tata Indica,Hyderabad,2013.0,99500.0,Diesel,Manual,Second,22.3 kmpl,1248 CC,74 bhp,Others,5.0,4.0,,3.05
Maruti Swift,Kolkata,2015.0,168205.0,Diesel,Manual,First,23.4 kmpl,1248 CC,74 bhp,Others,5.0,4.0,,4.0
Maruti Baleno,Pune,2016.0,27809.0,Petrol,Automatic,First,21.4 kmpl,1197 CC,83.1 bhp,Black/Silver,5.0,4.0,,6.41
Honda City,Mumbai,2007.0,63000.0,Petrol,Manual,Second,17.7 kmpl,1497 CC,78 bhp,Black/Silver,5.0,4.0,,1.75
Maruti Swift,Pune,2014.0,68218.0,Petrol,Manual,First,19.1 kmpl,1197 CC,85.8 bhp,Black/Silver,5.0,4.0,,4.9
Maruti Swift,Mumbai,2012.0,15500.0,Petrol,Manual,First,17.5 kmpl,1298 CC,85.8 bhp,White,5.0,4.0,,3.75
Hyundai i20,Jaipur,2014.0,82450.0,Diesel,Manual,First,23.0 kmpl,1396 CC,90 bhp,White,5.0,4.0,,5.85
Jaguar XF,Hyderabad,2017.0,21000.0,Diesel,Automatic,First,19.33 kmpl,1999 CC,177 bhp,Black/Silver,5.0,4.0,72.64 Lakh,52.0
Toyota Fortuner,Hyderabad,2013.0,116000.0,Diesel,Automatic,Second,12.55 kmpl,2982 CC,168.5 bhp,White,7.0,5.0,,19.25
Toyota Innova,Pune,2010.0,140000.0,Diesel,Manual,Third,12.8 kmpl,2494 CC,102 bhp,Others,7.0,4.0,,6.25
Volkswagen Polo,Chennai,2013.0,62000.0,Diesel,Manual,First,22.07 kmpl,1199 CC,73.9 bhp,Others,5.0,4.0,,5.0
Audi A6,Ahmedabad,2008.0,45000.0,Diesel,Automatic,Second,16.77 kmpl,2967 CC,241.38 bhp,Black/Silver,5.0,4.0,,11.5
Audi Q5,Delhi,2014.0,44999.0,Diesel,Automatic,First,12.8 kmpl,1968 CC,167.6 bhp,Others,5.0,4.0,,25.0
Mercedes-Benz New,Ahmedabad,2014.0,78616.0,Diesel,Automatic,Second,14.84 kmpl,2143 CC,170 bhp,Others,5.0,4.0,,15.5
Honda City,Chennai,2006.0,109000.0,Petrol,Manual,First,16.9 kmpl,1497 CC,100 bhp,White,5.0,4.0,,1.5
Maruti Ciaz,Jaipur,2017.0,38282.0,Diesel,Manual,First,28.09 kmpl,1248 CC,88.5 bhp,White,5.0,4.0,,8.5
Hyundai i20,Kochi,2017.0,14064.0,Petrol,Manual,First,18.6 kmpl,1197 CC,81.83 bhp,Others,5.0,4.0,,6.59
Honda Amaze,Chennai,2016.0,37000.0,Petrol,Manual,First,17.8 kmpl,1198 CC,86.7 bhp,Black/Silver,5.0,4.0,,5.25
Maruti Vitara,Hyderabad,2016.0,41372.0,Diesel,Manual,First,24.3 kmpl,1248 CC,88.5 bhp,Others,5.0,4.0,11.02 Lakh,9.3
Audi Q5,Hyderabad,2015.0,56000.0,Diesel,Automatic,First,14.16 kmpl,1968 CC,174.3 bhp,White,5.0,4.0,,35.0
Maruti Wagon,Kochi,2014.0,41994.0,Petrol,Manual,First,22.5 kmpl,998 CC,67.04 bhp,Others,5.0,4.0,5.12 Lakh,3.41
Maruti Zen,Jaipur,2009.0,63000.0,Petrol,Manual,Second,18.2 kmpl,998 CC,67.1 bhp,White,5.0,4.0,,1.25
Audi Q3,Chennai,2014.0,60000.0,Diesel,Automatic,First,15.73 kmpl,1968 CC,174.33 bhp,White,5.0,4.0,,20.0
Renault Duster,Kolkata,2014.0,52108.0,Diesel,Manual,First,19.01 kmpl,1461 CC,108.45 bhp,Black/Silver,5.0,4.0,,5.49
Maruti Baleno,Delhi,2018.0,13000.0,Petrol,Manual,First,21.4 kmpl,1197 CC,83.1 bhp,Others,5.0,4.0,,6.6
Hyundai Grand,Jaipur,2017.0,26877.0,Diesel,Manual,First,24.0 kmpl,1186 CC,73.97 bhp,White,5.0,4.0,,5.75
Ford Endeavour,Jaipur,2016.0,90000.0,Diesel,Automatic,First,10.91 kmpl,3198 CC,197.2 bhp,Black/Silver,7.0,5.0,,26.0
Hyundai i20,Coimbatore,2015.0,35441.0,Petrol,Manual,First,18.6 kmpl,1197 CC,81.83 bhp,White,5.0,4.0,,6.87
Maruti Ciaz,Jaipur,2017.0,62691.0,Diesel,Manual,First,26.21 kmpl,1248 CC,88.5 bhp,Black/Silver,5.0,4.0,,7.5
Tata Manza,Jaipur,2010.0,100030.0,Diesel,Manual,Second,18.8 kmpl,1248 CC,90 bhp,White,5.0,4.0,,1.6
Maruti Ertiga,Hyderabad,2016.0,112200.0,Diesel,Manual,First,24.52 kmpl,1248 CC,88.5 bhp,Black/Silver,7.0,5.0,,8.3
Maruti 800,Jaipur,2009.0,32000.0,Petrol,Manual,First,16.1 kmpl,796 CC,37 bhp,Others,4.0,4.0,,0.9
Nissan Sunny,Jaipur,2011.0,42000.0,Petrol,Manual,Second,16.95 kmpl,1498 CC,97.7 bhp,Others,5.0,4.0,,3.0
Mahindra Ssangyong,Kochi,2014.0,91586.0,Diesel,Automatic,Second,11.18 kmpl,2696 CC,184 bhp,Others,7.0,5.0,,9.47
Hyundai i10,Hyderabad,2010.0,74000.0,Petrol,Manual,First,20.36 kmpl,1197 CC,78.9 bhp,Others,5.0,4.0,,3.1
Hyundai Santro,Kolkata,2005.0,45000.0,Petrol,Manual,First,17.0 kmpl,1086 CC,null bhp,Others,5.0,4.0,,0.95
Toyota Innova,Coimbatore,2011.0,82321.0,Diesel,Manual,First,12.8 kmpl,2494 CC,102 bhp,White,7.0,4.0,,10.05
Maruti Swift,Chennai,2016.0,35000.0,Diesel,Manual,First,22.9 kmpl,1248 CC,74 bhp,White,5.0,4.0,,6.25
Volkswagen Polo,Mumbai,2014.0,13710.0,Petrol,Manual,First,16.2 kmpl,1199 CC,74 bhp,Others,5.0,4.0,,4.75
Ford Figo,Bangalore,2010.0,102016.0,Petrol,Manual,First,15.6 kmpl,1196 CC,70 bhp,Others,5.0,4.0,,2.25
Honda Accord,Hyderabad,2010.0,119000.0,Petrol,Manual,First,10.2 kmpl,2354 CC,180 bhp,Others,5.0,4.0,,5.95
Hyundai Grand,Kochi,2014.0,48031.0,Petrol,Manual,First,18.9 kmpl,1197 CC,82 bhp,Others,5.0,4.0,,4.98
Mahindra XUV500,Hyderabad,2013.0,140000.0,Diesel,Manual,Second,15.1 kmpl,2179 CC,140 bhp,Black/Silver,7.0,5.0,,9.0
Audi Q5,Bangalore,2014.0,38000.0,Diesel,Automatic,Second,14.16 kmpl,1968 CC,174.3 bhp,White,5.0,4.0,,38.95
Hyundai i20,Coimbatore,2015.0,20045.0,Petrol,Manual,First,17.0 kmpl,1197 CC,80 bhp,Black/Silver,5.0,4.0,,6.22
Nissan Evalia,Hyderabad,2013.0,166194.0,Diesel,Manual,First,19.3 kmpl,1461 CC,84.8 bhp,White,7.0,5.0,,3.9
Mercedes-Benz New,Kolkata,2016.0,34000.0,Diesel,Automatic,First,11.78 kmpl,2143 CC,167.62 bhp,Others,5.0,4.0,,25.5
Ford Figo,Coimbatore,2013.0,65287.0,Diesel,Manual,First,20.0 kmpl,1399 CC,68.05 bhp,Black/Silver,5.0,4.0,,4.45
Honda Accord,Coimbatore,2012.0,94989.0,Petrol,Manual,First,12.8 kmpl,2354 CC,177.6 bhp,Others,5.0,4.0,,6.58
Hyundai Elite,Coimbatore,2018.0,32851.0,Petrol,Manual,First,18.6 kmpl,1197 CC,81.86 bhp,Black/Silver,5.0,4.0,,8.34
Renault Duster,Mumbai,2015.0,67000.0,Diesel,Manual,Second,19.87 kmpl,1461 CC,83.8 bhp,Others,5.0,4.0,,7.0
Hyundai Grand,Kochi,2016.0,57738.0,Diesel,Manual,First,24.0 kmpl,1120 CC,70 bhp,Others,5.0,4.0,,5.04
Ford Ecosport,Hyderabad,2017.0,32000.0,Diesel,Manual,First,22.7 kmpl,1498 CC,89.84 bhp,White,5.0,4.0,,9.5
Honda Amaze,Mumbai,2014.0,29000.0,Petrol,Manual,First,18.0 kmpl,1198 CC,86.7 bhp,White,5.0,4.0,,4.25
Skoda Octavia,Mumbai,2015.0,27000.0,Diesel,Automatic,First,19.5 kmpl,1968 CC,141 bhp,Black/Silver,5.0,4.0,,14.95
Tata Nano,Coimbatore,2015.0,19963.0,Petrol,Manual,Second,25.4 kmpl,624 CC,37.5 bhp,White,4.0,4.0,,1.74
Mercedes-Benz GLC,Coimbatore,2019.0,29311.0,Diesel,Automatic,First,17.9 kmpl,2143 CC,170 bhp,White,5.0,4.0,64.57 Lakh,50.97
Toyota Innova,Hyderabad,2015.0,84415.0,Diesel,Manual,First,12.99 kmpl,2494 CC,100.6 bhp,White,8.0,5.0,,13.5
Toyota Innova,Hyderabad,2011.0,166000.0,Diesel,Manual,First,12.99 kmpl,2494 CC,100.6 bhp,Black/Silver,8.0,5.0,,8.25
Hyundai i20,Delhi,2015.0,42000.0,Petrol,Manual,Second,18.6 kmpl,1197 CC,81.83 bhp,Black/Silver,5.0,4.0,,5.8
Maruti Wagon,Mumbai,2006.0,141537.0,Petrol,Manual,Second,18.9 kmpl,998 CC,67.1 bhp,Others,5.0,4.0,,1.05
Hyundai i10,Hyderabad,2011.0,60634.0,Petrol,Manual,First,19.81 kmpl,1086 CC,68.05 bhp,Black/Silver,5.0,4.0,,3.3
Hyundai i20,Kochi,2010.0,93401.0,Diesel,Manual,First,23.0 kmpl,1396 CC,90 bhp,White,5.0,4.0,,3.48
Maruti Ertiga,Pune,2016.0,54161.0,Diesel,Manual,First,25.47 kmpl,1248 CC,88.50 bhp,Others,7.0,5.0,11.27 Lakh,7.64
BMW X5,Chennai,2011.0,58000.0,Diesel,Automatic,Second,11.7 kmpl,2993 CC,245 bhp,Black/Silver,5.0,4.0,,27.0
Audi A6,Kochi,2016.0,58953.0,Petrol,Automatic,First,13.53 kmpl,1984 CC,177.01 bhp,Black/Silver,5.0,4.0,,24.22
Maruti Ertiga,Ahmedabad,2017.0,63939.0,Diesel,Manual,First,25.47 kmpl,1248 CC,88.50 bhp,Others,7.0,5.0,10.41 Lakh,7.75
Hyundai EON,Jaipur,2017.0,12000.0,Petrol,Manual,First,21.1 kmpl,814 CC,55.2 bhp,Black/Silver,5.0,4.0,,3.5
Maruti Swift,Kochi,2017.0,26327.0,Petrol,Manual,First,20.4 kmpl,1197 CC,81.80 bhp,White,5.0,4.0,,5.86
Skoda Superb,Mumbai,2015.0,34000.0,Petrol,Automatic,First,13.7 kmpl,1798 CC,157.75 bhp,Black/Silver,5.0,4.0,,13.65
Maruti Wagon,Jaipur,2017.0,39867.0,Petrol,Manual,First,22.5 kmpl,998 CC,67.04 bhp,Others,5.0,4.0,5.44 Lakh,4.5
Tata Nexon,Kolkata,2018.0,4900.0,Diesel,Manual,First,21.5 kmpl,1497 CC,108.5 bhp,White,5.0,4.0,11.47 Lakh,9.22
Ford Ecosport,Kolkata,2014.0,57000.0,Diesel,Manual,First,22.7 kmpl,1498 CC,89.84 bhp,Others,5.0,4.0,,5.49
Ford EcoSport,Kochi,2014.0,54173.0,Petrol,Manual,First,18.88 kmpl,999 CC,123.24 bhp,Black/Silver,5.0,4.0,,5.55
Honda Jazz,Hyderabad,2015.0,37000.0,Petrol,Manual,First,18.2 kmpl,1199 CC,88.7 bhp,Others,5.0,4.0,8.79 Lakh,6.3
Renault Pulse,Hyderabad,2013.0,71491.0,Diesel,Manual,First,23.08 kmpl,1461 CC,63.12 bhp,White,5.0,4.0,,4.95
Maruti Ritz,Coimbatore,2016.0,40052.0,Petrol,Manual,First,21.1 kmpl,1197 CC,85.80 bhp,White,5.0,4.0,,6.17
BMW 3,Kolkata,2011.0,7000.0,Petrol,Automatic,First,12.05 kmpl,1995 CC,154 bhp,Others,5.0,4.0,,9.75
Toyota Camry,Mumbai,2014.0,68400.0,Petrol,Automatic,First,12.98 kmpl,2494 CC,178.4 bhp,Black/Silver,5.0,4.0,,13.5
Renault Captur,Kochi,2019.0,3102.0,Diesel,Manual,First,20.37 kmpl,1461 CC,108.45 bhp,White,5.0,4.0,,14.01
Hyundai Verna,Kolkata,2011.0,34994.0,Diesel,Manual,First,22.32 kmpl,1582 CC,126.32 bhp,White,5.0,4.0,,3.9
Toyota Fortuner,Jaipur,2009.0,149706.0,Diesel,Manual,First,11.5 kmpl,2982 CC,171 bhp,White,7.0,5.0,,11.0
BMW 3,Bangalore,2012.0,73000.0,Diesel,Automatic,First,22.69 kmpl,1995 CC,190 bhp,Black/Silver,5.0,4.0,48.79 Lakh,12.5
BMW 5,Hyderabad,2013.0,93000.0,Diesel,Automatic,First,16.73 kmpl,2993 CC,218 bhp,Others,5.0,4.0,,26.5
Volkswagen Polo,Kochi,2012.0,52818.0,Petrol,Manual,First,16.47 kmpl,1198 CC,73.9 bhp,Others,5.0,4.0,,3.82
Skoda Octavia,Pune,2005.0,88000.0,Diesel,Manual,Third,18.7 kmpl,1896 CC,66 bhp,Others,5.0,4.0,,1.25
BMW 5,Kolkata,2011.0,31000.0,Petrol,Automatic,First,10.8 kmpl,2497 CC,150 bhp,Black/Silver,5.0,4.0,,13.5
Mahindra Bolero,Coimbatore,2017.0,68557.0,Diesel,Manual,First,15.96 kmpl,2523 CC,62.1 bhp,Others,7.0,5.0,11.28 Lakh,8.14
Hyundai Verna,Bangalore,2008.0,38000.0,Petrol,Manual,Second,13.9 kmpl,1599 CC,103.2 bhp,Black/Silver,5.0,4.0,,2.6
Tata Indigo,Jaipur,2005.0,108000.0,Diesel,Manual,First,17.0 kmpl,1405 CC,70 bhp,Black/Silver,5.0,4.0,,1.0
BMW 5,Kochi,2014.0,64158.0,Diesel,Automatic,First,18.48 kmpl,,,Others,,4.0,,17.89
Maruti Swift,Mumbai,2015.0,14000.0,Diesel,Manual,First,28.4 kmpl,1248 CC,74 bhp,White,5.0,4.0,7.13 Lakh,5.25
Hyundai Elite,Delhi,2016.0,13460.0,Petrol,Manual,First,18.6 kmpl,1197 CC,81.86 bhp,Black/Silver,5.0,4.0,,6.45
Honda Jazz,Pune,2017.0,27000.0,Diesel,Manual,First,27.3 kmpl,1498 CC,98.6 bhp,White,5.0,4.0,,8.0
Mercedes-Benz E-Class,Delhi,2014.0,30000.0,Diesel,Automatic,First,14.21 kmpl,2143 CC,203 bhp,Black/Silver,5.0,4.0,,26.0
Ford Ecosport,Delhi,2013.0,57000.0,Diesel,Manual,First,22.7 kmpl,1498 CC,89.84 bhp,White,5.0,4.0,,5.5
Maruti Swift,Coimbatore,2014.0,33372.0,Petrol,Manual,Second,18.6 kmpl,1197 CC,85.8 bhp,Black/Silver,5.0,4.0,,6.21
Mahindra XUV500,Mumbai,2012.0,32792.0,Diesel,Manual,First,15.1 kmpl,2179 CC,140 bhp,Others,7.0,5.0,,7.9
Tata Indica,Jaipur,2009.0,82000.0,Diesel,Manual,Second,13.5 kmpl,1405 CC,null bhp,Black/Silver,5.0,4.0,,0.75
Hyundai Xcent,Kochi,2017.0,15029.0,Petrol,Manual,First,19.1 kmpl,1197 CC,82 bhp,Others,5.0,4.0,,6.05
Honda Amaze,Kochi,2015.0,60334.0,Diesel,Manual,First,25.8 kmpl,1498 CC,98.6 bhp,Black/Silver,5.0,4.0,,5.43
Hyundai Santro,Chennai,2006.0,83072.0,Petrol,Manual,First,17.0 kmpl,1086 CC,null bhp,White,5.0,4.0,,1.4
Mercedes-Benz E-Class,Mumbai,2005.0,131000.0,Diesel,Automatic,First,11.0 kmpl,2987 CC,198.5 bhp,Others,5.0,4.0,,10.0
Hyundai Verna,Chennai,2012.0,41000.0,Diesel,Automatic,First,19.08 kmpl,1582 CC,126.32 bhp,Black/Silver,5.0,4.0,,6.25
Hyundai Santro,Chennai,2006.0,85000.0,Petrol,Manual,Third,0.0 kmpl,1086 CC,null bhp,Black/Silver,5.0,4.0,,1.3
Hyundai i20,Kochi,2018.0,14960.0,Petrol,Manual,First,18.6 kmpl,1197 CC,81.83 bhp,Others,5.0,4.0,,6.27
BMW 3,Hyderabad,2012.0,88000.0,Diesel,Automatic,First,13.2 kmpl,1995 CC,170 bhp,Others,5.0,4.0,,15.0
Honda City,Chennai,2014.0,71000.0,Diesel,Manual,Second,25.1 kmpl,1498 CC,98.6 bhp,White,5.0,4.0,,6.2
Maruti Alto,Kochi,2018.0,44202.0,CNG,Manual,First,32.26 km/kg,998 CC,58.2 bhp,White,4.0,4.0,4.66 Lakh,4.0
Hyundai i20,Kolkata,2015.0,45000.0,Diesel,Manual,First,21.9 kmpl,1396 CC,88.76 bhp,Others,5.0,4.0,,3.45
Volkswagen Polo,Delhi,2013.0,64000.0,Diesel,Manual,First,22.07 kmpl,1199 CC,73.9 bhp,White,5.0,4.0,,2.9
Hyundai Verna,Mumbai,2011.0,61600.0,Petrol,Manual,First,17.1 kmpl,1591 CC,121.3 bhp,Others,5.0,4.0,,4.2
Mercedes-Benz New,Pune,2012.0,119000.0,Diesel,Automatic,First,14.84 kmpl,2143 CC,170 bhp,White,5.0,4.0,,13.99
Hyundai i10,Delhi,2011.0,54000.0,Petrol,Manual,First,19.81 kmpl,1086 CC,68.05 bhp,White,5.0,4.0,,2.2
Hyundai Creta,Delhi,2017.0,44000.0,Diesel,Manual,First,19.67 kmpl,1582 CC,126.2 bhp,Black/Silver,5.0,4.0,,12.5
Mercedes-Benz New,Mumbai,2013.0,87000.0,Diesel,Automatic,Second,19.27 kmpl,2143 CC,167.62 bhp,Black/Silver,5.0,4.0,,17.0
Mahindra XUV500,Delhi,2017.0,21000.0,Diesel,Automatic,First,16.0 kmpl,2179 CC,140 bhp,White,7.0,5.0,,16.5
Honda Civic,Pune,2008.0,61938.0,Petrol,Automatic,Second,12.9 kmpl,1799 CC,130 bhp,Others,5.0,4.0,,2.65
Mercedes-Benz E-Class,Mumbai,2008.0,77000.0,Petrol,Automatic,Second,10.0 kmpl,2496 CC,157.7 bhp,White,5.0,4.0,,6.5
Ford Figo,Coimbatore,2017.0,30933.0,Petrol,Manual,First,18.16 kmpl,1196 CC,86.8 bhp,White,5.0,4.0,,5.84
Jaguar XJ,Delhi,2016.0,12000.0,Diesel,Automatic,First,10.5 kmpl,2993 CC,271.23 bhp,Others,4.0,4.0,,79.0
Honda Brio,Mumbai,2012.0,54000.0,Petrol,Manual,First,19.4 kmpl,1198 CC,86.8 bhp,Others,5.0,4.0,,2.95
Hyundai i10,Hyderabad,2009.0,84045.0,Petrol,Manual,First,20.36 kmpl,1197 CC,78.9 bhp,Others,5.0,4.0,,2.85
Hyundai Santro,Kolkata,2013.0,31000.0,Petrol,Manual,First,17.92 kmpl,1086 CC,62.1 bhp,White,5.0,4.0,,1.75
Renault KWID,Coimbatore,2017.0,53285.0,Petrol,Automatic,First,22.5 kmpl,999 CC,67 bhp,Others,5.0,4.0,5.42 Lakh,4.28
Hyundai Grand,Kolkata,2013.0,28000.0,Petrol,Manual,First,18.9 kmpl,1197 CC,82 bhp,Others,5.0,4.0,,3.25
BMW X1,Ahmedabad,2012.0,94000.0,Diesel,Automatic,First,17.05 kmpl,1995 CC,184 bhp,White,5.0,4.0,,12.5
Maruti Ignis,Coimbatore,2019.0,3906.0,Petrol,Automatic,First,20.89 kmpl,1197 CC,81.80 bhp,Others,5.0,4.0,7.96 Lakh,7.36
Hyundai Verna,Kochi,2016.0,52378.0,Petrol,Manual,First,17.0 kmpl,1591 CC,121.3 bhp,White,5.0,4.0,13.6 Lakh,7.97
Skoda Fabia,Delhi,2009.0,65000.0,Petrol,Manual,Second,17.5 kmpl,1198 CC,70 bhp,Others,5.0,4.0,,1.4
Hyundai Verna,Kolkata,2012.0,38000.0,Diesel,Manual,First,24.8 kmpl,1396 CC,88.7 bhp,White,5.0,4.0,,4.1
Hyundai i20,Coimbatore,2013.0,56127.0,Petrol,Manual,First,18.5 kmpl,1197 CC,80 bhp,Black/Silver,5.0,4.0,,5.15
Maruti Swift,Kochi,2016.0,34204.0,Petrol,Manual,First,22.0 kmpl,1197 CC,81.80 bhp,White,5.0,4.0,,5.43
Mercedes-Benz GLC,Mumbai,2017.0,25000.0,Diesel,Automatic,First,17.9 kmpl,2143 CC,170 bhp,Others,5.0,4.0,64.14 Lakh,45.0
Maruti Celerio,Pune,2017.0,20000.0,Petrol,Automatic,First,23.1 kmpl,998 CC,67.04 bhp,Others,5.0,4.0,,4.7
Maruti Eeco,Coimbatore,2017.0,28371.0,Petrol,Manual,First,15.1 kmpl,1196 CC,73 bhp,Black/Silver,7.0,5.0,4.98 Lakh,4.74
Audi Q3,Bangalore,2013.0,84000.0,Diesel,Automatic,First,15.73 kmpl,1968 CC,174.33 bhp,Others,5.0,4.0,,17.75
Mercedes-Benz M-Class,Mumbai,2016.0,52000.0,Diesel,Automatic,First,15.26 kmpl,2143 CC,203.2 bhp,Black/Silver,5.0,4.0,,35.0
Maruti Ritz,Pune,2012.0,23598.0,Diesel,Manual,First,23.2 kmpl,1248 CC,73.94 bhp,Others,5.0,4.0,,3.52
Mercedes-Benz A,Mumbai,2013.0,37000.0,Diesel,Automatic,First,20.0 kmpl,2143 CC,107.3 bhp,Black/Silver,5.0,4.0,,13.0
Maruti A-Star,Hyderabad,2010.0,68375.0,Petrol,Manual,First,19.0 kmpl,998 CC,66.1 bhp,White,5.0,4.0,,2.5
Honda City,Mumbai,2013.0,45000.0,Petrol,Manual,First,17.0 kmpl,1497 CC,118 bhp,Black/Silver,5.0,4.0,,4.55
Mahindra KUV,Kolkata,2017.0,43000.0,Petrol,Manual,First,18.15 kmpl,1198 CC,82 bhp,White,5.0,4.0,7.35 Lakh,4.5
Honda City,Kolkata,2010.0,54801.0,Petrol,Manual,First,17.0 kmpl,1497 CC,118 bhp,Others,5.0,4.0,,2.5
Honda City,Pune,2008.0,119000.0,Petrol,Manual,Second,17.7 kmpl,1497 CC,78 bhp,White,5.0,4.0,,2.25
BMW X1,Mumbai,2012.0,15200.0,Diesel,Automatic,First,15.06 kmpl,1995 CC,177 bhp,White,5.0,4.0,,13.5
Hyundai Creta,Kolkata,2015.0,43000.0,Diesel,Manual,First,19.67 kmpl,1582 CC,126.2 bhp,Others,5.0,4.0,,9.25
Honda City,Mumbai,2015.0,32000.0,Petrol,Automatic,First,15.6 kmpl,1497 CC,116.3 bhp,White,5.0,4.0,,8.5
Volkswagen Ameo,Pune,2017.0,14800.0,Petrol,Manual,First,17.0 kmpl,1198 CC,73.75 bhp,White,5.0,4.0,,5.48
Hyundai Creta,Mumbai,2016.0,29000.0,Diesel,Manual,First,19.67 kmpl,1582 CC,126.2 bhp,Black/Silver,5.0,4.0,,12.6
Skoda Laura,Hyderabad,2008.0,122397.0,Diesel,Manual,First,17.5 kmpl,1896 CC,106 bhp,Black/Silver,5.0,4.0,,4.4
Maruti Alto,Hyderabad,2012.0,92000.0,CNG,Manual,Second,26.83 km/kg,796 CC,38.4 bhp,Black/Silver,5.0,4.0,,2.1
Hyundai i10,Mumbai,2010.0,55000.0,Petrol,Manual,Second,19.81 kmpl,1086 CC,68.05 bhp,Black/Silver,5.0,4.0,,1.59
Tata Indigo,Jaipur,2008.0,300000.0,Diesel,Manual,First,17.0 kmpl,1405 CC,70 bhp,White,5.0,4.0,,1.0
Volkswagen Vento,Mumbai,2011.0,83000.0,Diesel,Manual,Second,20.54 kmpl,1598 CC,103.6 bhp,Others,5.0,4.0,,2.9
Maruti Swift,Delhi,2015.0,37857.0,Diesel,Manual,First,26.59 kmpl,1248 CC,74 bhp,Others,5.0,4.0,,4.85
Mahindra Scorpio,Bangalore,2005.0,90000.0,Diesel,Manual,First,10.5 kmpl,2179 CC,120 bhp,Black/Silver,8.0,5.0,,2.6
Mercedes-Benz CLA,Kochi,2019.0,13414.0,Diesel,Automatic,First,17.9 kmpl,2143 CC,136 bhp,White,5.0,4.0,43.07 Lakh,30.77
Maruti Dzire,Jaipur,2017.0,24000.0,Diesel,Manual,First,28.4 kmpl,1248 CC,73.75 bhp,Black/Silver,5.0,4.0,10.48 Lakh,8.2
Toyota Corolla,Delhi,2008.0,89000.0,Petrol,Automatic,First,14.53 kmpl,1798 CC,138.1 bhp,White,5.0,4.0,,4.0
Maruti Dzire,Hyderabad,2017.0,13000.0,Petrol,Automatic,First,22.0 kmpl,1197 CC,81.80 bhp,White,5.0,4.0,10.34 Lakh,8.5
Volkswagen Polo,Pune,2011.0,36431.0,Petrol,Manual,First,16.2 kmpl,1199 CC,74 bhp,White,5.0,4.0,,2.7
Maruti Ertiga,Pune,2013.0,43486.0,Diesel,Manual,First,20.77 kmpl,1248 CC,88.76 bhp,Others,7.0,5.0,,6.6
Hyundai Grand,Chennai,2014.0,33000.0,Diesel,Manual,Second,24.0 kmpl,1120 CC,70 bhp,White,5.0,4.0,,4.05
Honda BR-V,Bangalore,2016.0,34004.0,Petrol,Manual,First,15.4 kmpl,1497 CC,117.3 bhp,Others,7.0,5.0,12.9 Lakh,8.02
Hyundai i20,Chennai,2009.0,72000.0,Petrol,Automatic,Third,15.0 kmpl,1396 CC,100 bhp,White,5.0,4.0,,3.25
BMW 5,Coimbatore,2016.0,76467.0,Diesel,Automatic,First,18.12 kmpl,1995 CC,190 bhp,Others,5.0,4.0,,30.45
Hyundai Verna,Hyderabad,2012.0,93000.0,Diesel,Manual,First,23.5 kmpl,1396 CC,88.7 bhp,White,5.0,4.0,,5.55
Honda Brio,Mumbai,2013.0,41000.0,Petrol,Manual,First,19.4 kmpl,1198 CC,86.8 bhp,White,5.0,4.0,,3.1
Maruti Vitara,Coimbatore,2018.0,28741.0,Diesel,Manual,First,24.3 kmpl,1248 CC,88.5 bhp,Others,5.0,4.0,12.56 Lakh,11.0
Hyundai Xcent,Hyderabad,2016.0,106092.0,Diesel,Manual,First,24.4 kmpl,1120 CC,71 bhp,Black/Silver,5.0,4.0,,4.4
Renault Duster,Delhi,2013.0,66314.0,Diesel,Manual,First,19.87 kmpl,1461 CC,83.8 bhp,White,5.0,4.0,,5.5
Mahindra XUV500,Bangalore,2014.0,65213.0,Diesel,Manual,First,16.0 kmpl,2179 CC,140 bhp,Black/Silver,7.0,5.0,,9.45
Hyundai Creta,Mumbai,2016.0,28000.0,Petrol,Automatic,First,13.0 kmpl,1591 CC,121.3 bhp,Black/Silver,5.0,4.0,,11.85
Maruti Alto,Jaipur,2010.0,125000.0,Petrol,Manual,First,19.7 kmpl,796 CC,46.3 bhp,Others,5.0,4.0,,0.92
Hyundai Verna,Pune,2014.0,34200.0,Petrol,Automatic,First,15.74 kmpl,1591 CC,121.3 bhp,Others,5.0,4.0,,6.5
Toyota Etios,Chennai,2015.0,53713.0,Petrol,Manual,First,17.71 kmpl,1197 CC,78.9 bhp,Others,5.0,4.0,,4.2
Tata Safari,Delhi,2014.0,80000.0,Diesel,Manual,First,14.0 kmpl,2179 CC,138.1 bhp,Others,7.0,5.0,,6.0
Toyota Corolla,Mumbai,2012.0,54000.0,Petrol,Automatic,First,14.53 kmpl,1794 CC,138.1 bhp,Black/Silver,5.0,4.0,,7.5
Nissan Sunny,Chennai,2012.0,70000.0,Diesel,Manual,Second,22.71 kmpl,1461 CC,84.8 bhp,Black/Silver,5.0,4.0,11.48 Lakh,4.0
Honda Amaze,Kochi,2015.0,62550.0,Diesel,Manual,First,25.8 kmpl,1498 CC,98.6 bhp,Black/Silver,5.0,4.0,,5.6
Maruti Wagon,Delhi,2012.0,45631.0,Petrol,Manual,Second,22.5 kmpl,998 CC,67.04 bhp,White,5.0,4.0,4.59 Lakh,2.74
Mercedes-Benz GLA,Hyderabad,2014.0,30000.0,Diesel,Automatic,First,17.9 kmpl,2143 CC,136 bhp,White,5.0,4.0,,26.0
Honda BRV,Pune,2016.0,9200.0,Petrol,Manual,First,15.4 kmpl,1497 CC,117.3 bhp,White,7.0,5.0,13.58 Lakh,8.0
Hyundai i20,Delhi,2013.0,64500.0,Diesel,Manual,First,21.9 kmpl,1396 CC,88.8 bhp,White,5.0,4.0,,3.65
Maruti Swift,Pune,2015.0,13769.0,Petrol,Manual,Second,16.1 kmpl,1197 CC,85 bhp,Others,5.0,4.0,,4.41
Toyota Fortuner,Jaipur,2014.0,122000.0,Diesel,Manual,Second,12.55 kmpl,2982 CC,168.5 bhp,Black/Silver,7.0,5.0,,16.0
Hyundai Verna,Hyderabad,2011.0,70000.0,Diesel,Manual,First,16.8 kmpl,1493 CC,110 bhp,Others,5.0,4.0,,5.1
Maruti Wagon,Hyderabad,2014.0,55277.0,Petrol,Manual,First,20.51 kmpl,998 CC,67.04 bhp,Others,5.0,4.0,,3.9
Hyundai i20,Chennai,2010.0,95000.0,Petrol,Manual,Second,18.5 kmpl,1197 CC,80 bhp,Black/Silver,5.0,4.0,,2.8
Toyota Fortuner,Chennai,2012.0,97000.0,Diesel,Automatic,First,11.5 kmpl,2982 CC,169 bhp,White,7.0,5.0,,16.75
Maruti Ertiga,Pune,2012.0,105000.0,Diesel,Manual,Second,20.77 kmpl,1248 CC,88.76 bhp,White,7.0,5.0,,5.9
Mercedes-Benz E-Class,Hyderabad,2009.0,85000.0,Diesel,Automatic,First,11.0 kmpl,2987 CC,198.5 bhp,Others,5.0,4.0,,9.99
Skoda Superb,Delhi,2013.0,80000.0,Petrol,Automatic,Second,14.67 kmpl,1798 CC,177.46 bhp,Others,5.0,4.0,32.54 Lakh,7.25
Maruti Ertiga,Bangalore,2015.0,74000.0,Diesel,Manual,First,20.77 kmpl,1248 CC,88.8 bhp,White,7.0,5.0,,8.75
Skoda Superb,Delhi,2014.0,51000.0,Diesel,Automatic,First,17.2 kmpl,1968 CC,138.03 bhp,Others,5.0,4.0,,13.0
BMW 5,Ahmedabad,2013.0,55000.0,Diesel,Automatic,First,22.48 kmpl,1995 CC,190 bhp,Others,5.0,4.0,63.71 Lakh,21.75
Maruti Swift,Kolkata,2014.0,35010.0,Diesel,Manual,First,22.9 kmpl,1248 CC,74 bhp,White,5.0,4.0,,3.5
Audi A3,Chennai,2014.0,79271.0,Diesel,Automatic,First,20.38 kmpl,1968 CC,143 bhp,Others,5.0,4.0,,16.5
Maruti Swift,Hyderabad,2014.0,85512.0,Diesel,Manual,First,22.9 kmpl,1248 CC,74 bhp,Black/Silver,5.0,4.0,,5.8
Maruti Ciaz,Kochi,2015.0,50979.0,Petrol,Automatic,First,19.12 kmpl,1373 CC,91.1 bhp,Others,5.0,4.0,,6.9
Tata Nano,Coimbatore,2016.0,24941.0,Petrol,Automatic,First,21.9 kmpl,624 CC,37.48 bhp,White,4.0,4.0,,3.19
Honda Accord,Bangalore,2010.0,83000.0,Petrol,Automatic,Second,11.1 kmpl,2354 CC,142 bhp,White,5.0,4.0,,6.5
Maruti Alto,Pune,2014.0,32000.0,Petrol,Manual,Second,22.74 kmpl,796 CC,47.3 bhp,White,5.0,4.0,,2.1
Mahindra Xylo,Hyderabad,2015.0,129750.0,Diesel,Manual,Second,14.95 kmpl,2489 CC,93.7 bhp,Black/Silver,7.0,5.0,,6.8
Ford Figo,Jaipur,2010.0,66123.0,Diesel,Manual,Second,20.0 kmpl,1399 CC,68 bhp,White,5.0,4.0,,2.1
Hyundai Creta,Kochi,2017.0,17702.0,Petrol,Manual,First,15.29 kmpl,1591 CC,121.3 bhp,Black/Silver,5.0,4.0,,11.94
Hyundai i20,Jaipur,2011.0,82000.0,Petrol,Manual,Second,18.5 kmpl,1197 CC,80 bhp,White,5.0,4.0,,2.7
Honda City,Pune,2012.0,69000.0,Petrol,Manual,First,16.8 kmpl,1497 CC,116.3 bhp,Black/Silver,5.0,4.0,,4.9
Hyundai EON,Kolkata,2015.0,20800.0,Petrol,Manual,Second,21.1 kmpl,814 CC,55.2 bhp,White,5.0,4.0,,2.25
Maruti Celerio,Pune,2016.0,36789.0,Petrol,Automatic,First,23.1 kmpl,998 CC,67.04 bhp,White,5.0,4.0,,4.25
Maruti Vitara,Kolkata,2017.0,35000.0,Diesel,Manual,First,24.3 kmpl,1248 CC,88.5 bhp,Others,5.0,4.0,9.46 Lakh,6.5
Hyundai Creta,Chennai,2015.0,41000.0,Diesel,Manual,First,19.67 kmpl,1582 CC,126.2 bhp,Black/Silver,5.0,4.0,,11.9
Mercedes-Benz E-Class,Chennai,2007.0,75000.0,Diesel,Automatic,First,11.0 kmpl,2987 CC,198.5 bhp,Black/Silver,5.0,4.0,,11.0
Hyundai Getz,Pune,2005.0,86000.0,Petrol,Manual,Second,15.3 kmpl,1341 CC,83 bhp,White,5.0,4.0,,0.45
Hyundai Verna,Delhi,2012.0,62000.0,Diesel,Manual,,22.32 kmpl,1582 CC,126.32 bhp,White,5.0,4.0,,4.6
Maruti Swift,Kolkata,2012.0,82000.0,Diesel,Manual,Second,22.9 kmpl,1248 CC,74 bhp,Others,5.0,4.0,,2.5
Toyota Corolla,Kolkata,2008.0,80000.0,Petrol,Automatic,First,11.3 kmpl,1794 CC,125 bhp,White,5.0,4.0,,2.8
Hyundai Verna,Hyderabad,2008.0,96578.0,Diesel,Manual,First,22.0 kmpl,1582 CC,126.2 bhp,White,5.0,4.0,14.07 Lakh,2.5
Ford Figo,Hyderabad,2013.0,71336.0,Diesel,Manual,First,20.0 kmpl,1399 CC,68 bhp,Others,5.0,4.0,,4.1
Toyota Etios,Delhi,2013.0,64000.0,Diesel,Manual,First,23.59 kmpl,1364 CC,67.06 bhp,White,5.0,4.0,,3.1
Hyundai Creta,Delhi,2016.0,42784.0,Diesel,Manual,First,21.38 kmpl,1396 CC,88.7 bhp,White,5.0,4.0,,10.17
Skoda Rapid,Chennai,2013.0,83000.0,Diesel,Manual,First,21.14 kmpl,1498 CC,103.52 bhp,White,5.0,4.0,,4.75
Maruti Alto,Coimbatore,2011.0,48624.0,Petrol,Manual,First,24.07 kmpl,998 CC,67.1 bhp,Others,5.0,4.0,4.7 Lakh,3.22
Jaguar XE,Mumbai,2017.0,9000.0,Petrol,Automatic,First,13.5 kmpl,1999 CC,246.74 bhp,Others,5.0,4.0,53.72 Lakh,34.5
BMW X3,Bangalore,2016.0,45165.0,Diesel,Automatic,First,16.09 kmpl,1995 CC,184 bhp,Black/Silver,5.0,4.0,,41.75
Maruti Ertiga,Ahmedabad,2012.0,25000.0,Petrol,Manual,First,16.02 kmpl,1373 CC,93.7 bhp,White,7.0,5.0,,5.35
Maruti S,Hyderabad,2015.0,61313.0,Diesel,Manual,First,23.65 kmpl,1248 CC,88.5 bhp,Others,5.0,4.0,,7.99
Hyundai EON,Hyderabad,2016.0,30000.0,Petrol,Manual,First,21.1 kmpl,814 CC,55.2 bhp,Others,5.0,4.0,,3.25
Honda City,Mumbai,2015.0,27030.0,Petrol,Manual,First,17.8 kmpl,1497 CC,117.3 bhp,White,5.0,4.0,,6.75
Hyundai i10,Chennai,2010.0,77000.0,Petrol,Manual,Second,20.36 kmpl,1197 CC,78.9 bhp,Others,5.0,4.0,,2.1
Audi A4,Delhi,2011.0,58000.0,Diesel,Automatic,First,16.55 kmpl,1968 CC,140 bhp,White,5.0,4.0,,11.0
Honda Jazz,Mumbai,2015.0,12000.0,Petrol,Automatic,First,19.0 kmpl,1199 CC,88.7 bhp,Others,5.0,4.0,,6.0
Toyota Fortuner,Mumbai,2010.0,41650.0,Diesel,Manual,Second,11.5 kmpl,2982 CC,171 bhp,Others,7.0,5.0,,10.99
Hyundai i20,Bangalore,2012.0,58000.0,Petrol,Automatic,Second,15.0 kmpl,1396 CC,98.6 bhp,Black/Silver,5.0,4.0,,4.4
Land Rover Discovery,Delhi,2016.0,77000.0,Diesel,Automatic,First,12.63 kmpl,2179 CC,147.5 bhp,Black/Silver,5.0,4.0,,35.0
Mercedes-Benz CLA,Ahmedabad,2015.0,13500.0,Diesel,Automatic,First,17.9 kmpl,2143 CC,136 bhp,Black/Silver,5.0,4.0,,25.51
Mahindra Scorpio,Hyderabad,2015.0,120000.0,Diesel,Manual,First,15.4 kmpl,2179 CC,120 bhp,White,7.0,5.0,,12.0
Ford Endeavour,Chennai,2019.0,9000.0,Diesel,Automatic,First,12.62 kmpl,2198 CC,158 bhp,White,7.0,5.0,,32.9
Hyundai Accent,Hyderabad,2008.0,62364.0,Petrol,Manual,First,13.2 kmpl,1495 CC,94 bhp,White,5.0,4.0,,2.3
Honda City,Pune,2009.0,60000.0,Petrol,Manual,Third,17.0 kmpl,,,,5.0,4.0,,3.25
Hyundai i10,Delhi,2012.0,59000.0,Petrol,Manual,First,20.36 kmpl,1197 CC,78.9 bhp,Others,5.0,4.0,,2.85
Maruti Wagon,Ahmedabad,2010.0,21002.0,Petrol,Manual,First,22.5 kmpl,998 CC,67.04 bhp,White,5.0,4.0,4.74 Lakh,2.75
Maruti Zen,Chennai,2004.0,29000.0,Petrol,Manual,First,17.3 kmpl,993 CC,60 bhp,Black/Silver,5.0,4.0,,1.6
Honda Amaze,Mumbai,2014.0,21000.0,Petrol,Manual,First,19.5 kmpl,1199 CC,86.76 bhp,Black/Silver,5.0,4.0,8.99 Lakh,4.75
Maruti Ritz,Pune,2010.0,71000.0,Diesel,Manual,First,21.1 kmpl,1248 CC,73.9 bhp,Black/Silver,5.0,4.0,,3.0
Volkswagen Jetta,Ahmedabad,2013.0,68008.0,Diesel,Manual,Second,15.0 kmpl,1896 CC,105 bhp,Others,5.0,4.0,,6.75
Chevrolet Sail,Kolkata,2014.0,14000.0,Petrol,Manual,First,18.2 kmpl,1199 CC,82.5 bhp,Black/Silver,5.0,4.0,,3.0
Hyundai Elantra,Mumbai,2014.0,55619.0,Petrol,Manual,First,16.3 kmpl,,,,5.0,4.0,,8.3
Hyundai Xcent,Kolkata,2014.0,42000.0,Petrol,Manual,First,19.1 kmpl,1197 CC,81.86 bhp,White,5.0,4.0,,3.45
Toyota Fortuner,Delhi,2014.0,89540.0,Diesel,Automatic,First,12.55 kmpl,2982 CC,168.5 bhp,Black/Silver,7.0,5.0,,16.8
BMW 3,Kolkata,2013.0,21983.0,Diesel,Automatic,First,18.88 kmpl,1995 CC,184 bhp,Black/Silver,5.0,4.0,,16.5
Maruti Swift,Bangalore,2008.0,100000.0,Diesel,Manual,Second,17.8 kmpl,1248 CC,75 bhp,Black/Silver,5.0,4.0,,3.0
Maruti Swift,Kochi,2019.0,20667.0,Petrol,Manual,First,22.0 kmpl,1197 CC,81.80 bhp,White,5.0,4.0,,6.37
Maruti Swift,Kochi,2017.0,31696.0,Petrol,Manual,First,20.4 kmpl,1197 CC,81.80 bhp,Others,5.0,4.0,,5.75
Volkswagen Jetta,Hyderabad,2014.0,42939.0,Diesel,Automatic,First,16.96 kmpl,1968 CC,138.03 bhp,Others,5.0,4.0,,12.49
Maruti Swift,Hyderabad,2016.0,54631.0,Diesel,Manual,First,25.2 kmpl,1248 CC,74 bhp,Black/Silver,5.0,4.0,,6.25
Toyota Etios,Mumbai,2011.0,74000.0,Diesel,Manual,First,23.59 kmpl,1364 CC,null bhp,Others,5.0,4.0,,3.6
Maruti Alto,Hyderabad,2017.0,25058.0,Petrol,Automatic,First,24.07 kmpl,998 CC,67.1 bhp,Others,5.0,4.0,,3.95
Hyundai i20,Kochi,2016.0,61823.0,Petrol,Manual,First,18.6 kmpl,1197 CC,81.83 bhp,Others,5.0,4.0,,6.14
Honda City,Coimbatore,2017.0,45366.0,Diesel,Manual,First,25.1 kmpl,1498 CC,98.6 bhp,Black/Silver,5.0,4.0,,10.88
Maruti Swift,Ahmedabad,2012.0,56121.0,Diesel,Manual,First,23.4 kmpl,1248 CC,74 bhp,White,5.0,4.0,,4.25
Mahindra Ssangyong,,2013.0,,Diesel,Automatic,Second,11.18 kmpl,2696 CC,184 bhp,Others,7.0,5.0,,12.5
Tata Indigo,Delhi,2015.0,150000.0,Diesel,Manual,First,25.0 kmpl,1396 CC,69.01 bhp,Black/Silver,5.0,4.0,,2.5
Maruti Swift,Hyderabad,2009.0,71346.0,Petrol,Manual,First,17.5 kmpl,1298 CC,85.8 bhp,Others,5.0,4.0,,3.8
BMW 3,Mumbai,2008.0,66000.0,Diesel,Automatic,Second,16.07 kmpl,1995 CC,181 bhp,Black/Silver,5.0,4.0,,7.25
Maruti Wagon,Coimbatore,2015.0,43053.0,Petrol,Manual,First,18.9 kmpl,998 CC,67.1 bhp,Others,5.0,4.0,,4.65
Mahindra TUV,Pune,2016.0,67000.0,Diesel,Manual,First,18.49 kmpl,1493 CC,100 bhp,White,7.0,5.0,,6.3
Mahindra Bolero,Chennai,2011.0,99000.0,Diesel,Manual,Second,13.6 kmpl,2523 CC,63 bhp,White,7.0,5.0,,4.5
Maruti Vitara,Kochi,2018.0,51921.0,Diesel,Manual,First,24.3 kmpl,1248 CC,88.5 bhp,White,5.0,4.0,,8.62
Maruti Ertiga,Hyderabad,2016.0,42000.0,Diesel,Manual,First,25.47 kmpl,1248 CC,88.50 bhp,White,7.0,5.0,13.33 Lakh,9.9
Mahindra KUV,Kochi,2017.0,60357.0,Diesel,Manual,First,25.32 kmpl,1198 CC,77 bhp,Black/Silver,6.0,4.0,,4.49
Volkswagen Polo,Kolkata,2011.0,55476.0,Diesel,Manual,First,22.07 kmpl,1199 CC,73.9 bhp,Black/Silver,5.0,4.0,,2.49
Hyundai Getz,Jaipur,2009.0,97359.0,Diesel,Manual,Second,17.1 kmpl,1493 CC,110 bhp,White,5.0,4.0,,1.8
Maruti Grand,Mumbai,2017.0,25000.0,Petrol,Manual,First,10.4 kmpl,2393 CC,163.5 bhp,Others,5.0,4.0,,9.0
Maruti SX4,Delhi,2014.0,90000.0,Diesel,Manual,First,21.5 kmpl,1248 CC,88.8 bhp,Black/Silver,5.0,4.0,,4.5
Hyundai Verna,Jaipur,2014.0,97000.0,Diesel,Automatic,First,22.32 kmpl,1582 CC,126.32 bhp,Others,5.0,4.0,,8.0
Honda City,Hyderabad,2008.0,56000.0,Petrol,Automatic,First,16.4 kmpl,1497 CC,78 bhp,Others,5.0,4.0,,2.99
Volkswagen Vento,Kochi,2013.0,47910.0,Diesel,Manual,First,20.54 kmpl,1598 CC,103.6 bhp,Others,5.0,4.0,,4.89
Honda CR-V,Hyderabad,2010.0,67758.0,Petrol,Manual,First,10.8 kmpl,2354 CC,null bhp,White,5.0,4.0,,9.5
Maruti Swift,Jaipur,2010.0,130000.0,Diesel,Manual,Second,19.3 kmpl,1248 CC,73.9 bhp,Black/Silver,5.0,4.0,,4.0
Honda Brio,Mumbai,2014.0,36631.0,Petrol,Automatic,First,16.5 kmpl,1198 CC,86.8 bhp,White,5.0,4.0,,4.3
BMW Z4,Delhi,2011.0,25000.0,Petrol,Automatic,First,10.37 kmpl,2979 CC,306 bhp,Black/Silver,2.0,2.0,,30.0
Maruti Swift,Mumbai,2012.0,15000.0,Petrol,Manual,First,18.6 kmpl,1197 CC,85.8 bhp,White,5.0,4.0,,3.65
Hyundai i20,Mumbai,2012.0,50000.0,Petrol,Manual,First,18.5 kmpl,1197 CC,82.85 bhp,Black/Silver,5.0,4.0,,3.7
Toyota Fortuner,Chennai,2015.0,99000.0,Diesel,Manual,First,13.0 kmpl,2982 CC,168.5 bhp,Black/Silver,7.0,5.0,,20.5
Maruti Wagon,Kolkata,2016.0,16956.0,Petrol,Manual,First,22.5 kmpl,998 CC,67.04 bhp,White,5.0,4.0,5.29 Lakh,3.6
Toyota Fortuner,Delhi,2013.0,123000.0,Diesel,Automatic,First,12.55 kmpl,2982 CC,168.5 bhp,White,7.0,5.0,,16.5
Maruti Swift,Jaipur,2011.0,110000.0,Diesel,Manual,First,19.3 kmpl,1248 CC,73.9 bhp,Others,5.0,4.0,,3.5
Ford Ecosport,Jaipur,2013.0,92250.0,Diesel,Manual,Second,22.7 kmpl,1498 CC,89.84 bhp,White,5.0,4.0,,5.75
Hyundai Santa,Coimbatore,2016.0,45794.0,Diesel,Automatic,First,13.01 kmpl,2199 CC,194.3 bhp,Black/Silver,7.0,5.0,,20.67
Maruti Ertiga,Hyderabad,2013.0,120000.0,Diesel,Manual,First,20.77 kmpl,1248 CC,88.8 bhp,Others,7.0,5.0,,7.0
Maruti Alto,Pune,2015.0,73204.0,Petrol,Automatic,First,24.07 kmpl,998 CC,67.1 bhp,Others,5.0,4.0,,3.3
Maruti Swift,Hyderabad,2012.0,80799.0,Diesel,Manual,First,22.9 kmpl,1248 CC,74 bhp,White,5.0,4.0,,4.9
Maruti Omni,Hyderabad,2017.0,24571.0,Petrol,Manual,First,14.0 kmpl,796 CC,35 bhp,Others,5.0,4.0,,2.9
Hyundai Verna,Delhi,2015.0,57000.0,Diesel,Manual,First,23.9 kmpl,1582 CC,126.2 bhp,Black/Silver,5.0,4.0,,6.6
BMW 5,Delhi,2013.0,76000.0,Diesel,Automatic,First,18.48 kmpl,1995 CC,177 bhp,White,5.0,4.0,,19.0
Chevrolet Beat,Delhi,2011.0,76155.0,Petrol,Manual,First,18.6 kmpl,1199 CC,79.4 bhp,Black/Silver,5.0,4.0,,1.95
Maruti Wagon,Delhi,2012.0,68347.0,Petrol,Manual,First,18.9 kmpl,998 CC,67.1 bhp,Black/Silver,5.0,4.0,,2.6
Hyundai Verna,Pune,2011.0,49768.0,Petrol,Manual,Second,17.01 kmpl,1591 CC,121.3 bhp,Others,5.0,4.0,,4.95
Tata Safari,Jaipur,2017.0,28000.0,Diesel,Manual,First,14.0 kmpl,2179 CC,138.1 bhp,Others,7.0,5.0,,10.91
Tata Tiago,Coimbatore,2019.0,16698.0,Petrol,Manual,First,23.84 kmpl,1199 CC,84 bhp,Others,5.0,4.0,6.21 Lakh,5.85
Mahindra XUV500,Coimbatore,2015.0,36836.0,Diesel,Manual,First,15.1 kmpl,2179 CC,140 bhp,White,7.0,5.0,,12.49
Land Rover Discovery,Pune,2012.0,117236.0,Diesel,Automatic,Second,11.8 kmpl,2720 CC,190 bhp,White,7.0,5.0,,14.0
Hyundai i20,Bangalore,2014.0,29000.0,Diesel,Manual,First,22.54 kmpl,1396 CC,88.73 bhp,Others,5.0,4.0,,8.35
Honda City,Mumbai,2015.0,73070.0,Petrol,Manual,First,17.4 kmpl,1497 CC,117.3 bhp,White,5.0,4.0,,5.9
Renault Duster,Hyderabad,2013.0,60000.0,Diesel,Manual,First,19.64 kmpl,1461 CC,108.45 bhp,White,5.0,4.0,,7.5
Maruti Swift,Hyderabad,2010.0,86000.0,Diesel,Manual,Second,17.8 kmpl,1248 CC,75 bhp,White,5.0,4.0,,3.6
Hyundai Verna,Kochi,2016.0,42876.0,Diesel,Automatic,First,19.08 kmpl,1582 CC,126.2 bhp,Black/Silver,5.0,4.0,,9.31
Skoda Rapid,Mumbai,2014.0,32000.0,Petrol,Automatic,First,14.3 kmpl,1598 CC,103.5 bhp,Black/Silver,5.0,4.0,,5.55
Hyundai Xcent,Mumbai,2016.0,50000.0,Diesel,Manual,First,25.4 kmpl,1186 CC,73.97 bhp,Others,5.0,4.0,8.84 Lakh,3.5
Maruti Swift,Kochi,2016.0,38143.0,Diesel,Manual,First,22.9 kmpl,1248 CC,74 bhp,Others,5.0,4.0,,5.22
Ford Figo,Coimbatore,2017.0,39419.0,Petrol,Manual,First,18.16 kmpl,1196 CC,86.8 bhp,White,5.0,4.0,,4.95
Hyundai Elite,Mumbai,2015.0,28133.0,Petrol,Manual,First,18.6 kmpl,1197 CC,81.86 bhp,Others,5.0,4.0,,5.6
Hyundai i10,Coimbatore,2012.0,47324.0,Petrol,Manual,Second,20.36 kmpl,1197 CC,78.9 bhp,White,5.0,4.0,,4.52
Renault Duster,Delhi,2014.0,90000.0,Diesel,Manual,First,19.87 kmpl,1461 CC,83.8 bhp,White,5.0,4.0,,5.35
Volkswagen CrossPolo,Hyderabad,2015.0,80768.0,Diesel,Manual,First,20.14 kmpl,1498 CC,88.73 bhp,White,5.0,4.0,,5.7
Volkswagen Polo,Mumbai,2015.0,31978.0,Petrol,Manual,First,16.47 kmpl,1198 CC,73.9 bhp,White,5.0,4.0,,3.89
Hyundai i20,Ahmedabad,2014.0,64000.0,Diesel,Manual,First,21.9 kmpl,1396 CC,90 bhp,White,5.0,4.0,,4.25
Mercedes-Benz GL-Class,Delhi,2014.0,85000.0,Diesel,Automatic,First,11.3 kmpl,2987 CC,254.8 bhp,White,7.0,5.0,,38.75
Maruti Alto,Mumbai,2018.0,11000.0,Petrol,Manual,First,24.7 kmpl,796 CC,47.3 bhp,White,5.0,4.0,,3.35
Mercedes-Benz M-Class,Pune,2015.0,69000.0,Diesel,Automatic,First,0.0 kmpl,2987 CC,165 bhp,Others,5.0,4.0,,38.0
Ford Figo,Chennai,2011.0,72000.0,Diesel,Manual,First,20.0 kmpl,1399 CC,68 bhp,White,5.0,4.0,,2.9
Hyundai EON,Jaipur,2017.0,52000.0,Petrol,Manual,Second,21.1 kmpl,814 CC,55.2 bhp,Others,5.0,4.0,,3.5
Toyota Etios,Chennai,2012.0,150000.0,Diesel,Manual,Third,23.59 kmpl,1364 CC,null bhp,Others,5.0,4.0,,3.0
Honda CR-V,Kochi,2011.0,55987.0,Petrol,Automatic,First,13.7 kmpl,1997 CC,153.86 bhp,Others,5.0,4.0,,8.22
Maruti Celerio,Kolkata,2018.0,30000.0,Petrol,Manual,First,23.1 kmpl,998 CC,67.04 bhp,Others,5.0,4.0,4.87 Lakh,3.75
Chevrolet Beat,Hyderabad,2011.0,47000.0,Diesel,Manual,First,25.44 kmpl,936 CC,57.6 bhp,Others,5.0,4.0,,2.5
Maruti Alto,Hyderabad,2004.0,81500.0,Petrol,Manual,Second,19.7 kmpl,796 CC,46.3 bhp,White,5.0,4.0,,1.3
Hyundai Xcent,Delhi,2016.0,36676.0,CNG,Manual,First,25.0 km/kg,1197 CC,81.86 bhp,Black/Silver,5.0,4.0,,5.0
Hyundai Santro,Delhi,2012.0,61449.0,Petrol,Manual,First,0.0 kmpl,1086 CC,62 bhp,Others,5.0,4.0,,2.15
Chevrolet Aveo,Pune,2006.0,78000.0,Petrol,Manual,Third,14.49 kmpl,1399 CC,92.7 bhp,Others,5.0,4.0,,1.2
Chevrolet Cruze,Jaipur,2017.0,51087.0,Diesel,Manual,First,17.9 kmpl,1998 CC,163.7 bhp,Black/Silver,5.0,4.0,,7.75
Maruti Vitara,Hyderabad,2018.0,11000.0,Diesel,Manual,First,24.3 kmpl,1248 CC,88.5 bhp,Others,5.0,4.0,,9.4
Maruti Eeco,Pune,2011.0,45000.0,Petrol,Manual,First,15.1 kmpl,1196 CC,73 bhp,Black/Silver,7.0,5.0,4.69 Lakh,2.25
Toyota Fortuner,Kochi,2018.0,37713.0,Diesel,Automatic,Second,12.55 kmpl,2982 CC,168.5 bhp,White,7.0,5.0,,31.62
Maruti Ritz,Coimbatore,2011.0,88539.0,Diesel,Manual,First,23.2 kmpl,1248 CC,73.94 bhp,White,5.0,4.0,,3.77
Maruti Ignis,Kochi,2019.0,12076.0,Petrol,Manual,First,20.89 kmpl,1197 CC,81.80 bhp,White,5.0,4.0,5.9 Lakh,5.5
Fiat Linea,Kolkata,2010.0,145000.0,Diesel,Manual,First,20.4 kmpl,1248 CC,91.7 bhp,Others,5.0,4.0,,2.6
BMW 3,Mumbai,2009.0,61500.0,Diesel,Automatic,Second,16.07 kmpl,1995 CC,181 bhp,White,5.0,4.0,,8.5
Maruti Ritz,Hyderabad,2011.0,127887.0,Diesel,Manual,First,21.1 kmpl,1248 CC,73.9 bhp,Black/Silver,5.0,4.0,,2.95
Mitsubishi Pajero,Mumbai,2013.0,59000.0,Diesel,Manual,First,13.5 kmpl,2477 CC,175.56 bhp,White,7.0,5.0,33.09 Lakh,12.75
Hyundai i10,Kolkata,2013.0,21000.0,Petrol,Manual,First,20.36 kmpl,1197 CC,78.9 bhp,Black/Silver,5.0,4.0,,2.35
Audi Q7,Bangalore,2015.0,21000.0,Diesel,Automatic,First,12.07 kmpl,2967 CC,241.4 bhp,White,7.0,5.0,,48.0
Mercedes-Benz GLA,Kolkata,2015.0,35000.0,Diesel,Automatic,First,17.9 kmpl,2143 CC,136 bhp,Black/Silver,5.0,4.0,,20.99
Hyundai EON,Bangalore,2013.0,45010.0,Petrol,Manual,Second,21.1 kmpl,814 CC,55.2 bhp,Others,5.0,4.0,,2.95
Hyundai i20,Delhi,2012.0,71000.0,Diesel,Manual,First,23.0 kmpl,1396 CC,90 bhp,Others,5.0,4.0,,3.7
Maruti Wagon,Pune,2008.0,82500.0,Petrol,Manual,First,14.0 kmpl,1061 CC,64 bhp,White,5.0,4.0,,1.75
Ford Figo,Bangalore,2011.0,68465.0,Petrol,Manual,First,15.6 kmpl,1196 CC,70 bhp,Others,5.0,4.0,,2.95
Mahindra KUV,Kochi,2017.0,39528.0,Diesel,Manual,First,25.32 kmpl,1198 CC,77 bhp,Black/Silver,6.0,4.0,,5.83
Hyundai i20,Pune,2012.0,56200.0,Petrol,Automatic,First,15.0 kmpl,1396 CC,98.6 bhp,White,5.0,4.0,,3.85
Maruti Ertiga,Pune,2013.0,105000.0,Diesel,Manual,Second,25.47 kmpl,1248 CC,88.50 bhp,White,7.0,5.0,12.34 Lakh,6.75
Hyundai Grand,Delhi,2017.0,8471.0,Petrol,Manual,First,18.9 kmpl,1197 CC,81.86 bhp,Black/Silver,5.0,4.0,6.54 Lakh,5.0
Mahindra Scorpio,Ahmedabad,2011.0,70000.0,Diesel,Manual,Second,12.05 kmpl,2179 CC,120 bhp,White,8.0,5.0,,7.45
Hyundai Xcent,Pune,2018.0,40000.0,Petrol,Manual,First,20.14 kmpl,1197 CC,81.86 bhp,White,5.0,4.0,6.71 Lakh,5.0
Hyundai Elantra,Ahmedabad,2018.0,35000.0,Diesel,Manual,First,22.7 kmpl,1582 CC,126.2 bhp,Others,5.0,4.0,,15.0
Volkswagen Polo,Pune,2011.0,65000.0,Petrol,Manual,Second,16.47 kmpl,1198 CC,73.9 bhp,White,5.0,4.0,,3.0
BMW 5,Coimbatore,2016.0,20967.0,Diesel,Automatic,First,14.69 kmpl,2993 CC,258 bhp,Others,5.0,4.0,,44.56
Mercedes-Benz New,Delhi,2012.0,63000.0,Diesel,Automatic,First,14.94 kmpl,2143 CC,204 bhp,White,5.0,4.0,,14.22
Audi A6,Delhi,2014.0,56000.0,Diesel,Automatic,Second,18.53 kmpl,1968 CC,187.74 bhp,White,5.0,4.0,,29.5
Land Rover Discovery,Hyderabad,2016.0,62000.0,Diesel,Automatic,First,12.51 kmpl,2179 CC,187.7 bhp,Others,7.0,5.0,,44.5
BMW 5,Bangalore,2015.0,16900.0,Diesel,Automatic,First,14.69 kmpl,2993 CC,258 bhp,Black/Silver,5.0,4.0,,44.0
Hyundai EON,Coimbatore,2013.0,65060.0,Petrol,Manual,First,21.1 kmpl,814 CC,55.2 bhp,Black/Silver,5.0,4.0,,3.32
Toyota Innova,Pune,2009.0,118000.0,Diesel,Manual,First,12.8 kmpl,2494 CC,102 bhp,Others,8.0,5.0,,4.5
Hyundai Verna,Delhi,2014.0,61566.0,Petrol,Manual,First,17.1 kmpl,1591 CC,121.3 bhp,Others,5.0,4.0,,5.85
Mercedes-Benz New,Hyderabad,2017.0,10000.0,Diesel,Automatic,First,19.27 kmpl,2143 CC,167.62 bhp,Black/Silver,5.0,4.0,,36.0
Honda City,Mumbai,2016.0,34634.0,Petrol,Manual,First,17.8 kmpl,1497 CC,117.3 bhp,White,5.0,4.0,,6.9
Tata Nano,Coimbatore,2017.0,32684.0,Petrol,Automatic,First,21.9 kmpl,624 CC,37.48 bhp,White,4.0,4.0,,3.23
Volkswagen Polo,Bangalore,2015.0,46354.0,Petrol,Manual,Second,16.47 kmpl,1198 CC,74 bhp,Black/Silver,5.0,4.0,,5.49
Volkswagen Polo,Coimbatore,2015.0,56900.0,Diesel,Manual,First,20.14 kmpl,1498 CC,88.8 bhp,Black/Silver,5.0,4.0,,4.1
Volkswagen Polo,Hyderabad,2014.0,69000.0,Diesel,Manual,First,20.14 kmpl,1498 CC,88.8 bhp,White,5.0,4.0,,5.19
Maruti Wagon,Jaipur,2015.0,34000.0,Petrol,Automatic,First,20.51 kmpl,998 CC,67 bhp,White,5.0,4.0,,3.85
Renault KWID,Kochi,2017.0,32587.0,Petrol,Manual,First,25.17 kmpl,799 CC,53.3 bhp,Others,5.0,4.0,,3.71
Maruti Swift,Chennai,2015.0,29500.0,Petrol,Manual,First,20.4 kmpl,1197 CC,81.80 bhp,Others,5.0,4.0,,4.15
Hyundai Grand,Mumbai,2017.0,8500.0,Petrol,Manual,Second,18.9 kmpl,1197 CC,82 bhp,Black/Silver,5.0,4.0,,4.8
BMW 6,Kochi,2010.0,65329.0,Petrol,Automatic,First,7.94 kmpl,4395 CC,450 bhp,Others,4.0,4.0,,20.72
Mercedes-Benz GL-Class,Delhi,2016.0,16000.0,Diesel,Automatic,First,11.3 kmpl,2987 CC,254.8 bhp,Black/Silver,7.0,5.0,,56.0
Maruti Swift,Jaipur,2016.0,54897.0,Diesel,Automatic,First,26.59 kmpl,1248 CC,74 bhp,White,5.0,4.0,,7.3
Toyota Corolla,Kolkata,2009.0,45000.0,Petrol,Manual,Second,14.53 kmpl,1798 CC,138.1 bhp,Black/Silver,5.0,4.0,,3.3
Audi A6,Coimbatore,2017.0,55975.0,Diesel,Automatic,Second,17.68 kmpl,1968 CC,174.33 bhp,Others,5.0,4.0,,35.92
Hyundai i10,Coimbatore,2013.0,32776.0,Petrol,Manual,First,20.36 kmpl,1197 CC,78.9 bhp,Others,5.0,4.0,,4.64
Hyundai Verna,Bangalore,2012.0,79000.0,Diesel,Automatic,First,22.0 kmpl,1582 CC,126.2 bhp,Others,5.0,4.0,16.6 Lakh,5.25
Honda Amaze,Jaipur,2015.0,42000.0,Petrol,Manual,Second,18.0 kmpl,1198 CC,86.7 bhp,Black/Silver,5.0,4.0,,4.3
Audi Q7,Coimbatore,2016.0,51002.0,Diesel,Automatic,First,11.33 kmpl,4134 CC,335.2 bhp,White,7.0,5.0,,48.91
Volkswagen Polo,Mumbai,2016.0,7523.0,Petrol,Manual,First,16.2 kmpl,1199 CC,74 bhp,Others,5.0,4.0,,6.15
Hyundai i20,Delhi,2015.0,21000.0,Petrol,Manual,First,18.6 kmpl,1197 CC,81.83 bhp,White,5.0,4.0,,4.9
Renault KWID,Jaipur,2017.0,33000.0,Petrol,Automatic,First,24.04 kmpl,999 CC,67 bhp,Others,5.0,4.0,,3.2
Hyundai Grand,Kochi,2017.0,20773.0,Diesel,Manual,First,24.0 kmpl,1186 CC,73.97 bhp,White,5.0,4.0,8.17 Lakh,5.92
Ford Figo,Pune,2014.0,21727.0,Petrol,Manual,First,15.6 kmpl,1196 CC,70.02 bhp,Others,5.0,4.0,,3.35
Fiat Grande,Delhi,2010.0,120000.0,Diesel,Manual,First,17.8 kmpl,1248 CC,76 bhp,White,5.0,4.0,,1.65
Hyundai Creta,Coimbatore,2017.0,101065.0,Diesel,Manual,First,20.5 kmpl,1582 CC,126.2 bhp,Others,5.0,4.0,19.18 Lakh,11.45
BMW X1,Delhi,2011.0,72000.0,Diesel,Automatic,First,17.05 kmpl,1995 CC,184 bhp,Others,5.0,4.0,,11.0
Fiat Linea,Kolkata,2015.0,32000.0,Diesel,Manual,First,20.4 kmpl,1248 CC,91.7 bhp,White,5.0,4.0,,4.65
Mitsubishi Pajero,Pune,2012.0,116000.0,Diesel,Manual,First,10.5 kmpl,2835 CC,107.2 bhp,Black/Silver,6.0,5.0,,9.95
Mercedes-Benz New,Pune,2015.0,50000.0,Diesel,Automatic,First,19.27 kmpl,2143 CC,167.62 bhp,White,5.0,4.0,,30.0
Skoda Rapid,Bangalore,2013.0,66700.0,Petrol,Manual,First,15.0 kmpl,1598 CC,103.5 bhp,White,5.0,4.0,,4.0
Volkswagen Polo,Mumbai,2014.0,54230.0,Petrol,Manual,First,16.47 kmpl,1198 CC,74 bhp,White,5.0,4.0,,4.5
Hyundai Grand,Delhi,2015.0,59261.0,Diesel,Manual,First,24.0 kmpl,1186 CC,73.97 bhp,White,5.0,4.0,8.18 Lakh,4.25
Maruti Swift,Jaipur,2016.0,55000.0,Diesel,Manual,First,22.9 kmpl,1248 CC,74 bhp,Black/Silver,5.0,4.0,,5.65
Ford Figo,Hyderabad,2014.0,74624.0,Diesel,Manual,First,20.0 kmpl,1399 CC,68.05 bhp,Black/Silver,5.0,4.0,,5.65
BMW 5,Coimbatore,2016.0,19658.0,Diesel,Automatic,First,18.12 kmpl,1995 CC,190 bhp,Others,5.0,4.0,,35.84
Hyundai Santro,Kochi,2008.0,80759.0,Petrol,Manual,Third,17.0 kmpl,1086 CC,null bhp,Others,5.0,4.0,,1.67
Hyundai Grand,Coimbatore,2017.0,33284.0,Petrol,Manual,First,18.9 kmpl,1197 CC,82 bhp,Black/Silver,5.0,4.0,,5.84
Renault Pulse,Delhi,2016.0,40190.0,Petrol,Manual,First,18.06 kmpl,1198 CC,74.93 bhp,Black/Silver,5.0,4.0,,4.25
BMW 1,Coimbatore,2015.0,31821.0,Diesel,Automatic,First,20.58 kmpl,1995 CC,143 bhp,Others,5.0,4.0,,17.22
Chevrolet Beat,Chennai,2010.0,66000.0,Petrol,Manual,First,18.6 kmpl,1199 CC,79.4 bhp,Black/Silver,5.0,4.0,,2.19
Ford Figo,Coimbatore,2017.0,28854.0,Petrol,Manual,First,18.16 kmpl,1196 CC,86.8 bhp,Black/Silver,5.0,4.0,,6.7
BMW 3,Coimbatore,2010.0,59660.0,Petrol,Automatic,First,12.05 kmpl,1995 CC,154 bhp,White,5.0,4.0,,10.49
Hyundai i20,Kolkata,2011.0,36000.0,Petrol,Manual,First,18.5 kmpl,1197 CC,80 bhp,White,5.0,4.0,,2.5
Hyundai Santro,Pune,2011.0,65400.0,Petrol,Manual,First,0.0 kmpl,1086 CC,null bhp,Black/Silver,5.0,4.0,,2.1
Hyundai Verna,Kochi,2009.0,137148.0,Petrol,Manual,Second,13.9 kmpl,1599 CC,103.2 bhp,Others,5.0,4.0,,1.85
Audi A6,Bangalore,2011.0,50000.0,Diesel,Automatic,Third,16.77 kmpl,2967 CC,241.38 bhp,Black/Silver,5.0,4.0,,21.0
Mahindra XUV500,Delhi,2012.0,65000.0,Diesel,Manual,Second,16.0 kmpl,2179 CC,140 bhp,Others,7.0,5.0,,5.75
Maruti Celerio,Hyderabad,2015.0,47020.0,Petrol,Manual,Second,23.1 kmpl,998 CC,67.04 bhp,White,5.0,4.0,,4.5
Mercedes-Benz E-Class,Coimbatore,2016.0,39753.0,Diesel,Automatic,First,13.0 kmpl,2143 CC,201.1 bhp,Others,5.0,4.0,,35.28
Maruti Alto,Chennai,2015.0,25000.0,Petrol,Automatic,First,24.07 kmpl,998 CC,67.1 bhp,White,5.0,4.0,,3.5
Hyundai Verna,Bangalore,2012.0,80000.0,Diesel,Manual,First,22.32 kmpl,1582 CC,126.32 bhp,White,5.0,4.0,,5.25
Honda Amaze,Ahmedabad,2014.0,59000.0,Diesel,Manual,First,25.8 kmpl,1498 CC,98.6 bhp,Others,5.0,4.0,,4.75
Hyundai Xcent,Mumbai,2016.0,29000.0,Diesel,Manual,First,24.4 kmpl,1120 CC,71 bhp,Others,5.0,4.0,,5.95
Mercedes-Benz S,Mumbai,2007.0,55000.0,Petrol,Automatic,Third,10.13 kmpl,3498 CC,364.9 bhp,White,5.0,4.0,,9.99
Audi A4,Bangalore,2014.0,37600.0,Diesel,Automatic,Second,16.55 kmpl,1968 CC,147.51 bhp,Black/Silver,5.0,4.0,,22.5
Maruti A-Star,Kochi,2010.0,55324.0,Petrol,Manual,First,19.0 kmpl,998 CC,66.1 bhp,White,5.0,4.0,,2.87
Maruti Baleno,Mumbai,2017.0,16900.0,Petrol,Manual,First,21.1 kmpl,998 CC,100 bhp,Black/Silver,5.0,4.0,,6.99
Hyundai Santro,Chennai,2005.0,105000.0,Petrol,Manual,First,0.0 kmpl,999 CC,null bhp,White,5.0,4.0,,1.75
Mercedes-Benz E-Class,Mumbai,2014.0,72000.0,Petrol,Automatic,First,12.0 kmpl,1991 CC,184 bhp,White,5.0,4.0,,17.25
Toyota Camry,Delhi,2015.0,25000.0,Petrol,Automatic,First,19.16 kmpl,2494 CC,158.2 bhp,White,5.0,4.0,,25.0
Honda City,Coimbatore,2016.0,24337.0,Diesel,Manual,First,26.0 kmpl,1498 CC,98.6 bhp,Black/Silver,5.0,4.0,,8.18
Volkswagen Polo,Bangalore,2013.0,37000.0,Petrol,Manual,First,16.47 kmpl,1198 CC,73.9 bhp,Others,5.0,4.0,,5.1
Tata Safari,Bangalore,2012.0,90000.0,Diesel,Manual,Second,13.93 kmpl,2179 CC,138.03 bhp,White,7.0,5.0,,4.6
Volkswagen Polo,Kochi,2011.0,58752.0,Petrol,Manual,First,16.47 kmpl,1198 CC,73.9 bhp,Others,5.0,4.0,,3.32
BMW X1,Kochi,2017.0,32838.0,Diesel,Automatic,First,17.05 kmpl,1995 CC,190 bhp,Black/Silver,5.0,4.0,50.97 Lakh,30.29
Renault KWID,Jaipur,2016.0,26000.0,Petrol,Manual,First,25.17 kmpl,799 CC,53.3 bhp,Black/Silver,5.0,4.0,3.96 Lakh,2.55
Maruti Wagon,Kolkata,2014.0,23840.0,Petrol,Manual,First,20.51 kmpl,998 CC,67.04 bhp,Others,5.0,4.0,,3.0
Hyundai i20,Ahmedabad,2016.0,57000.0,Petrol,Manual,First,18.6 kmpl,1197 CC,81.83 bhp,Black/Silver,5.0,4.0,,6.0
Honda Brio,Kochi,2016.0,27969.0,Petrol,Manual,First,19.4 kmpl,1198 CC,86.8 bhp,Black/Silver,5.0,4.0,,4.73
Mahindra Xylo,Jaipur,2012.0,55000.0,Diesel,Manual,Second,14.0 kmpl,2498 CC,112 bhp,White,8.0,5.0,,2.9
BMW X5,Hyderabad,2011.0,75000.0,Diesel,Automatic,First,11.7 kmpl,2993 CC,245 bhp,Black/Silver,5.0,4.0,,27.5
Honda Brio,Coimbatore,2013.0,33709.0,Petrol,Automatic,First,16.5 kmpl,1198 CC,86.8 bhp,Black/Silver,5.0,4.0,,4.9
Toyota Etios,Hyderabad,2014.0,59589.0,Diesel,Manual,First,23.59 kmpl,1364 CC,67.1 bhp,Black/Silver,5.0,4.0,,5.6
Ford Figo,Pune,2015.0,92000.0,Diesel,Manual,First,20.0 kmpl,1399 CC,68.05 bhp,White,5.0,4.0,,4.25
Hyundai Verna,Chennai,2016.0,31000.0,Diesel,Manual,First,23.9 kmpl,1582 CC,126.2 bhp,Black/Silver,5.0,4.0,,9.0
Porsche Cayman,Hyderabad,2010.0,10000.0,Petrol,Manual,First,9.0 kmpl,3436 CC,null bhp,Others,2.0,2.0,,40.0
Volkswagen Polo,Jaipur,2015.0,63000.0,Diesel,Manual,First,20.14 kmpl,1498 CC,88.8 bhp,Black/Silver,5.0,4.0,,5.11
Hyundai i20,Ahmedabad,2009.0,68000.0,Diesel,Manual,Second,23.0 kmpl,1396 CC,90 bhp,Black/Silver,5.0,4.0,,3.95
BMW 5,Pune,2015.0,64000.0,Diesel,Automatic,First,18.48 kmpl,1995 CC,177 bhp,Others,5.0,4.0,,28.0
Honda Brio,Bangalore,2012.0,60000.0,Petrol,Manual,First,19.4 kmpl,1198 CC,86.8 bhp,Others,5.0,4.0,,3.25
Mahindra XUV500,Jaipur,2014.0,70669.0,Diesel,Manual,First,15.1 kmpl,2179 CC,140 bhp,Others,7.0,5.0,,9.0
Hyundai Creta,Mumbai,2018.0,2500.0,Petrol,Manual,First,15.29 kmpl,1591 CC,121.3 bhp,White,5.0,4.0,,12.75
Maruti Wagon,Pune,2004.0,82000.0,Petrol,Manual,First,14.0 kmpl,1061 CC,64 bhp,Black/Silver,5.0,4.0,,0.85
Hyundai Creta,Jaipur,2015.0,65800.0,Diesel,Automatic,First,17.01 kmpl,1582 CC,126.2 bhp,White,5.0,4.0,,12.5
Toyota Innova,Mumbai,2014.0,35000.0,Diesel,Manual,First,12.99 kmpl,2494 CC,100.6 bhp,Others,7.0,4.0,,12.75
Hyundai i20,Jaipur,2013.0,59000.0,Petrol,Manual,Second,18.5 kmpl,1197 CC,80 bhp,White,5.0,4.0,,4.1
Toyota Innova,Pune,2016.0,50296.0,Diesel,Automatic,Second,11.36 kmpl,2755 CC,171.5 bhp,Black/Silver,7.0,4.0,27.07 Lakh,19.0
Mahindra Scorpio,Kochi,2017.0,28464.0,Diesel,Manual,First,15.4 kmpl,2179 CC,120 bhp,Black/Silver,7.0,5.0,,13.05
Honda City,Chennai,2013.0,83432.0,Petrol,Manual,First,17.0 kmpl,1497 CC,118 bhp,Black/Silver,5.0,4.0,,5.9
Honda Jazz,Mumbai,2016.0,48719.0,Diesel,Manual,First,27.3 kmpl,1498 CC,98.6 bhp,Others,5.0,4.0,,6.25
Audi A4,Mumbai,2013.0,45200.0,Diesel,Automatic,First,16.55 kmpl,1968 CC,147.51 bhp,Black/Silver,5.0,4.0,,13.5
Honda Civic,Ahmedabad,2009.0,70000.0,Petrol,Manual,First,13.5 kmpl,1799 CC,130 bhp,Others,5.0,4.0,,4.25
Chevrolet Beat,Kolkata,2010.0,30000.0,Petrol,Manual,First,18.6 kmpl,1199 CC,79.4 bhp,Others,5.0,4.0,,1.6
Maruti Ertiga,Chennai,2016.0,86000.0,Diesel,Manual,Second,25.47 kmpl,1248 CC,88.50 bhp,White,7.0,5.0,10.99 Lakh,8.2
Audi Q3,Bangalore,2015.0,51000.0,Diesel,Automatic,First,15.17 kmpl,1968 CC,181 bhp,Others,5.0,4.0,48.64 Lakh,27.5
Hyundai i10,Mumbai,2011.0,15590.0,Petrol,Manual,First,19.81 kmpl,1086 CC,68.05 bhp,Black/Silver,5.0,4.0,,2.25
Volkswagen Jetta,Kolkata,2013.0,58000.0,Diesel,Manual,First,19.33 kmpl,1968 CC,138.03 bhp,Others,5.0,4.0,,5.9
Mini Cooper,Chennai,2012.0,17000.0,Petrol,Automatic,Second,16.82 kmpl,1998 CC,189.08 bhp,Black/Silver,4.0,4.0,44.28 Lakh,22.0
Toyota Fortuner,Delhi,2014.0,79000.0,Diesel,Automatic,First,12.55 kmpl,2982 CC,168.5 bhp,White,7.0,5.0,,18.5
Hyundai i10,Ahmedabad,2013.0,49000.0,Petrol,Manual,First,19.81 kmpl,1086 CC,68.05 bhp,Others,5.0,4.0,,3.2
Hyundai Grand,Mumbai,2016.0,9000.0,Petrol,Automatic,First,18.9 kmpl,1197 CC,82 bhp,Black/Silver,5.0,4.0,,5.45
Maruti Swift,Jaipur,2012.0,72000.0,Diesel,Manual,First,19.3 kmpl,1248 CC,73.9 bhp,White,5.0,4.0,,4.25
Maruti SX4,Coimbatore,2016.0,63316.0,Diesel,Manual,First,22.7 kmpl,1598 CC,118 bhp,Others,5.0,4.0,,9.58
Maruti Ciaz,Kochi,2018.0,15982.0,Petrol,Manual,First,20.73 kmpl,1373 CC,91.1 bhp,Others,5.0,4.0,,9.96
Tata Indica,Mumbai,2006.0,133000.0,Diesel,Manual,Second,16.8 kmpl,1405 CC,68 bhp,Others,5.0,4.0,,0.86
Maruti Swift,Hyderabad,2011.0,130002.0,Diesel,Manual,First,19.3 kmpl,1248 CC,73.9 bhp,Black/Silver,5.0,4.0,,3.85
Maruti Vitara,Pune,2016.0,37208.0,Diesel,,,24.3 kmpl,1248 CC,88.5 bhp,White,5.0,4.0,9.93 Lakh,7.43
Ford Ecosport,Mumbai,2014.0,68000.0,Diesel,Manual,First,22.7 kmpl,1498 CC,89.84 bhp,Black/Silver,5.0,4.0,,6.75
Toyota Fortuner,Ahmedabad,2015.0,65012.0,Diesel,Manual,First,14.24 kmpl,2755 CC,174.5 bhp,White,7.0,5.0,32.45 Lakh,18.9
Hyundai i20,Pune,2017.0,10000.0,Petrol,Manual,First,18.6 kmpl,1197 CC,81.83 bhp,Black/Silver,5.0,4.0,,6.5
Maruti 800,Jaipur,2006.0,165000.0,Petrol,Manual,First,16.1 kmpl,796 CC,37 bhp,Others,4.0,4.0,,0.9
Hyundai i20,Jaipur,2018.0,5000.0,Petrol,Manual,First,18.6 kmpl,1197 CC,81.83 bhp,Black/Silver,5.0,4.0,,6.5
Honda City,Kolkata,2015.0,45000.0,Petrol,Automatic,First,16.8 kmpl,1497 CC,118 bhp,White,5.0,4.0,,5.25
Tata Indica,Pune,2014.0,180000.0,Diesel,Manual,First,22.3 kmpl,1248 CC,74 bhp,White,5.0,4.0,,2.5
Tata Nano,Chennai,2011.0,35000.0,Petrol,Manual,First,25.4 kmpl,624 CC,37.48 bhp,Black/Silver,4.0,4.0,,1.6
Chevrolet Beat,Kochi,2016.0,60813.0,Petrol,Manual,Second,18.6 kmpl,1199 CC,76.8 bhp,White,5.0,4.0,,3.32
Volkswagen Vento,Pune,2011.0,57328.0,Petrol,Manual,First,15.04 kmpl,1598 CC,103.6 bhp,Black/Silver,5.0,4.0,,3.39
Audi Q7,Coimbatore,2015.0,46983.0,Diesel,Automatic,Second,12.07 kmpl,2967 CC,241.4 bhp,Others,7.0,5.0,,43.35
Ford Freestyle,Jaipur,2018.0,1001.0,Petrol,Manual,First,19.0 kmpl,1194 CC,94.68 bhp,White,5.0,4.0,8.44 Lakh,7.23
Maruti Alto,Chennai,2011.0,75000.0,Petrol,Manual,First,19.7 kmpl,796 CC,46.3 bhp,Black/Silver,5.0,4.0,,2.1
Hyundai Verna,Hyderabad,2011.0,51500.0,Petrol,Manual,Second,16.2 kmpl,1599 CC,103.2 bhp,Black/Silver,5.0,4.0,,2.6
Hyundai Xcent,Mumbai,2014.0,64241.0,Petrol,Manual,First,20.14 kmpl,1197 CC,81.86 bhp,Others,5.0,4.0,8.27 Lakh,3.67
Chevrolet Beat,Jaipur,2010.0,26000.0,Petrol,Manual,First,18.6 kmpl,1199 CC,79.4 bhp,Black/Silver,5.0,4.0,,1.5
Honda Jazz,Hyderabad,2016.0,44345.0,Diesel,Manual,First,27.3 kmpl,1498 CC,98.6 bhp,White,5.0,4.0,,6.1
Honda Jazz,Hyderabad,2015.0,33000.0,Petrol,Automatic,First,19.0 kmpl,1199 CC,88.7 bhp,Black/Silver,5.0,4.0,10.17 Lakh,7.25
Toyota Corolla,Pune,2011.0,116000.0,Diesel,Manual,Second,21.43 kmpl,1364 CC,138 bhp,Black/Silver,5.0,4.0,,5.75
Honda CR-V,Jaipur,2008.0,100009.0,Petrol,Manual,Second,13.1 kmpl,1997 CC,141.1 bhp,Black/Silver,5.0,4.0,,6.5
Volkswagen Polo,Delhi,2013.0,75000.0,Petrol,Manual,First,16.47 kmpl,1198 CC,73.9 bhp,Black/Silver,5.0,4.0,,3.25
Toyota Innova,Mumbai,2006.0,127001.0,Diesel,Manual,First,12.8 kmpl,2494 CC,102 bhp,White,8.0,5.0,,4.95
Skoda Rapid,Kochi,2014.0,33855.0,Petrol,Manual,First,15.0 kmpl,1598 CC,103.6 bhp,Others,5.0,4.0,,5.09
Maruti A-Star,Pune,2010.0,67000.0,Petrol,Manual,First,19.0 kmpl,998 CC,66.1 bhp,White,5.0,4.0,,2.0
Hyundai Verna,Bangalore,2012.0,97000.0,Diesel,Automatic,Second,19.08 kmpl,1582 CC,126.32 bhp,White,5.0,4.0,,6.5
Maruti Ertiga,Ahmedabad,2013.0,67443.0,Diesel,Manual,First,20.77 kmpl,1248 CC,88.8 bhp,White,7.0,5.0,,5.75
Volvo XC60,Kochi,2014.0,86925.0,Diesel,Automatic,First,11.2 kmpl,2400 CC,215 bhp,Others,5.0,4.0,,17.18
Maruti SX4,Chennai,2010.0,87000.0,Petrol,Manual,First,15.6 kmpl,1586 CC,104.68 bhp,Black/Silver,5.0,4.0,,2.8
Toyota Etios,Kochi,2017.0,27100.0,Petrol,Manual,First,16.78 kmpl,1496 CC,88.73 bhp,Black/Silver,5.0,4.0,,6.37
Jaguar XJ,Mumbai,2017.0,10501.0,Petrol,Automatic,First,9.43 kmpl,1999 CC,237.4 bhp,White,5.0,4.0,,75.0
Hyundai Verna,Mumbai,2011.0,58000.0,Petrol,Manual,Second,17.01 kmpl,1591 CC,121.3 bhp,Black/Silver,5.0,4.0,,4.0
Honda City,Pune,2004.0,73500.0,Petrol,Manual,Second,13.0 kmpl,1343 CC,90 bhp,White,5.0,4.0,,1.3
Toyota Innova,Kochi,2018.0,41736.0,Diesel,Automatic,First,11.36 kmpl,2755 CC,171.5 bhp,Black/Silver,7.0,4.0,27 Lakh,19.92
Honda City,Mumbai,2011.0,84000.0,Petrol,Manual,First,16.8 kmpl,1497 CC,116.3 bhp,Others,5.0,4.0,,3.25
BMW 3,Bangalore,2014.0,47000.0,Diesel,Automatic,First,18.88 kmpl,1995 CC,184 bhp,White,5.0,4.0,,25.5
Hyundai Grand,Jaipur,2016.0,26946.0,Petrol,Manual,First,18.9 kmpl,1197 CC,82 bhp,White,5.0,4.0,,4.45
Maruti Eeco,Coimbatore,2016.0,42225.0,Petrol,Manual,First,15.1 kmpl,1196 CC,73 bhp,Black/Silver,7.0,5.0,4.98 Lakh,4.3
Jeep Compass,Mumbai,2017.0,4000.0,Petrol,Automatic,First,16.0 kmpl,1368 CC,160 bhp,White,5.0,4.0,23.68 Lakh,17.75
Mercedes-Benz A,Pune,2015.0,11000.0,Petrol,Automatic,First,15.5 kmpl,1595 CC,120.7 bhp,Black/Silver,5.0,4.0,,16.0
Maruti Alto,Pune,2012.0,38000.0,Petrol,Manual,First,19.7 kmpl,796 CC,46.3 bhp,Others,5.0,4.0,,2.25
Hyundai i10,Chennai,2012.0,49000.0,Petrol,Manual,First,20.36 kmpl,1197 CC,78.9 bhp,White,5.0,4.0,,3.0
Honda CR-V,Jaipur,2006.0,80000.0,Petrol,Automatic,Third,10.1 kmpl,2354 CC,152 bhp,Black/Silver,5.0,4.0,,2.0
Honda City,Coimbatore,2015.0,41950.0,Petrol,Automatic,First,18.0 kmpl,1497 CC,117.3 bhp,White,5.0,4.0,,9.6
Hyundai Elite,Kochi,2016.0,37540.0,Petrol,Manual,First,18.6 kmpl,1197 CC,81.86 bhp,Black/Silver,5.0,4.0,,6.22
Mahindra Scorpio,Chennai,2005.0,50000.0,Diesel,Manual,First,12.7 kmpl,2609 CC,116.6 bhp,White,8.0,5.0,,1.94
BMW 5,Hyderabad,2016.0,27000.0,Diesel,Automatic,First,18.59 kmpl,2993 CC,265 bhp,White,5.0,4.0,78.31 Lakh,48.0
Hyundai Verna,Kochi,2014.0,35642.0,Petrol,Automatic,First,17.01 kmpl,1591 CC,121.4 bhp,White,5.0,4.0,,6.69
Hyundai Elite,Kochi,2018.0,14223.0,Petrol,Manual,First,18.6 kmpl,1197 CC,81.86 bhp,Others,5.0,4.0,,7.32
Volkswagen Polo,Kochi,2015.0,26323.0,Petrol,Automatic,First,17.21 kmpl,1197 CC,103.5 bhp,Black/Silver,5.0,4.0,10.83 Lakh,7.4
Honda Jazz,Mumbai,2016.0,31378.0,Petrol,Manual,First,18.2 kmpl,1199 CC,88.7 bhp,White,5.0,4.0,8.71 Lakh,5.9
Mercedes-Benz GLA,Kochi,2018.0,17773.0,Petrol,Automatic,First,13.7 kmpl,1991 CC,183 bhp,White,5.0,4.0,39.22 Lakh,26.76
Toyota Qualis,Pune,2004.0,77757.0,Diesel,Manual,Second,13.1 kmpl,2446 CC,75 bhp,Black/Silver,10.0,5.0,,3.5
Skoda Octavia,Chennai,2006.0,72000.0,Diesel,Manual,Second,18.7 kmpl,1896 CC,66 bhp,Black/Silver,5.0,4.0,,3.2
Maruti Vitara,Kochi,2018.0,57078.0,Diesel,Manual,First,24.3 kmpl,1248 CC,88.5 bhp,White,5.0,4.0,11.58 Lakh,10.19
Volkswagen Polo,Mumbai,2017.0,27853.0,Petrol,Automatic,First,17.21 kmpl,1197 CC,103.5 bhp,Others,5.0,4.0,11.26 Lakh,8.25
Honda City,Kochi,2016.0,36367.0,Petrol,Manual,First,17.8 kmpl,1497 CC,117.3 bhp,White,5.0,4.0,,7.73
Ford Ecosport,Jaipur,2014.0,93321.0,Diesel,Manual,First,22.7 kmpl,1498 CC,89.84 bhp,Black/Silver,5.0,4.0,,6.25
BMW 3,Hyderabad,2010.0,73336.0,Diesel,Automatic,First,13.2 kmpl,1995 CC,170 bhp,White,5.0,4.0,,10.69
BMW 3,Hyderabad,2015.0,30000.0,Diesel,Automatic,First,18.88 kmpl,1995 CC,184 bhp,Others,5.0,4.0,,22.0
Maruti Swift,Coimbatore,2014.0,57676.0,Petrol,Manual,First,19.1 kmpl,1197 CC,85.8 bhp,White,5.0,4.0,,6.69
Toyota Fortuner,Delhi,2013.0,65000.0,Diesel,Automatic,First,12.55 kmpl,2982 CC,168.5 bhp,White,7.0,5.0,,16.5
Hyundai Santro,Kolkata,2007.0,46707.0,Petrol,Manual,First,17.0 kmpl,1086 CC,null bhp,Others,5.0,4.0,,0.99
Mahindra XUV500,Jaipur,2016.0,54000.0,Diesel,Automatic,First,16.0 kmpl,2179 CC,140 bhp,Others,7.0,5.0,,13.25
Mercedes-Benz New,Bangalore,2014.0,57000.0,Diesel,Manual,Second,15.8 kmpl,2148 CC,170 bhp,White,5.0,4.0,,18.0
Ford Fiesta,Ahmedabad,2013.0,96000.0,Diesel,Manual,Second,23.5 kmpl,1498 CC,90 bhp,White,5.0,4.0,,3.5
Toyota Innova,Kochi,2013.0,62162.0,Diesel,Manual,First,12.99 kmpl,2494 CC,100 bhp,Others,7.0,4.0,,8.31
Hyundai Accent,Jaipur,2010.0,52325.0,Petrol,Manual,First,16.36 kmpl,1495 CC,93.7 bhp,White,5.0,4.0,,2.0
Mahindra Ssangyong,Ahmedabad,2013.0,80000.0,Diesel,Automatic,Second,11.18 kmpl,2696 CC,184 bhp,Others,7.0,5.0,,9.5
Honda City,Kolkata,2009.0,42000.0,Petrol,Manual,First,17.0 kmpl,1497 CC,118 bhp,White,5.0,4.0,,2.3
Hyundai EON,Hyderabad,2011.0,68128.0,Petrol,Manual,First,21.1 kmpl,814 CC,55.2 bhp,White,5.0,4.0,,2.3
Land Rover Freelander,Hyderabad,2013.0,46000.0,Diesel,Automatic,Second,0.0 kmpl,2179 CC,115 bhp,Others,5.0,4.0,,26.0
Maruti Swift,Pune,2014.0,115000.0,Diesel,Manual,First,28.4 kmpl,1248 CC,74 bhp,Others,5.0,4.0,8.26 Lakh,4.5
Renault Duster,Coimbatore,2015.0,63591.0,Diesel,Manual,First,20.45 kmpl,1461 CC,83.8 bhp,White,5.0,4.0,,5.35
Honda WRV,,2018.0,37430.0,Petrol,Manual,First,17.5 kmpl,1199 CC,,Others,5.0,,10.57 Lakh,9.9
Maruti Swift,Ahmedabad,2015.0,36100.0,Petrol,Manual,First,20.4 kmpl,1197 CC,81.80 bhp,Black/Silver,5.0,4.0,,4.5
Maruti Ertiga,Pune,2012.0,63001.0,Diesel,Manual,Second,20.77 kmpl,1248 CC,88.76 bhp,White,7.0,5.0,,6.11
Audi A4,Hyderabad,2012.0,125000.0,Petrol,Automatic,First,10.5 kmpl,3197 CC,null bhp,White,2.0,2.0,,18.0
Mahindra KUV,Jaipur,2018.0,15900.0,Petrol,Manual,First,18.15 kmpl,1198 CC,82 bhp,Black/Silver,6.0,4.0,7.88 Lakh,6.25
Volkswagen Polo,Mumbai,2015.0,27000.0,Petrol,Manual,First,16.47 kmpl,1198 CC,74 bhp,Others,5.0,4.0,,4.35
Renault Koleos,Delhi,2013.0,65000.0,Diesel,Automatic,Second,13.73 kmpl,1995 CC,148 bhp,Black/Silver,5.0,4.0,,7.5
Hyundai i10,Pune,2014.0,90000.0,Petrol,Manual,Second,20.36 kmpl,1197 CC,78.9 bhp,White,5.0,4.0,,2.8
Mercedes-Benz S-Class,Mumbai,2006.0,30000.0,Petrol,Manual,First,13.0 kmpl,2987 CC,210 bhp,White,5.0,4.0,,10.75
Maruti Baleno,Chennai,2016.0,16000.0,Petrol,Manual,First,21.4 kmpl,1197 CC,83.1 bhp,Black/Silver,5.0,4.0,8.8 Lakh,6.95
Volkswagen Polo,Hyderabad,2019.0,1000.0,Petrol,Manual,First,18.78 kmpl,999 CC,75 bhp,Others,5.0,4.0,6.74 Lakh,5.68
Maruti Baleno,Mumbai,2016.0,12573.0,Petrol,Manual,First,21.4 kmpl,1197 CC,83.1 bhp,Black/Silver,5.0,4.0,7.36 Lakh,5.8
Honda City,Bangalore,2009.0,71400.0,Petrol,Manual,Third,17.0 kmpl,1497 CC,118 bhp,White,5.0,4.0,,3.8
Maruti Ritz,Mumbai,2014.0,33000.0,Petrol,Manual,First,21.1 kmpl,1197 CC,85.80 bhp,White,5.0,4.0,,3.25
Mercedes-Benz R-Class,Mumbai,2011.0,82000.0,Petrol,Automatic,Second,11.8 kmpl,3498 CC,272 bhp,Others,7.0,5.0,,16.85
Maruti Ignis,Coimbatore,2019.0,16862.0,Petrol,Manual,First,20.89 kmpl,1197 CC,81.80 bhp,Black/Silver,5.0,4.0,6.07 Lakh,6.06
Hyundai i10,Kolkata,2012.0,29000.0,Petrol,Manual,First,20.36 kmpl,1197 CC,78.9 bhp,Others,5.0,4.0,,2.35
Mahindra XUV500,Coimbatore,2014.0,86091.0,Diesel,Manual,First,15.1 kmpl,2179 CC,140 bhp,Black/Silver,7.0,5.0,,10.09
Hyundai Creta,Coimbatore,2017.0,38271.0,Petrol,Manual,First,15.29 kmpl,1591 CC,121.3 bhp,Black/Silver,5.0,4.0,,12.53
Hyundai i20,Mumbai,2017.0,14000.0,Petrol,Manual,First,18.6 kmpl,1197 CC,81.83 bhp,Others,5.0,4.0,,5.95
Nissan Terrano,Hyderabad,2013.0,63220.0,Petrol,Manual,First,13.24 kmpl,1598 CC,102.5 bhp,Others,5.0,4.0,,6.5
Audi A4,Coimbatore,2015.0,21979.0,Diesel,Automatic,First,17.11 kmpl,1968 CC,174.33 bhp,Black/Silver,5.0,4.0,,23.45
Toyota Innova,Jaipur,2015.0,75000.0,Diesel,Manual,First,12.99 kmpl,2494 CC,100.6 bhp,White,8.0,5.0,,11.75
Toyota Innova,Ahmedabad,2015.0,70000.0,Diesel,Manual,First,12.99 kmpl,2494 CC,100.6 bhp,Others,7.0,4.0,,12.0
Tata Tiago,Coimbatore,2019.0,20712.0,Petrol,Manual,First,23.84 kmpl,1199 CC,84 bhp,Black/Silver,5.0,4.0,6.59 Lakh,6.94
Honda Brio,Delhi,2013.0,33000.0,Petrol,Manual,First,19.4 kmpl,1198 CC,86.8 bhp,White,5.0,4.0,,3.24
Maruti Swift,Pune,2010.0,63600.0,Diesel,Manual,Second,17.8 kmpl,1248 CC,null bhp,White,5.0,4.0,,3.1
Honda City,Kolkata,2011.0,48466.0,Petrol,Manual,First,17.0 kmpl,1497 CC,118 bhp,White,5.0,4.0,,3.26
Honda Amaze,Chennai,2014.0,48000.0,Petrol,Manual,First,18.0 kmpl,1198 CC,86.7 bhp,Black/Silver,5.0,4.0,,4.75
Ford Figo,Jaipur,2014.0,59327.0,Diesel,Manual,First,20.0 kmpl,1399 CC,68 bhp,White,5.0,4.0,,3.25
BMW X6,Ahmedabad,2015.0,97003.0,Diesel,Automatic,First,15.87 kmpl,2993 CC,308.43 bhp,Others,5.0,4.0,,85.0
Ford Figo,Hyderabad,2010.0,51192.0,Petrol,Manual,First,15.6 kmpl,1196 CC,70 bhp,Others,5.0,4.0,,2.65
Skoda Fabia,Mumbai,2012.0,27014.0,Petrol,Manual,First,16.25 kmpl,1198 CC,75 bhp,White,5.0,4.0,,2.19
BMW X1,Mumbai,2016.0,31000.0,Diesel,Automatic,First,17.05 kmpl,1995 CC,190 bhp,White,5.0,4.0,50.97 Lakh,29.5
Volkswagen Polo,Kolkata,2014.0,22000.0,Petrol,Manual,First,16.47 kmpl,1198 CC,74 bhp,Others,5.0,4.0,,4.11
Maruti Baleno,Mumbai,2018.0,3000.0,Petrol,Automatic,First,21.4 kmpl,1197 CC,83.1 bhp,White,5.0,4.0,10.3 Lakh,8.85
Toyota Innova,Pune,2008.0,178280.0,Diesel,Manual,First,12.8 kmpl,2494 CC,102 bhp,Others,8.0,5.0,,5.9
BMW X5,Bangalore,2009.0,90000.0,Diesel,Automatic,First,11.0 kmpl,2993 CC,235 bhp,Black/Silver,5.0,4.0,,17.75
Honda City,Coimbatore,2012.0,26671.0,Petrol,Manual,Second,17.0 kmpl,1497 CC,118 bhp,Others,5.0,4.0,,5.67
Maruti Alto,Hyderabad,2012.0,46004.0,Petrol,Manual,First,20.92 kmpl,998 CC,67.1 bhp,Others,5.0,4.0,,2.4
Tata Indigo,Chennai,2016.0,78000.0,Diesel,Manual,Second,25.0 kmpl,1396 CC,69.01 bhp,White,5.0,4.0,,2.35
Toyota Corolla,Chennai,2004.0,105000.0,Petrol,Automatic,Second,11.3 kmpl,1794 CC,125 bhp,White,5.0,4.0,,2.5
Toyota Innova,Pune,2011.0,156347.0,Diesel,Manual,Second,12.99 kmpl,2494 CC,100 bhp,White,8.0,5.0,,8.0
Honda City,Kochi,2015.0,63818.0,Petrol,Manual,First,17.4 kmpl,1497 CC,117.3 bhp,White,5.0,4.0,,6.57
Hyundai i20,Hyderabad,2012.0,60788.0,Diesel,Manual,First,23.0 kmpl,1396 CC,90 bhp,Others,5.0,4.0,,4.5
Maruti Alto,Delhi,2015.0,61000.0,Petrol,Manual,First,22.74 kmpl,796 CC,47.3 bhp,Black/Silver,5.0,4.0,,2.15
Honda Mobilio,Mumbai,2015.0,25000.0,Petrol,Manual,Second,17.3 kmpl,1497 CC,117.3 bhp,Black/Silver,7.0,5.0,,4.25
Maruti Omni,Hyderabad,2012.0,71791.0,Petrol,Manual,First,14.0 kmpl,796 CC,35 bhp,Others,5.0,4.0,,2.05
Hyundai i10,Pune,2013.0,84000.0,Petrol,Manual,First,19.81 kmpl,1086 CC,68.05 bhp,Black/Silver,5.0,4.0,,2.95
Land Rover Freelander,Jaipur,2012.0,119203.0,Diesel,Automatic,First,0.0 kmpl,2179 CC,115 bhp,Others,5.0,4.0,,16.5
Skoda Rapid,Mumbai,2015.0,33000.0,Petrol,Manual,First,15.0 kmpl,1598 CC,103.52 bhp,Black/Silver,5.0,4.0,,5.6
Mercedes-Benz M-Class,Mumbai,2012.0,52000.0,Diesel,Automatic,First,15.26 kmpl,2143 CC,203.2 bhp,White,5.0,4.0,,29.95
Maruti Wagon,Jaipur,2010.0,70000.0,LPG,Manual,First,26.2 km/kg,998 CC,58.2 bhp,Black/Silver,5.0,4.0,,2.27
Honda City,Bangalore,2012.0,72000.0,Petrol,Manual,First,17.0 kmpl,1497 CC,118 bhp,Black/Silver,5.0,4.0,,5.75
Maruti Ritz,Hyderabad,2010.0,68000.0,Diesel,Manual,Second,21.1 kmpl,1248 CC,73.9 bhp,Black/Silver,5.0,4.0,,3.2
Ford Figo,Jaipur,2013.0,51000.0,Diesel,Manual,First,20.0 kmpl,1399 CC,68.1 bhp,White,5.0,4.0,,2.5
Hyundai i10,Coimbatore,2014.0,60138.0,Petrol,Manual,First,19.81 kmpl,1086 CC,68.05 bhp,White,5.0,4.0,,4.09
Maruti Swift,Delhi,2015.0,76128.0,Diesel,Manual,First,26.59 kmpl,1248 CC,74 bhp,Black/Silver,5.0,4.0,,5.5
Hyundai Santa,Bangalore,2012.0,43000.0,Diesel,Automatic,Second,11.72 kmpl,2199 CC,194.3 bhp,Black/Silver,7.0,5.0,,10.75
Skoda Octavia,Ahmedabad,2014.0,50000.0,Petrol,Automatic,First,14.7 kmpl,1798 CC,177.6 bhp,Others,5.0,4.0,,13.5
Honda City,Pune,2014.0,71000.0,Diesel,Manual,First,25.1 kmpl,1498 CC,98.6 bhp,White,5.0,4.0,,7.45
Maruti Alto,Jaipur,2017.0,18491.0,Petrol,Automatic,First,24.07 kmpl,998 CC,67.1 bhp,Others,5.0,4.0,,3.9
Mercedes-Benz S-Class,Bangalore,2011.0,47140.0,Diesel,Automatic,Second,13.5 kmpl,2925 CC,281.61 bhp,Black/Silver,5.0,4.0,1.71 Cr,30.0
Nissan Micra,Kolkata,2011.0,43000.0,Petrol,Manual,First,18.06 kmpl,1198 CC,75 bhp,White,5.0,4.0,,2.13
Honda City,Delhi,2011.0,60000.0,Petrol,Automatic,First,16.8 kmpl,1497 CC,118 bhp,Black/Silver,5.0,4.0,,4.45
Renault KWID,Jaipur,2016.0,4152.0,Petrol,Manual,First,25.17 kmpl,799 CC,53.3 bhp,White,5.0,4.0,,3.15
Tata Manza,Pune,2012.0,148000.0,Diesel,Manual,Second,21.12 kmpl,1248 CC,88.8 bhp,White,5.0,4.0,,2.9
BMW 3,Kolkata,2011.0,70000.0,Diesel,Automatic,First,22.69 kmpl,1995 CC,190 bhp,Others,5.0,4.0,43.81 Lakh,10.3
Maruti Ertiga,Mumbai,2018.0,18000.0,Petrol,Manual,First,16.02 kmpl,1373 CC,93.7 bhp,Others,7.0,5.0,,8.25
Hyundai Santro,Kolkata,2008.0,45500.0,Petrol,Manual,Second,0.0 kmpl,1086 CC,null bhp,Others,5.0,4.0,,1.17
Ford EcoSport,Mumbai,2017.0,22695.0,Petrol,Manual,First,18.88 kmpl,999 CC,123.24 bhp,White,5.0,4.0,,8.5
Maruti Alto,Kolkata,2016.0,24300.0,Petrol,Manual,First,22.74 kmpl,796 CC,47.3 bhp,Black/Silver,5.0,4.0,,2.44
Honda Amaze,Kochi,2014.0,66355.0,Petrol,Manual,First,18.0 kmpl,1198 CC,86.7 bhp,Black/Silver,5.0,4.0,,4.12
Chevrolet Beat,Chennai,2012.0,75300.0,Diesel,Manual,Second,25.44 kmpl,936 CC,57.6 bhp,Black/Silver,5.0,4.0,,2.25
Maruti Ciaz,Jaipur,2015.0,65218.0,Diesel,Manual,First,26.21 kmpl,1248 CC,88.5 bhp,Others,5.0,4.0,,7.4
Mercedes-Benz S,Mumbai,2006.0,103000.0,Petrol,Automatic,First,10.13 kmpl,3498 CC,364.9 bhp,Others,5.0,4.0,,8.85
Maruti S,Bangalore,2015.0,55392.0,Diesel,Manual,Second,23.65 kmpl,1248 CC,,Others,5.0,4.0,,8.25
Maruti Swift,Jaipur,2015.0,50000.0,Diesel,Manual,First,17.8 kmpl,1248 CC,75 bhp,Others,5.0,4.0,,5.7
Datsun redi-GO,Coimbatore,2017.0,27509.0,Petrol,Manual,First,22.7 kmpl,799 CC,53.64 bhp,Black/Silver,5.0,4.0,4.04 Lakh,3.31
Hyundai i20,Chennai,2017.0,12000.0,Diesel,Manual,First,22.54 kmpl,1396 CC,88.73 bhp,White,5.0,4.0,,7.3
Maruti Swift,Delhi,2013.0,40000.0,Petrol,Manual,First,17.5 kmpl,1298 CC,85.8 bhp,Black/Silver,5.0,4.0,,4.25
Tata Indigo,Chennai,2015.0,100073.0,Diesel,Manual,Second,25.0 kmpl,1396 CC,69.01 bhp,White,5.0,4.0,,2.0
Toyota Innova,Delhi,2014.0,77795.0,Diesel,Manual,First,12.99 kmpl,2494 CC,100.6 bhp,Others,8.0,5.0,,9.5
Maruti Swift,Ahmedabad,2012.0,65000.0,Diesel,Manual,First,22.9 kmpl,1248 CC,74 bhp,White,5.0,4.0,,3.9
Honda City,Pune,2013.0,100000.0,Petrol,Manual,First,16.8 kmpl,1497 CC,116.3 bhp,Others,5.0,4.0,,6.25
Tata Bolt,Hyderabad,2017.0,40000.0,Diesel,Manual,First,22.95 kmpl,1248 CC,74 bhp,Others,5.0,4.0,7.43 Lakh,5.25
Honda City,Coimbatore,2004.0,186679.0,Petrol,Manual,Second,13.0 kmpl,1493 CC,100 bhp,Black/Silver,5.0,4.0,,1.76
Ford Figo,Kolkata,2012.0,60000.0,Diesel,Manual,First,20.0 kmpl,1399 CC,68 bhp,Black/Silver,5.0,4.0,,2.1
Hyundai EON,Hyderabad,2017.0,31829.0,Petrol,Manual,First,21.1 kmpl,814 CC,55.2 bhp,Others,5.0,4.0,,3.65
Hyundai i20,Mumbai,2018.0,17000.0,Petrol,Manual,First,18.6 kmpl,1197 CC,81.83 bhp,Others,5.0,4.0,,6.5
Mahindra Jeep,Chennai,2002.0,75000.0,Diesel,Manual,First,0.0 kmpl,2112 CC,null bhp,Black/Silver,6.0,5.0,,1.7
Maruti Wagon,Kolkata,2017.0,17000.0,Petrol,Automatic,First,22.5 kmpl,998 CC,67 bhp,Others,5.0,4.0,5.8 Lakh,3.95
Maruti Swift,Delhi,2018.0,11500.0,Diesel,Automatic,First,28.4 kmpl,1248 CC,74 bhp,Black/Silver,5.0,4.0,,7.5
Mahindra Xylo,Coimbatore,2014.0,67771.0,Diesel,Manual,First,11.68 kmpl,2498 CC,112 bhp,Black/Silver,8.0,5.0,,7.06
Fiat Siena,Jaipur,2001.0,70000.0,Petrol,Manual,Third,0.0 kmpl,1242 CC,null bhp,White,5.0,4.0,,0.55
Mercedes-Benz GLE,Coimbatore,2018.0,40129.0,Diesel,Automatic,First,11.57 kmpl,2987 CC,254.79 bhp,Black/Silver,5.0,4.0,95.13 Lakh,70.8
Volkswagen Polo,Hyderabad,2015.0,75600.0,Diesel,Manual,First,20.14 kmpl,1498 CC,88.8 bhp,Black/Silver,5.0,4.0,,5.8
Hyundai Getz,Coimbatore,2007.0,66800.0,Petrol,,,15.3 kmpl,1341 CC,83 bhp,Others,5.0,4.0,,2.2
Renault Scala,Hyderabad,2013.0,130000.0,Diesel,Manual,First,21.64 kmpl,1461 CC,84.8 bhp,White,5.0,4.0,,4.75
Ford Classic,Chennai,2014.0,83500.0,Diesel,Manual,Second,19.68 kmpl,1399 CC,67 bhp,White,5.0,4.0,,3.0
Maruti Celerio,Pune,2016.0,38009.0,Petrol,Automatic,First,23.1 kmpl,998 CC,67.04 bhp,Others,5.0,4.0,,4.25
Renault KWID,Hyderabad,2016.0,48000.0,Petrol,Manual,First,25.17 kmpl,799 CC,53.3 bhp,Others,5.0,4.0,,3.4
Toyota Fortuner,Jaipur,2015.0,59000.0,Diesel,Manual,First,13.0 kmpl,2982 CC,168.5 bhp,Others,7.0,5.0,,23.0
Maruti Swift,Pune,2007.0,121000.0,Diesel,Manual,Second,17.8 kmpl,1248 CC,null bhp,White,5.0,4.0,,2.35
Hyundai i10,Jaipur,2015.0,43571.0,Petrol,Manual,First,20.36 kmpl,1197 CC,78.9 bhp,Others,5.0,4.0,,3.55
Mercedes-Benz GLA,Kochi,2017.0,72524.0,Diesel,Automatic,Second,17.9 kmpl,2143 CC,136 bhp,White,5.0,4.0,,18.06
Jaguar XF,Coimbatore,2016.0,47877.0,Diesel,Automatic,First,16.36 kmpl,2179 CC,187.7 bhp,White,5.0,4.0,,35.68
Volkswagen Vento,Kochi,2012.0,60818.0,Petrol,Manual,First,16.09 kmpl,1598 CC,103.5 bhp,Others,5.0,4.0,11.05 Lakh,3.59
Audi A4,Kochi,2015.0,13506.0,Diesel,Automatic,First,18.25 kmpl,1968 CC,187.74 bhp,Others,5.0,4.0,50.4 Lakh,21.66
Maruti Zen,Kolkata,2009.0,37000.0,Petrol,Manual,First,17.3 kmpl,993 CC,60 bhp,White,5.0,4.0,,1.0
Mercedes-Benz E-Class,Coimbatore,2016.0,43252.0,Diesel,Automatic,First,13.0 kmpl,2143 CC,204 bhp,Others,5.0,4.0,,34.18
Hyundai Creta,Bangalore,2015.0,29000.0,Diesel,Manual,First,19.67 kmpl,1582 CC,126.2 bhp,White,5.0,4.0,,13.0
Hyundai Verna,Pune,2010.0,51000.0,Petrol,Manual,First,16.2 kmpl,1599 CC,103.2 bhp,Black/Silver,5.0,4.0,,3.1
Maruti Swift,Hyderabad,2014.0,61922.0,Petrol,Manual,First,20.4 kmpl,1197 CC,81.80 bhp,Black/Silver,5.0,4.0,,5.3
Chevrolet Aveo,Kolkata,2007.0,42000.0,Petrol,Manual,First,14.49 kmpl,1399 CC,92.7 bhp,Black/Silver,5.0,4.0,,0.75
Maruti Swift,Ahmedabad,2017.0,26000.0,Diesel,Manual,First,26.59 kmpl,1248 CC,74 bhp,Others,5.0,4.0,,7.5
Ford Ecosport,Kochi,2016.0,31826.0,Diesel,Manual,First,22.7 kmpl,1498 CC,89.84 bhp,Black/Silver,5.0,4.0,,8.24
Hyundai Creta,Kochi,2018.0,41641.0,Diesel,Manual,First,21.38 kmpl,1396 CC,88.7 bhp,Black/Silver,5.0,4.0,,10.82
Ford Figo,Chennai,2011.0,56500.0,Diesel,Manual,First,20.0 kmpl,1399 CC,68 bhp,Others,5.0,4.0,,2.9
Volkswagen Jetta,Mumbai,2012.0,78000.0,Diesel,Manual,First,19.33 kmpl,1968 CC,138.1 bhp,White,5.0,4.0,,6.5
Maruti Alto,Hyderabad,2011.0,28619.0,Petrol,Manual,First,19.7 kmpl,796 CC,46.3 bhp,White,5.0,4.0,,2.4
Hyundai i20,Chennai,2009.0,69000.0,Petrol,Manual,Second,18.5 kmpl,1197 CC,80 bhp,White,5.0,4.0,,2.4
Mercedes-Benz E-Class,Delhi,2011.0,70000.0,Diesel,Automatic,First,14.21 kmpl,2143 CC,203 bhp,Others,5.0,4.0,,13.0
Maruti Celerio,Bangalore,2014.0,49800.0,Petrol,Automatic,First,23.1 kmpl,998 CC,67.04 bhp,White,5.0,4.0,,4.0
Renault KWID,Jaipur,2016.0,12500.0,Petrol,Manual,First,25.17 kmpl,799 CC,53.3 bhp,White,5.0,4.0,,2.75
Ford Figo,Hyderabad,2010.0,108882.0,Diesel,Manual,Second,20.0 kmpl,1399 CC,68 bhp,White,5.0,4.0,,2.4
Honda City,Hyderabad,2014.0,75578.0,Diesel,Manual,First,25.1 kmpl,1498 CC,98.6 bhp,Black/Silver,5.0,4.0,,7.0
Audi Q5,Hyderabad,2014.0,50000.0,Diesel,Automatic,First,14.16 kmpl,1968 CC,174.3 bhp,Others,5.0,4.0,,35.0
Honda CR-V,Jaipur,2007.0,119000.0,Petrol,Manual,Third,13.1 kmpl,1997 CC,141.1 bhp,Black/Silver,5.0,4.0,,3.91
Hyundai i10,Mumbai,2011.0,54000.0,Petrol,Automatic,First,19.2 kmpl,1197 CC,80 bhp,Black/Silver,5.0,4.0,,2.9
Hyundai Creta,Coimbatore,2019.0,54321.0,Diesel,Manual,First,19.67 kmpl,1582 CC,126.2 bhp,Black/Silver,5.0,4.0,,13.54
Mahindra Scorpio,Delhi,2015.0,61000.0,Diesel,Manual,First,15.4 kmpl,2179 CC,120 bhp,Others,8.0,5.0,,9.5
Maruti Wagon,Pune,2010.0,91000.0,Petrol,Manual,First,18.9 kmpl,998 CC,67.1 bhp,White,5.0,4.0,,2.3
Hyundai Santro,Pune,2012.0,79000.0,Petrol,Manual,Second,17.92 kmpl,1086 CC,62.1 bhp,White,5.0,4.0,,1.6
Hyundai i20,Mumbai,2017.0,3900.0,Petrol,Manual,First,18.6 kmpl,1197 CC,81.83 bhp,Others,5.0,4.0,,6.45
Mahindra Verito,Hyderabad,2013.0,107000.0,Diesel,Manual,First,21.03 kmpl,1461 CC,65 bhp,Others,5.0,4.0,9.12 Lakh,3.7
Honda Accord,Mumbai,2007.0,86000.0,Petrol,Manual,Third,11.9 kmpl,2354 CC,144 bhp,Others,5.0,4.0,,1.85
Mahindra XUV500,Mumbai,2012.0,37000.0,Diesel,Manual,First,16.0 kmpl,2179 CC,140 bhp,White,7.0,5.0,,7.75
Toyota Fortuner,Kochi,2019.0,21719.0,Diesel,Automatic,First,12.9 kmpl,2755 CC,174.5 bhp,White,7.0,5.0,37.38 Lakh,33.13
Maruti Baleno,Chennai,2017.0,46663.0,Petrol,Manual,First,21.1 kmpl,998 CC,100 bhp,Others,5.0,4.0,,6.95
Audi Q3,Bangalore,2014.0,65630.0,Diesel,Automatic,First,15.73 kmpl,1968 CC,174.33 bhp,Others,5.0,4.0,,21.75
Honda Brio,Bangalore,2014.0,43521.0,Petrol,Manual,First,19.4 kmpl,1198 CC,86.8 bhp,Black/Silver,5.0,4.0,,4.25
Hyundai Verna,Kolkata,2011.0,36226.0,Petrol,Manual,First,17.01 kmpl,1591 CC,121.3 bhp,Black/Silver,5.0,4.0,,2.95
Renault Duster,Bangalore,2014.0,70000.0,Diesel,Manual,First,19.6 kmpl,1461 CC,108.45 bhp,White,5.0,4.0,15.01 Lakh,8.25
Toyota Etios,Coimbatore,2013.0,27075.0,Petrol,Manual,First,17.6 kmpl,1496 CC,88.73 bhp,Others,5.0,4.0,,4.95
Hyundai i10,Coimbatore,2013.0,64466.0,Petrol,Manual,First,19.81 kmpl,1086 CC,68.05 bhp,Black/Silver,5.0,4.0,,3.96
Audi A4,Coimbatore,2015.0,44811.0,Diesel,Automatic,First,17.11 kmpl,1968 CC,174.33 bhp,White,5.0,4.0,,25.81
Toyota Innova,Bangalore,2007.0,127079.0,Diesel,Manual,First,12.8 kmpl,2494 CC,102 bhp,Black/Silver,7.0,4.0,,6.99
BMW X1,Ahmedabad,2014.0,82002.0,Diesel,Automatic,First,17.05 kmpl,1995 CC,184 bhp,Others,5.0,4.0,,18.5
Maruti SX4,Hyderabad,2016.0,82497.0,Diesel,Manual,First,23.65 kmpl,1248 CC,88.5 bhp,Others,5.0,4.0,,8.99
Mahindra XUV500,Delhi,2017.0,13363.0,Diesel,Manual,First,16.0 kmpl,1997 CC,140 bhp,White,7.0,5.0,,12.0
Skoda Rapid,Pune,2013.0,64186.0,Diesel,Manual,First,20.5 kmpl,1598 CC,103.5 bhp,White,5.0,4.0,,3.76
Maruti Ertiga,Chennai,2015.0,40000.0,Diesel,Manual,First,20.77 kmpl,1248 CC,88.8 bhp,Black/Silver,7.0,5.0,,8.25
Skoda Rapid,Mumbai,2015.0,54000.0,Petrol,Automatic,First,14.3 kmpl,1598 CC,103.52 bhp,Others,5.0,4.0,,6.11
Honda City,Pune,2012.0,66000.0,Petrol,Manual,Second,17.0 kmpl,1497 CC,118 bhp,Black/Silver,5.0,4.0,,4.45
Volkswagen Vento,Chennai,2011.0,41000.0,Diesel,Manual,First,20.54 kmpl,1598 CC,103.6 bhp,Others,5.0,4.0,,4.0
Toyota Fortuner,Bangalore,2015.0,150386.0,Diesel,Manual,First,14.24 kmpl,2755 CC,174.5 bhp,Others,7.0,5.0,39.6 Lakh,23.0
Hyundai i20,Ahmedabad,2010.0,65000.0,Petrol,Manual,First,18.5 kmpl,1197 CC,80 bhp,Others,5.0,4.0,,3.0
Hyundai i10,Kolkata,2012.0,58235.0,Petrol,Manual,First,20.36 kmpl,1197 CC,78.9 bhp,Others,5.0,4.0,,2.45
Maruti Ciaz,Coimbatore,2016.0,54268.0,Diesel,Manual,First,28.09 kmpl,1248 CC,88.5 bhp,Others,5.0,4.0,,7.67
Datsun redi-GO,Kochi,2018.0,30953.0,Petrol,Manual,First,22.7 kmpl,799 CC,53.64 bhp,Black/Silver,5.0,4.0,4.05 Lakh,3.48
Maruti Swift,Pune,2013.0,88000.0,Diesel,Manual,First,23.4 kmpl,1248 CC,74 bhp,Others,5.0,4.0,,4.75
Renault Duster,Ahmedabad,2013.0,58000.0,Diesel,Manual,Second,19.01 kmpl,1461 CC,108.45 bhp,White,5.0,4.0,,5.2
Hyundai EON,Chennai,2012.0,45000.0,Petrol,Manual,First,21.1 kmpl,814 CC,55.2 bhp,White,5.0,4.0,,2.5
Mercedes-Benz E-Class,Kolkata,2014.0,34233.0,Diesel,Automatic,First,14.21 kmpl,2143 CC,203 bhp,Others,5.0,4.0,,22.5
Hyundai i20,Bangalore,2017.0,43000.0,Diesel,Manual,Second,22.54 kmpl,1396 CC,88.73 bhp,Others,5.0,4.0,,8.2
Renault Duster,Hyderabad,2015.0,63000.0,Diesel,Manual,Second,19.72 kmpl,1461 CC,108.45 bhp,Others,5.0,4.0,,8.2
Maruti Swift,Delhi,2013.0,72486.0,Diesel,Manual,First,23.4 kmpl,1248 CC,74 bhp,Black/Silver,5.0,4.0,,3.95
Ford Figo,Mumbai,2014.0,54000.0,Diesel,Manual,First,20.0 kmpl,1399 CC,68.05 bhp,White,5.0,4.0,,3.25
Volkswagen Polo,Mumbai,2011.0,46759.0,Petrol,Manual,First,16.47 kmpl,1198 CC,74 bhp,White,5.0,4.0,,2.55
Audi A6,Chennai,2015.0,20000.0,Diesel,Automatic,First,18.53 kmpl,1968 CC,187.74 bhp,Others,5.0,4.0,67.67 Lakh,35.5
Volkswagen Ameo,Jaipur,2016.0,58095.0,Diesel,Manual,First,21.66 kmpl,1498 CC,108.62 bhp,Black/Silver,5.0,4.0,9.19 Lakh,5.8
Maruti Wagon,Kolkata,2011.0,37000.0,Petrol,Manual,Second,18.9 kmpl,998 CC,67.1 bhp,White,5.0,4.0,,2.1
Mahindra XUV500,Kolkata,2013.0,55886.0,Diesel,Manual,First,16.0 kmpl,2179 CC,140 bhp,Black/Silver,7.0,5.0,,7.25
Maruti Ertiga,Jaipur,2014.0,98000.0,Petrol,Manual,First,16.02 kmpl,1373 CC,93.7 bhp,Others,7.0,5.0,,5.5
Ford Ecosport,Mumbai,2013.0,38000.0,Petrol,Automatic,First,16.5 kmpl,1499 CC,110 bhp,Black/Silver,5.0,4.0,,6.25
BMW 3,Bangalore,2009.0,70521.0,Petrol,Automatic,Second,10.9 kmpl,2497 CC,215 bhp,Black/Silver,5.0,4.0,,10.3
Hyundai i20,Coimbatore,2015.0,29634.0,Petrol,Manual,Second,17.0 kmpl,1197 CC,80 bhp,Black/Silver,5.0,4.0,,6.0
Maruti Ertiga,Ahmedabad,2012.0,28002.0,Petrol,Manual,First,16.02 kmpl,1373 CC,93.7 bhp,Others,7.0,5.0,,5.75
BMW 3,Hyderabad,2015.0,10000.0,Diesel,Automatic,First,18.88 kmpl,1995 CC,184 bhp,Black/Silver,5.0,4.0,,30.0
Maruti Wagon,Hyderabad,2012.0,72389.0,LPG,Manual,First,26.2 km/kg,998 CC,58.2 bhp,Others,5.0,4.0,,3.2
Honda City,Ahmedabad,2018.0,14000.0,Petrol,Manual,First,17.4 kmpl,1497 CC,117.3 bhp,Black/Silver,5.0,4.0,,11.25
Hyundai Xcent,Pune,2015.0,58000.0,Diesel,Manual,First,24.4 kmpl,1120 CC,71 bhp,Others,5.0,4.0,,5.5
Hyundai i10,Coimbatore,2012.0,43766.0,Petrol,Manual,First,20.36 kmpl,1197 CC,78.9 bhp,White,5.0,4.0,,4.3
Maruti Wagon,Mumbai,2018.0,1997.0,Petrol,Automatic,First,22.5 kmpl,998 CC,67 bhp,White,5.0,4.0,6.14 Lakh,4.45
BMW 5,Delhi,2013.0,65000.0,Diesel,Automatic,First,22.48 kmpl,1995 CC,190 bhp,Others,5.0,4.0,67.87 Lakh,21.26
Mahindra Scorpio,Pune,2017.0,66988.0,Diesel,Automatic,First,15.4 kmpl,2179 CC,120 bhp,Others,7.0,5.0,,10.0
Honda City,Jaipur,2009.0,89000.0,Petrol,Automatic,First,17.0 kmpl,1497 CC,118 bhp,White,5.0,4.0,,3.71
Honda City,Mumbai,2014.0,57004.0,Petrol,Manual,First,17.4 kmpl,1497 CC,117.3 bhp,Black/Silver,5.0,4.0,,5.35
Jaguar XF,Hyderabad,2011.0,78000.0,Diesel,Automatic,Second,14.74 kmpl,2993 CC,270.9 bhp,Others,5.0,4.0,,24.0
Maruti Alto,Pune,2015.0,59525.0,CNG,Manual,Second,32.26 km/kg,998 CC,58.2 bhp,White,4.0,4.0,,3.1
Ford Figo,Hyderabad,2016.0,71000.0,Diesel,Manual,First,25.83 kmpl,1498 CC,99 bhp,Black/Silver,5.0,4.0,,5.1
Jaguar XF,Bangalore,2011.0,65000.0,Diesel,Automatic,First,14.74 kmpl,2993 CC,270.9 bhp,White,5.0,4.0,,16.0
Hyundai EON,Jaipur,2016.0,27886.0,Petrol,Manual,First,22.0 kmpl,814 CC,55 bhp,Others,5.0,4.0,,2.85
Nissan Sunny,Pune,2013.0,8000.0,Petrol,Manual,First,16.95 kmpl,1498 CC,97.7 bhp,Black/Silver,5.0,4.0,,3.75
Mitsubishi Pajero,Hyderabad,2018.0,12000.0,Diesel,Automatic,First,13.5 kmpl,2477 CC,175.56 bhp,Others,7.0,5.0,33.91 Lakh,28.0
Maruti Swift,Kolkata,2014.0,32000.0,Diesel,Manual,First,23.4 kmpl,1248 CC,74 bhp,Black/Silver,5.0,4.0,,4.35
Fiat Grande,Pune,2014.0,74500.0,Diesel,Manual,First,21.2 kmpl,1248 CC,75 bhp,Black/Silver,5.0,4.0,,3.3
Volkswagen Vento,Hyderabad,2011.0,108626.0,Diesel,Manual,First,20.54 kmpl,1598 CC,103.6 bhp,Others,5.0,4.0,,3.65
Audi Q3,Bangalore,2015.0,38000.0,Diesel,Automatic,First,15.73 kmpl,1968 CC,174.33 bhp,Black/Silver,5.0,4.0,,29.0
Hyundai Santro,Chennai,2010.0,115000.0,Petrol,Manual,Second,17.92 kmpl,1086 CC,62.1 bhp,White,5.0,4.0,,1.5
Honda City,Pune,2017.0,42000.0,Diesel,Manual,First,25.6 kmpl,1498 CC,98.6 bhp,Others,5.0,4.0,16.84 Lakh,12.0
Hyundai Accent,Delhi,2012.0,56000.0,Petrol,Manual,First,13.2 kmpl,1495 CC,94 bhp,White,5.0,4.0,,2.45
Honda Civic,Hyderabad,2011.0,55000.0,Petrol,Manual,First,14.8 kmpl,1799 CC,130.2 bhp,Black/Silver,5.0,4.0,,5.0
Maruti Vitara,Kochi,2018.0,32539.0,Diesel,Manual,First,24.3 kmpl,1248 CC,88.5 bhp,White,5.0,4.0,8.63 Lakh,8.39
Maruti Alto,Ahmedabad,2007.0,72000.0,Petrol,Manual,Second,19.7 kmpl,796 CC,46.3 bhp,Others,5.0,4.0,,1.2
Chevrolet Sail,Mumbai,2014.0,10000.0,Petrol,Manual,First,18.2 kmpl,1199 CC,82.4 bhp,Black/Silver,5.0,4.0,,5.5
Ford Figo,Pune,2016.0,54000.0,Petrol,Manual,First,18.16 kmpl,1196 CC,86.8 bhp,White,5.0,4.0,,5.0
Mitsubishi Pajero,Coimbatore,2015.0,53497.0,Diesel,Manual,First,13.5 kmpl,2477 CC,175.56 bhp,White,7.0,5.0,34.6 Lakh,16.42
Hyundai i10,Kochi,2016.0,21456.0,Petrol,Manual,First,20.36 kmpl,1197 CC,78.9 bhp,White,5.0,4.0,,4.55
Honda City,Kolkata,2015.0,32000.0,Petrol,Manual,First,17.8 kmpl,1497 CC,117.3 bhp,White,5.0,4.0,,5.5
Maruti Alto,Kochi,2015.0,37929.0,Petrol,Manual,First,24.07 kmpl,998 CC,67.1 bhp,Black/Silver,5.0,4.0,4.09 Lakh,3.69
Maruti Ritz,Hyderabad,2014.0,32500.0,Petrol,Manual,Second,21.1 kmpl,1197 CC,85.80 bhp,Others,5.0,4.0,,4.05
BMW 5,Coimbatore,2016.0,63111.0,Diesel,Automatic,Second,18.12 kmpl,1995 CC,190 bhp,White,5.0,4.0,,30.8
Hyundai Santro,Hyderabad,2008.0,80931.0,Petrol,Manual,First,17.92 kmpl,1086 CC,62.1 bhp,White,5.0,4.0,,2.3
Mercedes-Benz E-Class,Mumbai,2013.0,50319.0,Petrol,Automatic,First,12.0 kmpl,1991 CC,181.03 bhp,Others,5.0,4.0,,21.95
Skoda Rapid,Delhi,2012.0,62000.0,Diesel,Manual,Second,20.5 kmpl,1598 CC,103.5 bhp,Black/Silver,5.0,4.0,,3.0
Porsche Panamera,Hyderabad,2013.0,40000.0,Diesel,,,17.85 kmpl,2967 CC,300 bhp,Black/Silver,4.0,4.0,,45.0
Chevrolet Beat,Kolkata,2015.0,120000.0,Petrol,Manual,First,18.6 kmpl,1199 CC,76.8 bhp,Black/Silver,5.0,4.0,,2.5
Hyundai i10,Jaipur,2013.0,46230.0,Petrol,Manual,First,19.81 kmpl,1086 CC,68.05 bhp,Others,5.0,4.0,,3.1
Mercedes-Benz E-Class,Chennai,2017.0,34000.0,Diesel,Automatic,First,13.0 kmpl,2143 CC,204 bhp,Others,5.0,4.0,,36.0
Maruti Zen,Hyderabad,2012.0,59293.0,Petrol,Manual,First,18.2 kmpl,998 CC,67.1 bhp,Black/Silver,5.0,4.0,,2.7
Hyundai Creta,Pune,2017.0,38767.0,Diesel,Manual,First,19.67 kmpl,1582 CC,126.2 bhp,Black/Silver,5.0,4.0,,12.6
Ford Figo,Kochi,2017.0,23977.0,Petrol,Manual,First,18.16 kmpl,1196 CC,86.8 bhp,Others,5.0,4.0,,5.38
Maruti Baleno,Pune,2017.0,33000.0,Petrol,Automatic,First,21.4 kmpl,1197 CC,83.1 bhp,Black/Silver,5.0,4.0,,7.25
Hyundai i10,Kolkata,2011.0,43000.0,Petrol,Manual,First,20.36 kmpl,1197 CC,78.9 bhp,Others,5.0,4.0,,2.49
Maruti Alto,Pune,2013.0,30000.0,Petrol,Manual,First,22.74 kmpl,796 CC,47.3 bhp,Black/Silver,5.0,4.0,,2.5
Mahindra Xylo,Chennai,2016.0,85000.0,Diesel,Manual,First,14.95 kmpl,2489 CC,93.7 bhp,Others,7.0,5.0,11.67 Lakh,6.15
Audi Q3,Pune,2015.0,110000.0,Diesel,Automatic,First,15.73 kmpl,1968 CC,174.33 bhp,Black/Silver,5.0,4.0,,19.0
Audi A4,Bangalore,2013.0,76000.0,Diesel,Automatic,Second,16.55 kmpl,1968 CC,147.51 bhp,Others,5.0,4.0,,18.25
Audi Q7,Coimbatore,2014.0,102865.0,Diesel,Automatic,First,12.07 kmpl,2967 CC,241.4 bhp,White,7.0,5.0,,30.5
Maruti Swift,Hyderabad,2016.0,64000.0,Diesel,Manual,First,17.8 kmpl,1248 CC,null bhp,White,5.0,4.0,,5.99
Audi A4,Hyderabad,2015.0,30000.0,Diesel,Automatic,First,17.11 kmpl,1968 CC,174.33 bhp,White,5.0,4.0,,27.0
Honda WR-V,Kochi,2019.0,13913.0,Petrol,Manual,First,17.5 kmpl,1199 CC,88.7 bhp,White,5.0,4.0,9.36 Lakh,8.2
Hyundai i20,Kochi,2015.0,56847.0,Diesel,Manual,First,22.54 kmpl,1396 CC,88.73 bhp,White,5.0,4.0,,7.2
Maruti Wagon,Kochi,2015.0,49818.0,Petrol,Manual,First,21.5 kmpl,1197 CC,81.80 bhp,Black/Silver,5.0,4.0,5.44 Lakh,4.11
Hyundai Creta,Coimbatore,2018.0,23875.0,Petrol,Automatic,First,13.0 kmpl,1591 CC,121.3 bhp,Others,5.0,4.0,,14.36
Nissan Terrano,Mumbai,2014.0,40000.0,Petrol,Manual,First,13.24 kmpl,1598 CC,102.5 bhp,Others,5.0,4.0,,5.25
Maruti Celerio,Kochi,2018.0,12278.0,Petrol,Automatic,First,23.1 kmpl,998 CC,67.04 bhp,Others,5.0,4.0,5.95 Lakh,5.63
Maruti Alto,Jaipur,2009.0,63000.0,Petrol,Manual,First,19.7 kmpl,796 CC,46.3 bhp,Others,5.0,4.0,,1.5
Hyundai Creta,Mumbai,2017.0,35000.0,Diesel,Manual,First,21.38 kmpl,1396 CC,88.7 bhp,White,5.0,4.0,,9.9
Honda City,Ahmedabad,2011.0,46000.0,Petrol,Manual,First,16.8 kmpl,1497 CC,116.3 bhp,Black/Silver,5.0,4.0,,4.15
Maruti Esteem,Delhi,2005.0,69496.0,Petrol,Manual,First,15.9 kmpl,1298 CC,null bhp,White,5.0,4.0,,1.1
Honda City,Delhi,2010.0,65100.0,Petrol,Manual,First,17.0 kmpl,1497 CC,118 bhp,White,5.0,4.0,,3.15
Mahindra NuvoSport,Chennai,2017.0,29000.0,Diesel,Manual,Second,17.45 kmpl,1493 CC,100 bhp,Others,7.0,5.0,10.52 Lakh,6.5
Honda City,Delhi,2016.0,17000.0,Petrol,Manual,Second,17.8 kmpl,1497 CC,117.3 bhp,Black/Silver,5.0,4.0,,8.25
Maruti Swift,Hyderabad,2015.0,58000.0,Diesel,Manual,First,25.2 kmpl,1248 CC,74 bhp,Black/Silver,5.0,4.0,,5.95
Mahindra XUV500,Delhi,2014.0,74345.0,Diesel,Manual,First,15.1 kmpl,2179 CC,140 bhp,White,7.0,5.0,,8.0
Toyota Innova,Coimbatore,2015.0,121374.0,Diesel,Manual,First,12.99 kmpl,2494 CC,100.6 bhp,White,7.0,4.0,,14.3
Skoda Rapid,Hyderabad,2013.0,93000.0,Diesel,Manual,First,20.5 kmpl,1598 CC,103.5 bhp,Others,5.0,4.0,,5.0
Hyundai Verna,Jaipur,2012.0,72000.0,Diesel,Manual,Second,22.32 kmpl,1582 CC,126.32 bhp,Black/Silver,5.0,4.0,,5.8
Hyundai i20,Ahmedabad,2010.0,62000.0,Diesel,Manual,First,23.0 kmpl,1396 CC,90 bhp,White,5.0,4.0,,2.7
Mahindra XUV500,Coimbatore,2013.0,130790.0,Diesel,Manual,First,16.0 kmpl,2179 CC,140 bhp,Others,7.0,5.0,,9.24
Ford Ikon,Pune,2006.0,85000.0,Petrol,Manual,Second,13.8 kmpl,1299 CC,70 bhp,White,5.0,4.0,,0.69
BMW X3,Bangalore,2016.0,49000.0,Diesel,Automatic,First,16.55 kmpl,2993 CC,258 bhp,Black/Silver,5.0,4.0,,45.0
BMW 3,Delhi,2011.0,64000.0,Diesel,Automatic,First,16.07 kmpl,1995 CC,181 bhp,White,5.0,4.0,,10.5
Volkswagen Vento,Mumbai,2017.0,15000.0,Petrol,Manual,Second,16.09 kmpl,1598 CC,103.5 bhp,Others,5.0,4.0,11.48 Lakh,7.1
Hyundai EON,Kochi,2016.0,36700.0,Petrol,Manual,First,21.1 kmpl,814 CC,55.2 bhp,Others,5.0,4.0,,4.38
BMW 3,Coimbatore,2009.0,103905.0,Diesel,Automatic,First,22.69 kmpl,1995 CC,190 bhp,Others,5.0,4.0,43.31 Lakh,9.92
Nissan Terrano,Mumbai,2015.0,54000.0,Diesel,Manual,Second,19.01 kmpl,1461 CC,108.5 bhp,Others,5.0,4.0,,5.75
BMW 3,Hyderabad,2009.0,58000.0,Diesel,Automatic,First,16.07 kmpl,1995 CC,181 bhp,White,5.0,4.0,,13.5
Maruti Alto,Chennai,2011.0,28300.0,Petrol,Manual,First,24.07 kmpl,998 CC,67.1 bhp,Others,5.0,4.0,4.5 Lakh,2.15
Hyundai i20,Coimbatore,2015.0,14925.0,Petrol,Manual,First,18.5 kmpl,1197 CC,82.9 bhp,White,5.0,4.0,,5.37
Renault Duster,Kochi,2015.0,75863.0,Diesel,Manual,First,19.01 kmpl,1461 CC,108.45 bhp,White,5.0,4.0,,6.7
Hyundai Santa,Bangalore,2014.0,58000.0,Diesel,Automatic,First,11.72 kmpl,2199 CC,194.3 bhp,White,7.0,5.0,,17.0
Hyundai Verna,Kolkata,2015.0,33425.0,Petrol,Manual,First,17.43 kmpl,1396 CC,105.5 bhp,Others,5.0,4.0,,4.5
Hyundai Santro,Hyderabad,2011.0,60000.0,Petrol,Manual,First,17.92 kmpl,1086 CC,62.1 bhp,Black/Silver,5.0,4.0,,2.59
Hyundai Creta,Mumbai,2015.0,26000.0,Petrol,Manual,First,15.29 kmpl,1591 CC,121.3 bhp,Black/Silver,5.0,4.0,,9.5
Skoda Yeti,Jaipur,2016.0,84000.0,Diesel,Manual,First,17.72 kmpl,1968 CC,108.5 bhp,Black/Silver,5.0,4.0,,11.0
Tata Tiago,Jaipur,2016.0,42700.0,Petrol,Manual,First,23.84 kmpl,1199 CC,84 bhp,White,5.0,4.0,5.61 Lakh,3.6
Ford Figo,Hyderabad,2015.0,45000.0,Diesel,Manual,First,25.83 kmpl,1498 CC,99 bhp,Others,5.0,4.0,,5.5
Maruti Celerio,Kolkata,2016.0,25562.0,Petrol,Manual,First,23.1 kmpl,998 CC,67.04 bhp,Black/Silver,5.0,4.0,,3.5
Maruti Alto,Chennai,2015.0,63714.0,Petrol,Manual,First,22.74 kmpl,796 CC,47.3 bhp,Black/Silver,5.0,4.0,,2.45
Honda City,Chennai,2009.0,122000.0,Petrol,Manual,Second,17.0 kmpl,1497 CC,118 bhp,White,5.0,4.0,,3.5
Volvo V40,Hyderabad,2015.0,38000.0,Diesel,Automatic,Second,16.8 kmpl,1969 CC,150 bhp,Black/Silver,5.0,4.0,37.9 Lakh,24.0
Tata New,Jaipur,2011.0,80000.0,Petrol,Manual,First,12.0 kmpl,2092 CC,127 bhp,Others,7.0,5.0,,5.5
Mercedes-Benz New,Delhi,2011.0,64000.0,Petrol,Automatic,Second,11.74 kmpl,1796 CC,186 bhp,Black/Silver,5.0,4.0,,12.5
Nissan Micra,Chennai,2012.0,93450.0,Diesel,Manual,Second,23.19 kmpl,1461 CC,63.12 bhp,Black/Silver,5.0,4.0,9.48 Lakh,2.5
Hyundai i10,Delhi,2012.0,62000.0,Petrol,Manual,First,20.36 kmpl,1197 CC,78.9 bhp,White,5.0,4.0,,2.5
Hyundai i20,Mumbai,2015.0,37000.0,Petrol,Manual,Second,18.6 kmpl,1197 CC,81.83 bhp,White,5.0,4.0,,5.25
Hyundai Santro,Coimbatore,2012.0,43337.0,Petrol,Manual,First,17.92 kmpl,1086 CC,62.1 bhp,Black/Silver,5.0,4.0,,3.32
Maruti Wagon,Mumbai,2015.0,22001.0,CNG,Manual,First,26.6 km/kg,998 CC,58.16 bhp,Others,5.0,4.0,,3.65
Honda CR-V,Kochi,2017.0,41697.0,Petrol,Automatic,First,13.1 kmpl,1997 CC,141.1 bhp,Black/Silver,5.0,4.0,,16.68
Audi Q3,Ahmedabad,2016.0,45000.0,Diesel,Automatic,First,17.32 kmpl,1968 CC,184 bhp,Black/Silver,5.0,4.0,,27.0
Honda City,Kochi,2014.0,46728.0,Petrol,Automatic,First,15.6 kmpl,1497 CC,116.3 bhp,Black/Silver,5.0,4.0,,6.15
Hyundai EON,Coimbatore,2016.0,14077.0,Petrol,Manual,First,21.1 kmpl,814 CC,55.2 bhp,Others,5.0,4.0,,3.95
Toyota Innova,Kolkata,2011.0,70000.0,Diesel,Manual,First,12.8 kmpl,2494 CC,102 bhp,Black/Silver,8.0,5.0,,6.0
Hyundai Verna,Chennai,2016.0,33000.0,Diesel,Automatic,First,19.08 kmpl,1582 CC,126.2 bhp,Others,5.0,4.0,,8.7
Volkswagen Polo,Delhi,2013.0,63000.0,Petrol,Manual,First,16.47 kmpl,1198 CC,74 bhp,Others,5.0,4.0,,3.3
Toyota Corolla,Mumbai,2017.0,5900.0,Diesel,Manual,First,21.43 kmpl,1364 CC,87.2 bhp,White,5.0,4.0,,16.5
Hyundai Creta,Kochi,2017.0,44887.0,Diesel,Manual,First,19.67 kmpl,1582 CC,126.2 bhp,White,5.0,4.0,,12.13
Nissan Micra,Kolkata,2011.0,44000.0,Petrol,Manual,First,18.06 kmpl,1198 CC,75 bhp,Black/Silver,5.0,4.0,,2.65
Hyundai i10,Chennai,2010.0,26966.0,Petrol,Manual,First,20.36 kmpl,1197 CC,78.9 bhp,Black/Silver,5.0,4.0,,3.0
Chevrolet Cruze,Bangalore,2013.0,64000.0,Diesel,Manual,Second,17.3 kmpl,1998 CC,163.7 bhp,White,5.0,4.0,,6.5
Tata Nano,Coimbatore,2015.0,30676.0,Petrol,Manual,First,25.4 kmpl,624 CC,37.5 bhp,Black/Silver,4.0,4.0,,2.9
ISUZU D-MAX,Coimbatore,2018.0,20422.0,Diesel,Manual,First,12.4 kmpl,2499 CC,134 bhp,White,5.0,4.0,,16.09
Hyundai i20,Coimbatore,2015.0,46162.0,Diesel,Manual,First,22.54 kmpl,1396 CC,88.73 bhp,Others,5.0,4.0,,6.98
Hyundai Grand,Coimbatore,2015.0,37081.0,Petrol,Automatic,First,18.9 kmpl,1197 CC,82 bhp,Others,5.0,4.0,,5.77
Mahindra XUV500,Kochi,2017.0,43773.0,Diesel,Manual,First,16.0 kmpl,2179 CC,140 bhp,White,7.0,5.0,,13.54
Jaguar XF,Hyderabad,2015.0,50000.0,Diesel,Automatic,First,16.36 kmpl,2179 CC,187.7 bhp,White,5.0,4.0,,38.0
Toyota Fortuner,Delhi,2012.0,68350.0,Diesel,Manual,First,12.55 kmpl,2982 CC,168.5 bhp,Black/Silver,7.0,5.0,,14.0
Toyota Etios,Chennai,2011.0,79000.0,Diesel,Manual,First,23.59 kmpl,1364 CC,null bhp,Black/Silver,5.0,4.0,,4.67
Nissan Terrano,Coimbatore,2015.0,46173.0,Diesel,Manual,Second,19.01 kmpl,1461 CC,108.5 bhp,Others,5.0,4.0,,8.92
Honda Amaze,Coimbatore,2019.0,16573.0,Petrol,Manual,First,17.8 kmpl,1198 CC,86.7 bhp,White,5.0,4.0,,9.31
Maruti Ertiga,Mumbai,2017.0,23700.0,CNG,Manual,First,17.5 km/kg,1373 CC,80.46 bhp,White,7.0,5.0,,8.25
Honda Amaze,Coimbatore,2015.0,70602.0,Diesel,,,25.8 kmpl,1498 CC,98.6 bhp,Others,5.0,4.0,,4.83
Maruti Swift,Kolkata,2014.0,33485.0,Petrol,Manual,First,19.1 kmpl,1197 CC,85.8 bhp,Others,5.0,4.0,,3.59
Maruti A-Star,Pune,2011.0,70000.0,Petrol,Manual,First,19.0 kmpl,998 CC,66.1 bhp,Black/Silver,5.0,4.0,,2.0
Mahindra Scorpio,Delhi,2017.0,30000.0,Diesel,Manual,First,15.4 kmpl,1997 CC,120 bhp,Black/Silver,7.0,5.0,,12.25
Skoda Rapid,Coimbatore,2018.0,5833.0,Diesel,Manual,First,21.13 kmpl,1498 CC,108.4 bhp,Black/Silver,5.0,4.0,14.22 Lakh,11.92
Tata Nano,Jaipur,2010.0,57000.0,Petrol,Manual,First,26.0 kmpl,624 CC,35 bhp,White,4.0,4.0,,0.5
Honda City,Hyderabad,2017.0,46000.0,Diesel,Manual,First,25.6 kmpl,1498 CC,98.6 bhp,Others,5.0,4.0,16.95 Lakh,12.9
Maruti Baleno,Coimbatore,2018.0,26731.0,Petrol,Manual,First,21.1 kmpl,998 CC,100 bhp,White,5.0,4.0,10.89 Lakh,8.61
Volkswagen Vento,Chennai,2013.0,65000.0,Diesel,Automatic,First,21.5 kmpl,1498 CC,108.5 bhp,Others,5.0,4.0,,6.25
Mahindra Scorpio,Bangalore,2007.0,81000.0,Diesel,Manual,Third,12.05 kmpl,2179 CC,120 bhp,Black/Silver,8.0,5.0,,4.35
Nissan Terrano,Hyderabad,2014.0,66000.0,Diesel,Manual,First,19.01 kmpl,1461 CC,108.5 bhp,White,5.0,4.0,,6.8
Volkswagen Polo,Kolkata,2011.0,43000.0,Petrol,Manual,Second,16.47 kmpl,1198 CC,73.9 bhp,White,5.0,4.0,,2.1
BMW X5,Hyderabad,2016.0,76000.0,Diesel,Automatic,First,15.97 kmpl,2993 CC,258 bhp,Others,7.0,5.0,,58.0
Honda City,Coimbatore,2019.0,23882.0,Petrol,Manual,First,17.4 kmpl,1497 CC,117.3 bhp,Black/Silver,5.0,4.0,,11.87
Maruti Swift,Hyderabad,2013.0,83327.0,Diesel,Manual,First,19.3 kmpl,1248 CC,73.9 bhp,White,5.0,4.0,,5.8
Toyota Innova,Kochi,2017.0,57539.0,Diesel,Manual,First,12.8 kmpl,2494 CC,102 bhp,Black/Silver,7.0,4.0,,12.83
Skoda Rapid,Mumbai,2017.0,10500.0,Petrol,Automatic,First,14.3 kmpl,1598 CC,103.52 bhp,Others,5.0,4.0,,8.9
Hyundai Grand,Kolkata,2019.0,1000.0,Petrol,Manual,First,18.9 kmpl,1197 CC,81.86 bhp,White,5.0,4.0,7.39 Lakh,6.5
Ford Figo,Chennai,2010.0,39000.0,Diesel,Manual,First,20.0 kmpl,1399 CC,68 bhp,White,5.0,4.0,,2.5
Honda City,Kochi,2011.0,94832.0,Petrol,Manual,First,17.0 kmpl,1497 CC,118 bhp,Black/Silver,5.0,4.0,,3.83
Hyundai i10,Hyderabad,2008.0,80400.0,Petrol,Manual,First,16.0 kmpl,1086 CC,66.7 bhp,White,5.0,4.0,,2.3
Maruti Ciaz,Hyderabad,2016.0,62287.0,Diesel,Manual,First,28.09 kmpl,1248 CC,88.5 bhp,Black/Silver,5.0,4.0,,7.9
Maruti Wagon,Jaipur,2004.0,62000.0,Petrol,Manual,Second,18.9 kmpl,998 CC,67.1 bhp,Others,5.0,4.0,,1.25
Hyundai Verna,Pune,2013.0,114000.0,Diesel,Automatic,First,22.32 kmpl,1582 CC,126.3 bhp,Others,5.0,4.0,,6.75
Mahindra Scorpio,Bangalore,2013.0,70359.0,Diesel,Manual,First,12.05 kmpl,2179 CC,120 bhp,Black/Silver,8.0,5.0,,7.65
Maruti Ciaz,Kochi,2018.0,17804.0,Diesel,Manual,Second,28.09 kmpl,1248 CC,88.5 bhp,Others,5.0,4.0,,7.97
Land Rover Range,Kochi,2018.0,41661.0,Diesel,Automatic,First,12.7 kmpl,2179 CC,187.7 bhp,Black/Silver,5.0,4.0,,44.83
Renault Koleos,Jaipur,2011.0,32531.0,Diesel,Automatic,Second,13.73 kmpl,1995 CC,148 bhp,Black/Silver,5.0,4.0,,8.0
Hyundai i20,Delhi,2017.0,9000.0,Petrol,Manual,First,18.6 kmpl,1197 CC,81.83 bhp,Others,5.0,4.0,,6.85
Hyundai Santro,Kolkata,2007.0,43206.0,Petrol,Manual,First,17.0 kmpl,1086 CC,null bhp,Black/Silver,5.0,4.0,,0.99
Ford Ikon,Chennai,2007.0,40000.0,Petrol,Manual,Third,13.8 kmpl,1299 CC,70 bhp,Black/Silver,5.0,4.0,,1.1
Volkswagen Vento,Coimbatore,2016.0,62767.0,Diesel,Manual,First,20.34 kmpl,1498 CC,103.2 bhp,Others,5.0,4.0,,9.75
Maruti Swift,Jaipur,2015.0,60000.0,Diesel,Manual,First,26.59 kmpl,1248 CC,74 bhp,Black/Silver,5.0,4.0,,6.25
Maruti Zen,Mumbai,2002.0,60000.0,Petrol,Manual,Third,17.3 kmpl,993 CC,60 bhp,White,5.0,4.0,,0.55
BMW 3,Chennai,2012.0,65000.0,Diesel,Automatic,First,22.69 kmpl,1995 CC,190 bhp,Black/Silver,5.0,4.0,54.7 Lakh,14.0
Honda City,Kochi,2015.0,53442.0,Petrol,Manual,First,16.8 kmpl,1497 CC,116.3 bhp,Others,5.0,4.0,,7.0
Mahindra Scorpio,Kochi,2016.0,72118.0,Diesel,Manual,First,15.4 kmpl,2179 CC,120 bhp,Black/Silver,8.0,5.0,,10.23
Mercedes-Benz GLA,Kochi,2016.0,26212.0,Diesel,Automatic,First,17.9 kmpl,2143 CC,136 bhp,Black/Silver,5.0,4.0,38.72 Lakh,24.46
Porsche Panamera,Delhi,2013.0,36400.0,Diesel,Automatic,First,7.5 kmpl,4806 CC,394.3 bhp,White,4.0,4.0,,72.0
Mercedes-Benz GLA,Chennai,2015.0,54000.0,Diesel,Automatic,First,17.9 kmpl,2143 CC,136 bhp,White,5.0,4.0,,17.55
Honda Civic,Bangalore,2008.0,66000.0,Petrol,Manual,Third,13.5 kmpl,1799 CC,130 bhp,Black/Silver,5.0,4.0,,3.25
Hyundai Verna,Pune,2007.0,80000.0,Petrol,Manual,Second,13.9 kmpl,1599 CC,103.2 bhp,White,5.0,4.0,,1.95
BMW 5,Pune,2018.0,7000.0,Diesel,Automatic,First,18.12 kmpl,1995 CC,190 bhp,Others,5.0,4.0,,46.0
Volkswagen Vento,Mumbai,2013.0,49106.0,Petrol,Manual,First,15.04 kmpl,1598 CC,103.2 bhp,White,5.0,4.0,,4.4
Maruti Zen,Bangalore,2007.0,60000.0,Petrol,Manual,Second,18.2 kmpl,1061 CC,64 bhp,Black/Silver,5.0,4.0,,1.65
Hyundai i10,Kolkata,2011.0,37000.0,Petrol,Manual,First,20.36 kmpl,1197 CC,78.9 bhp,Others,5.0,4.0,,2.2
Honda CR-V,Hyderabad,2004.0,78000.0,Petrol,Automatic,First,12.0 kmpl,2354 CC,187.4 bhp,Black/Silver,5.0,4.0,,3.99
Audi Q5,Kochi,2013.0,12467.0,Diesel,Automatic,First,12.8 kmpl,1968 CC,167.6 bhp,Others,5.0,4.0,,25.64
Renault Duster,Bangalore,2016.0,26000.0,Diesel,Automatic,Second,19.6 kmpl,1461 CC,108.45 bhp,Black/Silver,5.0,4.0,,10.0
Honda Brio,Pune,2012.0,65167.0,Petrol,Manual,First,19.4 kmpl,1198 CC,86.8 bhp,Black/Silver,5.0,4.0,,3.28
Maruti Celerio,Bangalore,2015.0,74000.0,Petrol,Manual,First,23.1 kmpl,998 CC,67.04 bhp,Others,5.0,4.0,,4.15
Nissan Micra,Hyderabad,2012.0,83000.0,Diesel,Manual,First,23.08 kmpl,1461 CC,63.1 bhp,Others,5.0,4.0,,3.7
Hyundai Accent,Kochi,2006.0,160538.0,Diesel,Manual,First,13.1 kmpl,1493 CC,82 bhp,White,5.0,4.0,,1.8
Mercedes-Benz GLA,Delhi,2016.0,23000.0,Petrol,Automatic,First,13.7 kmpl,1991 CC,183 bhp,Others,5.0,4.0,,25.0
Tata Indigo,Pune,2014.0,41000.0,CNG,Manual,First,24.6 km/kg,1193 CC,55.23 bhp,Black/Silver,5.0,4.0,,3.25
Hyundai i20,Coimbatore,2016.0,24973.0,Petrol,Manual,First,18.6 kmpl,1197 CC,81.83 bhp,White,5.0,4.0,,7.66
Hyundai i10,Mumbai,2011.0,64984.0,Petrol,Automatic,First,16.95 kmpl,1197 CC,78.9 bhp,Others,5.0,4.0,,3.45
Mercedes-Benz E-Class,Delhi,2011.0,67612.0,Diesel,Automatic,Second,14.21 kmpl,2143 CC,203 bhp,Black/Silver,5.0,4.0,,11.5
Hyundai EON,Hyderabad,2015.0,19000.0,Petrol,Manual,First,21.1 kmpl,814 CC,55.2 bhp,Others,5.0,4.0,,3.0
Toyota Camry,Chennai,2009.0,135000.0,Petrol,Automatic,First,12.1 kmpl,2362 CC,164.7 bhp,Black/Silver,5.0,4.0,,4.7
Maruti Celerio,Delhi,2015.0,64687.0,CNG,Manual,First,31.79 km/kg,998 CC,58.33 bhp,Others,5.0,4.0,5.87 Lakh,3.8
Honda City,Delhi,2011.0,100000.0,Petrol,Manual,First,13.0 kmpl,1343 CC,90 bhp,White,5.0,4.0,,3.5
Tata Nano,Coimbatore,2014.0,42083.0,Petrol,Manual,First,25.4 kmpl,624 CC,37.48 bhp,Black/Silver,4.0,4.0,,1.68
BMW 3,Kochi,2014.0,51240.0,Diesel,Automatic,First,8.2 kmpl,2993 CC,245 bhp,White,4.0,4.0,,29.52
Hyundai i20,Pune,2010.0,80561.0,Petrol,Manual,First,18.5 kmpl,1197 CC,80 bhp,Black/Silver,5.0,4.0,,2.74
Hyundai i10,Kolkata,2015.0,24350.0,Petrol,Manual,Second,19.81 kmpl,1086 CC,68.05 bhp,Others,5.0,4.0,,3.0
Mercedes-Benz CLA,Coimbatore,2017.0,20969.0,Diesel,Automatic,First,17.9 kmpl,2143 CC,136 bhp,Black/Silver,5.0,4.0,45.36 Lakh,27.87
Toyota Fortuner,Coimbatore,2019.0,28069.0,Diesel,Automatic,First,12.9 kmpl,2755 CC,174.5 bhp,White,7.0,5.0,34.45 Lakh,30.85
Mercedes-Benz B,Delhi,2013.0,30000.0,Petrol,Automatic,Second,14.8 kmpl,1595 CC,120.7 bhp,Black/Silver,5.0,4.0,,11.0
Toyota Innova,,2007.0,262000.0,Diesel,Manual,Fourth & Above,12.8 kmpl,2494 CC,,White,7.0,4.0,,4.0
Land Rover Discovery,Coimbatore,2019.0,17201.0,Diesel,Automatic,First,12.51 kmpl,2179 CC,187.7 bhp,Others,7.0,5.0,,58.91
Mahindra Bolero,Jaipur,2013.0,63000.0,Diesel,Manual,First,15.96 kmpl,2523 CC,62.1 bhp,Others,7.0,5.0,11.15 Lakh,5.5
Honda City,Bangalore,2016.0,36000.0,Petrol,Automatic,First,16.8 kmpl,1497 CC,118 bhp,White,5.0,4.0,,9.45
Maruti Swift,Kolkata,2009.0,34000.0,Diesel,Manual,First,19.3 kmpl,1248 CC,73.9 bhp,White,5.0,4.0,,2.19
Honda Jazz,Chennai,2016.0,14980.0,Diesel,Manual,First,27.3 kmpl,1498 CC,98.6 bhp,White,5.0,4.0,10.81 Lakh,7.4
Maruti Baleno,Pune,2005.0,70000.0,Petrol,Manual,First,0.0 kmpl,1590 CC,null bhp,Black/Silver,5.0,4.0,,1.3
BMW 5,Coimbatore,2011.0,57832.0,Diesel,Automatic,First,16.2 kmpl,2993 CC,258 bhp,Black/Silver,5.0,4.0,,25.82
Toyota Innova,Delhi,2017.0,18000.0,Diesel,Automatic,First,11.36 kmpl,2755 CC,171.5 bhp,Others,8.0,5.0,20.8 Lakh,18.25
Mahindra XUV500,Jaipur,2014.0,88511.0,Diesel,Manual,First,16.0 kmpl,2179 CC,140 bhp,White,7.0,5.0,,8.25
Lamborghini Gallardo,Delhi,2011.0,6500.0,Petrol,Automatic,Third,6.4 kmpl,5204 CC,560 bhp,White,2.0,2.0,,120.0
Maruti Swift,Kochi,2016.0,62192.0,Diesel,Manual,First,28.4 kmpl,1248 CC,74 bhp,Black/Silver,5.0,4.0,7.88 Lakh,5.22
Maruti Celerio,Kochi,2016.0,70536.0,CNG,Manual,First,31.79 km/kg,998 CC,58.33 bhp,Others,5.0,4.0,5.87 Lakh,4.58
Hyundai EON,Ahmedabad,2014.0,47000.0,Petrol,Manual,First,22.0 kmpl,814 CC,55 bhp,Black/Silver,5.0,4.0,,2.65
Maruti Swift,Hyderabad,2017.0,22000.0,Diesel,Manual,First,26.59 kmpl,1248 CC,74 bhp,White,5.0,4.0,,7.95
Ford Fiesta,Chennai,2010.0,82000.0,Diesel,Manual,First,17.8 kmpl,1399 CC,68 bhp,Others,5.0,4.0,,2.75
Nissan Micra,Pune,2013.0,60000.0,Diesel,Manual,First,23.08 kmpl,1461 CC,63.1 bhp,Others,5.0,4.0,,3.55
Volkswagen Vento,Mumbai,2014.0,34987.0,Petrol,Automatic,First,18.19 kmpl,1197 CC,103.5 bhp,Black/Silver,5.0,4.0,,5.95
Renault Duster,Kochi,2013.0,69140.0,Diesel,Manual,First,20.46 kmpl,1461 CC,83.8 bhp,Black/Silver,5.0,4.0,,5.11
Maruti Swift,Ahmedabad,2008.0,65000.0,Petrol,Manual,First,16.1 kmpl,1298 CC,88.2 bhp,Others,5.0,4.0,,2.71
Maruti Swift,Delhi,2011.0,68000.0,Diesel,,,19.3 kmpl,1248 CC,73.9 bhp,Black/Silver,5.0,4.0,,2.75
Volkswagen Vento,Chennai,2013.0,720000.0,Diesel,Manual,First,20.54 kmpl,1598 CC,103.6 bhp,Black/Silver,5.0,4.0,,5.9
Ford Ecosport,Mumbai,2014.0,69565.0,Diesel,Manual,First,22.7 kmpl,1498 CC,89.84 bhp,Black/Silver,5.0,4.0,,5.55
Mahindra Ssangyong,Kochi,2015.0,67415.0,Diesel,Automatic,First,11.18 kmpl,2696 CC,184 bhp,Others,7.0,5.0,,11.03
Mercedes-Benz E-Class,Kolkata,2010.0,50645.0,Petrol,Automatic,Second,10.93 kmpl,2497 CC,204 bhp,Black/Silver,5.0,4.0,,10.75
Maruti Baleno,Hyderabad,2016.0,30112.0,Diesel,Manual,First,27.39 kmpl,1248 CC,74 bhp,Black/Silver,5.0,4.0,,7.79
Honda City,Mumbai,2016.0,25000.0,Petrol,Automatic,First,18.0 kmpl,1497 CC,117.3 bhp,Others,5.0,4.0,,9.45
Honda Civic,Kolkata,2010.0,38000.0,Petrol,Manual,First,14.8 kmpl,1799 CC,130.2 bhp,Black/Silver,5.0,4.0,,2.0
Hyundai i20,Kochi,2015.0,46950.0,Diesel,Manual,First,21.27 kmpl,1396 CC,88.76 bhp,Black/Silver,5.0,4.0,,6.45
Ford Figo,Coimbatore,2011.0,51928.0,Petrol,Manual,First,15.6 kmpl,1196 CC,70 bhp,Black/Silver,5.0,4.0,,3.46
Honda Jazz,Hyderabad,2017.0,17151.0,Diesel,Manual,First,27.3 kmpl,1498 CC,98.6 bhp,Black/Silver,5.0,4.0,11.05 Lakh,8.4
Hyundai Santro,Hyderabad,2014.0,56000.0,LPG,Manual,First,13.45 km/kg,1086 CC,62.1 bhp,Black/Silver,5.0,4.0,,3.2
Mahindra XUV500,Coimbatore,2016.0,66296.0,Diesel,Manual,First,16.0 kmpl,2179 CC,140 bhp,Others,7.0,5.0,,15.96
Maruti Swift,Ahmedabad,2018.0,2000.0,Petrol,Manual,First,22.0 kmpl,1197 CC,81.80 bhp,Others,5.0,4.0,8.16 Lakh,7.75
Honda Civic,Delhi,2010.0,71088.0,Petrol,Manual,First,13.5 kmpl,1799 CC,130 bhp,Others,5.0,4.0,,3.35
Tata New,Jaipur,2012.0,75391.0,Diesel,Manual,First,13.93 kmpl,2179 CC,138 bhp,Others,7.0,5.0,,3.75
Chevrolet Spark,Chennai,2010.0,49000.0,Petrol,Manual,Second,18.0 kmpl,995 CC,62 bhp,Black/Silver,5.0,4.0,,1.4
Tata New,Chennai,2007.0,120203.0,Diesel,Manual,Second,13.93 kmpl,2179 CC,138 bhp,White,7.0,5.0,,3.5
Volkswagen Vento,Kolkata,2011.0,35000.0,Diesel,Manual,First,20.54 kmpl,1598 CC,103.6 bhp,Black/Silver,5.0,4.0,,3.15
Maruti SX4,Mumbai,2012.0,51800.0,Petrol,Manual,First,15.5 kmpl,1586 CC,103.3 bhp,White,5.0,4.0,,3.9
Maruti Swift,Kolkata,2013.0,43284.0,Diesel,Manual,First,23.4 kmpl,1248 CC,74 bhp,White,5.0,4.0,,4.5
Toyota Corolla,Bangalore,2016.0,16471.0,Petrol,Manual,Second,14.28 kmpl,1798 CC,138.03 bhp,Black/Silver,5.0,4.0,20.48 Lakh,11.5
Toyota Corolla,Bangalore,2018.0,1331.0,Petrol,Automatic,First,14.28 kmpl,1798 CC,138.03 bhp,White,5.0,4.0,,20.0
Toyota Etios,Chennai,2011.0,42000.0,Petrol,Manual,Second,17.71 kmpl,1197 CC,78.9 bhp,Black/Silver,5.0,4.0,6.51 Lakh,3.75
Mercedes-Benz New,Delhi,2013.0,40100.0,Diesel,Automatic,First,14.84 kmpl,2143 CC,170 bhp,White,5.0,4.0,,14.5
Hyundai i10,Hyderabad,2007.0,70000.0,Petrol,Manual,Second,19.81 kmpl,1086 CC,68.05 bhp,Others,5.0,4.0,,2.0
Renault KWID,Jaipur,2016.0,26000.0,Petrol,Manual,First,21.7 kmpl,999 CC,67 bhp,White,5.0,4.0,4.78 Lakh,3.0
Hyundai Verna,Kochi,2017.0,37688.0,Petrol,Manual,First,17.01 kmpl,1591 CC,121.3 bhp,Others,5.0,4.0,,7.88
Hyundai i10,Hyderabad,2010.0,50000.0,Petrol,Manual,First,20.36 kmpl,1197 CC,78.9 bhp,White,5.0,4.0,,3.0
Toyota Fortuner,Bangalore,2013.0,74000.0,Diesel,Manual,Second,12.55 kmpl,2982 CC,168.5 bhp,Black/Silver,7.0,5.0,,17.9
Chevrolet Beat,Coimbatore,2012.0,24735.0,Petrol,Manual,Second,18.6 kmpl,1199 CC,79.4 bhp,Black/Silver,5.0,4.0,,2.87
Maruti Swift,Hyderabad,2015.0,59572.0,Diesel,Manual,First,26.59 kmpl,1248 CC,74 bhp,Black/Silver,5.0,4.0,,6.85
Tata Safari,Bangalore,2011.0,80000.0,Diesel,Manual,First,13.93 kmpl,2179 CC,138.03 bhp,Others,7.0,5.0,,4.5
BMW 5,Delhi,2012.0,72000.0,Diesel,Automatic,Third,18.48 kmpl,,,Others,,4.0,,13.85
Toyota Innova,Bangalore,2015.0,86398.0,Diesel,Manual,First,12.99 kmpl,2494 CC,100.6 bhp,White,7.0,4.0,,15.2
BMW 3,Kochi,2017.0,23806.0,Diesel,Automatic,First,22.69 kmpl,1995 CC,190 bhp,Black/Silver,5.0,4.0,,33.66
Honda Brio,Jaipur,2015.0,46650.0,Petrol,Manual,First,19.4 kmpl,1198 CC,86.8 bhp,Others,5.0,4.0,,4.25
Mahindra Bolero,Jaipur,2012.0,105000.0,Diesel,Manual,Second,15.96 kmpl,2523 CC,62.1 bhp,Black/Silver,7.0,5.0,11.15 Lakh,6.0
Datsun redi-GO,Kochi,2018.0,6279.0,Petrol,Manual,First,22.7 kmpl,799 CC,53.64 bhp,White,5.0,4.0,4.05 Lakh,3.6
Maruti Swift,Jaipur,2014.0,65000.0,Diesel,Manual,First,19.3 kmpl,1248 CC,73.9 bhp,White,5.0,4.0,,5.31
Mahindra XUV500,Kolkata,2013.0,73314.0,Diesel,Manual,First,15.1 kmpl,2179 CC,140 bhp,White,7.0,5.0,,6.6
Hyundai i10,Jaipur,2010.0,66770.0,Petrol,Manual,Second,20.36 kmpl,1197 CC,78.9 bhp,Others,5.0,4.0,,2.6
Nissan Sunny,Chennai,2015.0,27000.0,Petrol,Automatic,First,17.97 kmpl,1498 CC,99.6 bhp,Black/Silver,5.0,4.0,,6.75
Fiat Avventura,Coimbatore,2018.0,18705.0,Diesel,Manual,First,20.5 kmpl,1248 CC,91.72 bhp,Others,5.0,4.0,,7.71
Audi A6,Hyderabad,2015.0,50000.0,Diesel,Automatic,First,17.68 kmpl,1968 CC,174.33 bhp,Black/Silver,5.0,4.0,,36.0
Maruti Wagon,Delhi,2007.0,65000.0,Petrol,Manual,Second,18.9 kmpl,998 CC,67.1 bhp,Black/Silver,5.0,4.0,,1.25
Chevrolet Spark,Chennai,2011.0,29000.0,Petrol,Manual,Second,18.0 kmpl,995 CC,62 bhp,Black/Silver,5.0,4.0,,1.75
Hyundai i10,Bangalore,2010.0,29000.0,Petrol,Manual,First,20.36 kmpl,1197 CC,78.9 bhp,Others,5.0,4.0,,3.45
Datsun redi-GO,Kolkata,2016.0,15000.0,Petrol,Manual,First,22.7 kmpl,799 CC,53.64 bhp,Others,5.0,4.0,3.98 Lakh,2.25
Tata Sumo,Coimbatore,2015.0,84931.0,Diesel,Manual,First,15.3 kmpl,2956 CC,83.8 bhp,White,7.0,5.0,,5.29
Ford Ecosport,Kochi,2015.0,56409.0,Diesel,Manual,First,22.7 kmpl,1498 CC,89.84 bhp,White,5.0,4.0,,6.63
Maruti Swift,Jaipur,2012.0,80000.0,Diesel,Manual,First,22.9 kmpl,1248 CC,74 bhp,Black/Silver,5.0,4.0,,4.25
Mercedes-Benz E-Class,Mumbai,2014.0,46000.0,Diesel,Automatic,First,13.0 kmpl,2143 CC,201.1 bhp,White,5.0,4.0,,23.25
BMW 3,Hyderabad,2011.0,89000.0,Diesel,Automatic,First,22.69 kmpl,1995 CC,190 bhp,Black/Silver,5.0,4.0,47.2 Lakh,13.95
Maruti A-Star,Mumbai,2012.0,32910.0,Petrol,Automatic,First,16.98 kmpl,998 CC,66.1 bhp,Others,5.0,4.0,,2.5
Honda Jazz,Mumbai,2018.0,3000.0,Petrol,Automatic,First,19.0 kmpl,1199 CC,88.7 bhp,Others,5.0,4.0,10.81 Lakh,8.25
Mercedes-Benz New,Kochi,2019.0,17320.0,Diesel,Automatic,First,15.8 kmpl,2148 CC,170 bhp,Others,5.0,4.0,,37.99
Tata Indica,Pune,2012.0,91183.0,Diesel,Manual,First,18.0 kmpl,1248 CC,75 bhp,White,5.0,4.0,,2.85
Nissan Sunny,Hyderabad,2012.0,87982.0,Diesel,Manual,First,21.64 kmpl,1461 CC,84.8 bhp,Others,5.0,4.0,,5.0
Volkswagen Ameo,Pune,2016.0,20000.0,Diesel,Manual,First,21.66 kmpl,1498 CC,108.62 bhp,Others,5.0,4.0,10.04 Lakh,6.75
Hyundai Verna,Kolkata,2014.0,40000.0,Diesel,Automatic,First,22.32 kmpl,1582 CC,126.32 bhp,Others,5.0,4.0,,5.25
Honda City,Mumbai,2007.0,63000.0,Petrol,Automatic,Second,16.4 kmpl,1497 CC,78 bhp,Others,5.0,4.0,,1.85
Maruti Ritz,Hyderabad,2014.0,60000.0,Diesel,Manual,First,23.2 kmpl,1248 CC,73.94 bhp,White,5.0,4.0,,4.35
Toyota Fortuner,Hyderabad,2010.0,110000.0,Diesel,Manual,First,14.24 kmpl,2755 CC,174.5 bhp,Black/Silver,7.0,5.0,37.51 Lakh,13.7
Volkswagen Polo,Coimbatore,2015.0,61738.0,Diesel,Manual,First,20.14 kmpl,1498 CC,88.8 bhp,Others,5.0,4.0,,5.39
Hyundai Xcent,Jaipur,2017.0,28360.0,Petrol,Manual,First,19.1 kmpl,1197 CC,81.86 bhp,Others,5.0,4.0,,5.12
Maruti Swift,Hyderabad,2014.0,81000.0,Diesel,Manual,First,25.2 kmpl,1248 CC,74 bhp,White,5.0,4.0,,6.1
Land Rover Freelander,Hyderabad,2012.0,96000.0,Diesel,Automatic,First,12.35 kmpl,2179 CC,187.74 bhp,Others,5.0,4.0,,18.98
Honda City,Kolkata,2016.0,39000.0,Petrol,Manual,First,17.8 kmpl,1497 CC,117.3 bhp,Others,5.0,4.0,,6.95
Toyota Fortuner,Hyderabad,2016.0,99593.0,Diesel,Manual,First,11.5 kmpl,2982 CC,171 bhp,Others,7.0,5.0,,23.5
BMW 3,Kolkata,2010.0,51000.0,Diesel,Automatic,First,16.07 kmpl,1995 CC,181 bhp,Others,5.0,4.0,,7.75
Hyundai Grand,Chennai,2015.0,25000.0,Petrol,Manual,First,18.9 kmpl,1197 CC,82 bhp,White,5.0,4.0,,5.5
Maruti Swift,Pune,2008.0,56230.0,Petrol,Manual,Second,17.5 kmpl,1298 CC,85.8 bhp,White,5.0,4.0,,2.4
Mahindra XUV500,Bangalore,2013.0,52910.0,Diesel,Manual,Second,15.1 kmpl,2179 CC,140 bhp,Others,7.0,5.0,,9.5
Hyundai Verna,Chennai,2011.0,108242.0,Diesel,Manual,First,16.8 kmpl,1493 CC,110 bhp,Black/Silver,5.0,4.0,,4.25
Maruti Ritz,Pune,2013.0,20248.0,Diesel,Manual,First,21.1 kmpl,1248 CC,73.9 bhp,Others,5.0,4.0,,4.35
Honda City,Jaipur,2006.0,95000.0,Petrol,Manual,Second,16.9 kmpl,1497 CC,100 bhp,Black/Silver,5.0,4.0,,2.11
Maruti Wagon,Mumbai,2010.0,72000.0,CNG,,First,26.6 km/kg,998 CC,58.16 bhp,White,5.0,4.0,,1.75
Hyundai Verna,Mumbai,2016.0,52001.0,Petrol,Manual,First,17.01 kmpl,1591 CC,121.3 bhp,White,5.0,4.0,,6.45
Hyundai Grand,Kolkata,2018.0,4500.0,Petrol,Manual,First,18.9 kmpl,1197 CC,81.86 bhp,White,5.0,4.0,6.4 Lakh,4.8
Tata Indigo,Chennai,2011.0,124000.0,Diesel,Manual,First,23.03 kmpl,1396 CC,69 bhp,White,5.0,4.0,,2.3
Hyundai i20,Kolkata,2012.0,37000.0,Petrol,Manual,First,18.5 kmpl,1197 CC,80 bhp,White,5.0,4.0,,2.65
Maruti Celerio,Mumbai,2014.0,21000.0,Petrol,Manual,First,23.1 kmpl,998 CC,67.04 bhp,White,5.0,4.0,,3.75
Hyundai Accent,Pune,2005.0,5834.0,Petrol,Manual,First,13.2 kmpl,1495 CC,94 bhp,Black/Silver,5.0,4.0,,0.8
Honda Jazz,Kochi,2018.0,20024.0,Petrol,Manual,First,18.2 kmpl,1199 CC,88.7 bhp,Black/Silver,5.0,4.0,9.1 Lakh,8.46
Maruti Dzire,Kochi,2018.0,64035.0,Diesel,Automatic,First,28.4 kmpl,1248 CC,73.75 bhp,White,5.0,4.0,10.7 Lakh,8.55
Mercedes-Benz M-Class,Coimbatore,2016.0,27833.0,Diesel,Automatic,First,0.0 kmpl,2987 CC,165 bhp,Others,5.0,4.0,,49.24
Hyundai Verna,Chennai,2012.0,36300.0,Petrol,Automatic,Third,17.1 kmpl,1591 CC,121.4 bhp,White,5.0,4.0,,7.5
Jeep Compass,Kolkata,2017.0,27000.0,Diesel,Manual,First,17.1 kmpl,1956 CC,170 bhp,White,5.0,4.0,18.45 Lakh,15.0
Hyundai Verna,Bangalore,2014.0,45000.0,Petrol,Manual,First,17.1 kmpl,1591 CC,121.3 bhp,White,5.0,4.0,,7.5
Hyundai Verna,Chennai,2008.0,120000.0,Diesel,Manual,Second,18.1 kmpl,1493 CC,110 bhp,Others,5.0,4.0,,2.0
Hyundai Xcent,Jaipur,2018.0,25302.0,Diesel,Manual,First,25.4 kmpl,1186 CC,73.97 bhp,White,5.0,4.0,8.56 Lakh,5.9
Renault KWID,Coimbatore,2018.0,38171.0,Petrol,Automatic,Second,22.5 kmpl,999 CC,67 bhp,Others,5.0,4.0,5.72 Lakh,4.99
Audi A4,Bangalore,2012.0,88000.0,Diesel,Automatic,First,16.55 kmpl,1968 CC,140 bhp,White,5.0,4.0,,16.25
Land Rover Discovery,Delhi,2013.0,65000.0,Diesel,Automatic,Second,11.8 kmpl,2993 CC,180 bhp,Black/Silver,7.0,5.0,,34.0
Hyundai Verna,Chennai,2012.0,128000.0,Diesel,Manual,First,22.32 kmpl,1582 CC,126.32 bhp,White,5.0,4.0,,5.0
Volkswagen Vento,Chennai,2011.0,55595.0,Diesel,Manual,Second,20.54 kmpl,1598 CC,103.6 bhp,White,5.0,4.0,,4.3
Renault Scala,Kolkata,2013.0,45000.0,Petrol,Manual,First,16.95 kmpl,1498 CC,97.6 bhp,White,5.0,4.0,,2.4
BMW 3,Hyderabad,2013.0,48183.0,Diesel,Automatic,First,13.2 kmpl,1995 CC,170 bhp,Black/Silver,5.0,4.0,,20.99
Hyundai i20,Coimbatore,2016.0,40310.0,Petrol,Manual,First,18.6 kmpl,1197 CC,81.83 bhp,White,5.0,4.0,,7.09
Maruti 800,Jaipur,2004.0,12000.0,Petrol,Manual,Second,16.1 kmpl,796 CC,37 bhp,White,4.0,4.0,,0.45
Hyundai Getz,Bangalore,2006.0,44000.0,Petrol,Manual,Second,15.3 kmpl,1341 CC,83 bhp,Black/Silver,5.0,4.0,,1.75
Honda Accord,Mumbai,2011.0,54774.0,Petrol,Automatic,First,11.7 kmpl,2354 CC,177.6 bhp,White,5.0,4.0,,6.35
Mercedes-Benz New,Kochi,2014.0,56778.0,Petrol,Automatic,First,11.74 kmpl,1796 CC,186 bhp,Black/Silver,5.0,4.0,,15.46
Volkswagen Vento,Jaipur,2015.0,58000.0,Diesel,Manual,First,20.34 kmpl,1498 CC,103.2 bhp,Others,5.0,4.0,,5.85
Hyundai Verna,Hyderabad,2014.0,39791.0,Diesel,Manual,First,22.32 kmpl,1582 CC,126.32 bhp,Others,5.0,4.0,,7.49
Honda City,Kochi,2006.0,99583.0,Petrol,Automatic,Third,12.0 kmpl,1493 CC,100 bhp,Others,5.0,4.0,,2.21
Audi Q7,Mumbai,2016.0,20002.0,Diesel,Automatic,First,14.75 kmpl,2967 CC,245 bhp,White,7.0,5.0,1.04 Cr,67.0
Mercedes-Benz E-Class,Delhi,2014.0,40000.0,Petrol,Automatic,First,10.5 kmpl,1796 CC,157.7 bhp,Others,5.0,4.0,,24.0
Ford Figo,Kochi,2018.0,32709.0,Petrol,Manual,First,18.16 kmpl,1196 CC,86.8 bhp,Black/Silver,5.0,4.0,,6.46
Maruti Wagon,Bangalore,2010.0,81245.0,Petrol,Manual,First,18.9 kmpl,998 CC,67.1 bhp,White,5.0,4.0,,2.45
Skoda Laura,Jaipur,2010.0,82407.0,Diesel,Manual,First,17.5 kmpl,1896 CC,106 bhp,White,5.0,4.0,,4.25
Honda City,Pune,2016.0,27300.0,Petrol,Manual,First,17.8 kmpl,1497 CC,117.3 bhp,Others,5.0,4.0,,7.0
Skoda Superb,Mumbai,2011.0,42036.0,Petrol,Automatic,First,13.7 kmpl,,,,5.0,4.0,,6.25
Maruti Ritz,Pune,2012.0,64290.0,Diesel,Manual,First,23.2 kmpl,1248 CC,73.94 bhp,Black/Silver,5.0,4.0,,3.65
Chevrolet Sail,Kolkata,2013.0,45000.0,Diesel,Manual,First,22.1 kmpl,1248 CC,76.9 bhp,White,5.0,4.0,,3.0
Mitsubishi Montero,Chennai,2007.0,179032.0,Diesel,Manual,First,11.56 kmpl,3200 CC,199.3 bhp,White,7.0,5.0,,7.5
Volkswagen Polo,Hyderabad,2011.0,57275.0,Diesel,Manual,First,19.7 kmpl,1598 CC,103.6 bhp,Black/Silver,5.0,4.0,,4.5
Maruti Alto,Hyderabad,2017.0,2530.0,Petrol,Manual,First,24.7 kmpl,796 CC,47.3 bhp,White,5.0,4.0,,3.3
Mahindra XUV500,Mumbai,2015.0,48000.0,Diesel,Manual,First,16.0 kmpl,2179 CC,140 bhp,White,7.0,5.0,,9.45
Hyundai i10,Delhi,2009.0,60000.0,Petrol,Manual,Second,19.81 kmpl,1086 CC,68.05 bhp,Black/Silver,5.0,4.0,,1.9
Maruti Vitara,Coimbatore,2017.0,58829.0,Diesel,Manual,First,24.3 kmpl,1248 CC,88.5 bhp,White,5.0,4.0,9.89 Lakh,9.05
Volkswagen Vento,Mumbai,2011.0,38000.0,Petrol,,,16.09 kmpl,1598 CC,103.5 bhp,Black/Silver,5.0,4.0,11.91 Lakh,3.25
Maruti Baleno,Mumbai,2016.0,12208.0,Petrol,Manual,First,21.4 kmpl,1197 CC,83.1 bhp,White,5.0,4.0,8.78 Lakh,6.75
Honda Amaze,Hyderabad,2016.0,33000.0,Petrol,Manual,First,17.8 kmpl,1198 CC,86.7 bhp,White,5.0,4.0,,6.5
Mercedes-Benz E-Class,Kolkata,2015.0,7501.0,Petrol,Automatic,First,10.0 kmpl,2996 CC,333 bhp,Others,4.0,4.0,87.57 Lakh,48.0
BMW 3,Mumbai,2015.0,56000.0,Diesel,Automatic,First,18.88 kmpl,1995 CC,184 bhp,Others,5.0,4.0,,22.75
Honda CR-V,Delhi,2008.0,70000.0,Petrol,Manual,First,13.1 kmpl,1997 CC,141.1 bhp,White,5.0,4.0,,4.0
Hyundai Elite,Coimbatore,2019.0,21134.0,Petrol,Manual,First,18.6 kmpl,1197 CC,81.86 bhp,Black/Silver,5.0,4.0,9.78 Lakh,8.78
Hyundai Grand,Pune,2017.0,15356.0,Petrol,Manual,First,18.9 kmpl,1197 CC,81.86 bhp,Black/Silver,5.0,4.0,,4.75
Maruti Wagon,Pune,2013.0,61000.0,Petrol,Manual,First,18.9 kmpl,998 CC,67.1 bhp,White,5.0,4.0,,2.9
Honda City,Mumbai,2017.0,15000.0,Petrol,Automatic,First,18.0 kmpl,1497 CC,117.3 bhp,White,5.0,4.0,16.67 Lakh,12.69
Chevrolet Cruze,Coimbatore,2014.0,64042.0,Diesel,Manual,First,17.3 kmpl,1998 CC,163.7 bhp,White,5.0,4.0,,5.7
Porsche Cayenne,Mumbai,2008.0,73000.0,Petrol,Automatic,First,8.5 kmpl,4806 CC,500 bhp,White,5.0,4.0,,14.5
BMW 3,Chennai,2014.0,48000.0,Diesel,Automatic,First,22.69 kmpl,1995 CC,190 bhp,Others,5.0,4.0,,21.6
Maruti Ritz,Hyderabad,2012.0,68000.0,Petrol,Manual,First,18.5 kmpl,1197 CC,85.80 bhp,Black/Silver,5.0,4.0,,4.4
Ford Endeavour,Coimbatore,2018.0,51530.0,Diesel,Automatic,First,10.91 kmpl,3198 CC,197.2 bhp,Others,7.0,5.0,,30.27
Hyundai Creta,Coimbatore,2018.0,32434.0,Petrol,Automatic,First,13.0 kmpl,1591 CC,121.3 bhp,White,5.0,4.0,,14.35
Maruti Alto,Kochi,2014.0,51349.0,Petrol,Manual,First,24.07 kmpl,998 CC,67.1 bhp,White,5.0,4.0,3.91 Lakh,2.93
Mahindra Scorpio,Kochi,2018.0,37804.0,Diesel,Manual,First,15.4 kmpl,2179 CC,120 bhp,Black/Silver,7.0,5.0,,12.4
Ford Fiesta,Hyderabad,2007.0,68000.0,Diesel,Manual,First,17.8 kmpl,1399 CC,68 bhp,Black/Silver,5.0,4.0,,1.99
BMW X5,Chennai,2011.0,55000.0,Diesel,Automatic,Second,11.7 kmpl,2993 CC,245 bhp,White,5.0,4.0,,28.0
Toyota Fortuner,Mumbai,2010.0,122000.0,Diesel,Manual,Second,11.5 kmpl,2982 CC,171 bhp,Others,7.0,5.0,,10.45
Maruti SX4,Mumbai,2010.0,66000.0,Petrol,Manual,Second,16.51 kmpl,1586 CC,103.2 bhp,White,5.0,4.0,,2.46
Nissan Micra,Chennai,2014.0,100000.0,Diesel,Manual,First,23.08 kmpl,1461 CC,63.1 bhp,Others,5.0,4.0,,3.0
Mahindra Ssangyong,Hyderabad,2013.0,61202.0,Diesel,Automatic,First,11.18 kmpl,2696 CC,184 bhp,Others,7.0,5.0,,14.5
Ford Figo,Chennai,2011.0,169000.0,Diesel,Manual,First,20.0 kmpl,1399 CC,68 bhp,Black/Silver,5.0,4.0,,2.5
Maruti Ertiga,Delhi,2014.0,54569.0,Diesel,Manual,First,20.77 kmpl,1248 CC,88.76 bhp,Others,7.0,5.0,,5.99
Maruti Dzire,Kochi,2017.0,54758.0,Diesel,Manual,First,28.4 kmpl,1248 CC,73.75 bhp,Others,5.0,4.0,8.58 Lakh,6.67
Hyundai i20,Hyderabad,2016.0,62679.0,Diesel,Manual,First,21.19 kmpl,1396 CC,88.73 bhp,Black/Silver,5.0,4.0,,6.95
Hyundai Santro,Hyderabad,2007.0,76000.0,Petrol,Automatic,First,17.0 kmpl,1086 CC,null bhp,White,5.0,4.0,,2.4
Mercedes-Benz New,Delhi,2011.0,62148.0,Petrol,Manual,First,11.7 kmpl,1796 CC,178 bhp,Black/Silver,5.0,4.0,,8.8
Skoda Laura,Pune,2010.0,85000.0,Petrol,Manual,First,17.5 kmpl,1798 CC,null bhp,Black/Silver,5.0,4.0,,2.85
Honda City,Jaipur,2009.0,78442.0,Petrol,Automatic,First,16.8 kmpl,1497 CC,118 bhp,Others,5.0,4.0,,3.57
Mahindra Ssangyong,Mumbai,2016.0,39000.0,Diesel,Automatic,First,11.18 kmpl,2696 CC,184 bhp,Black/Silver,7.0,5.0,,13.85
Ford Ecosport,Delhi,2014.0,31465.0,Diesel,Manual,First,22.7 kmpl,1498 CC,89.84 bhp,White,5.0,4.0,,6.5
Honda Amaze,Kochi,2015.0,34327.0,Petrol,Manual,First,18.0 kmpl,1198 CC,86.7 bhp,White,5.0,4.0,,5.4
Audi A6,Kochi,2014.0,62012.0,Diesel,Automatic,First,17.68 kmpl,1968 CC,174.33 bhp,Black/Silver,5.0,4.0,,20.12
Maruti S-Cross,Coimbatore,2016.0,74611.0,Diesel,Manual,First,25.1 kmpl,1248 CC,88.5 bhp,Others,5.0,4.0,13.26 Lakh,7.94
Ford EcoSport,Coimbatore,2018.0,18385.0,Petrol,Automatic,First,14.8 kmpl,1497 CC,121.36 bhp,Black/Silver,5.0,4.0,14.1 Lakh,12.41
Audi Q7,Kochi,2019.0,6773.0,Diesel,Automatic,First,14.75 kmpl,2967 CC,245 bhp,Black/Silver,7.0,5.0,91.38 Lakh,72.94
Hyundai Verna,Kolkata,2014.0,19000.0,Petrol,Manual,First,17.43 kmpl,1396 CC,105.5 bhp,Black/Silver,5.0,4.0,,5.25
Mahindra Xylo,Mumbai,2011.0,76000.0,Diesel,Manual,Second,14.0 kmpl,2498 CC,112 bhp,Black/Silver,7.0,5.0,,3.75
Maruti Zen,Delhi,2008.0,138000.0,Petrol,Manual,First,18.2 kmpl,1061 CC,64 bhp,Others,5.0,4.0,,1.2
Hyundai Santro,Chennai,2001.0,140000.0,Petrol,Manual,Third,20.3 kmpl,1086 CC,68 bhp,Others,5.0,4.0,4.55 Lakh,0.7
Honda Civic,Pune,2007.0,93000.0,Petrol,Automatic,Second,12.9 kmpl,1799 CC,130 bhp,Black/Silver,5.0,4.0,,2.6
Nissan Micra,Jaipur,2013.0,86999.0,Diesel,,First,23.08 kmpl,1461 CC,63.1 bhp,White,5.0,4.0,,3.5
Mercedes-Benz GLE,Coimbatore,2017.0,33552.0,Diesel,Automatic,First,11.57 kmpl,2987 CC,254.79 bhp,Black/Silver,5.0,4.0,95.13 Lakh,64.87
Hyundai i20,Pune,2015.0,29000.0,Diesel,Manual,Second,22.54 kmpl,1396 CC,88.73 bhp,Others,5.0,4.0,,7.0
Ford Figo,Hyderabad,2015.0,65542.0,Diesel,Manual,First,20.0 kmpl,1399 CC,68 bhp,Black/Silver,5.0,4.0,,3.8
Mercedes-Benz B,Delhi,2013.0,28000.0,Petrol,Automatic,First,14.8 kmpl,1595 CC,120.7 bhp,White,5.0,4.0,,11.56
Maruti Dzire,Pune,2016.0,30500.0,Diesel,Automatic,First,26.59 kmpl,1248 CC,74 bhp,Others,5.0,4.0,,7.65
Audi A6,Kochi,2014.0,51495.0,Diesel,Automatic,First,17.68 kmpl,1968 CC,174.33 bhp,White,5.0,4.0,,21.95
Mercedes-Benz E-Class,Pune,2016.0,45000.0,Diesel,Automatic,First,14.21 kmpl,2143 CC,203 bhp,Others,5.0,4.0,,34.0
Skoda Rapid,Coimbatore,2016.0,46630.0,Diesel,Automatic,First,21.66 kmpl,1498 CC,103.52 bhp,Others,5.0,4.0,,8.59
Maruti 800,Pune,2000.0,78000.0,Petrol,Manual,First,16.1 kmpl,796 CC,37 bhp,White,4.0,4.0,,0.55
Maruti Ertiga,Delhi,2013.0,68000.0,Diesel,Manual,First,25.47 kmpl,1248 CC,88.50 bhp,Others,7.0,5.0,11.75 Lakh,4.85
Ford Endeavour,Bangalore,2011.0,71000.0,Diesel,Manual,Third,13.1 kmpl,2499 CC,141 bhp,Others,7.0,5.0,,6.95
Maruti Swift,Ahmedabad,2013.0,58653.0,Diesel,Manual,First,25.2 kmpl,1248 CC,74 bhp,White,5.0,4.0,,4.4
Hyundai i20,Mumbai,2015.0,57000.0,Diesel,Manual,First,22.54 kmpl,1396 CC,88.73 bhp,White,5.0,4.0,,6.35
Audi Q7,Delhi,2008.0,71000.0,Petrol,Automatic,First,8.3 kmpl,4134 CC,250 bhp,Others,7.0,5.0,,11.99
Hyundai Creta,Jaipur,2015.0,32000.0,Diesel,Manual,First,21.38 kmpl,1396 CC,88.7 bhp,Black/Silver,5.0,4.0,,10.25
Maruti Ignis,Mumbai,2017.0,7000.0,Petrol,Manual,First,20.89 kmpl,1197 CC,81.80 bhp,Black/Silver,5.0,4.0,7.87 Lakh,5.7
Mahindra Xylo,Chennai,2016.0,215000.0,Diesel,Manual,First,14.02 kmpl,2179 CC,118.3 bhp,Black/Silver,7.0,5.0,11.67 Lakh,7.5
Audi A6,Coimbatore,2013.0,70998.0,Diesel,Automatic,First,17.68 kmpl,1968 CC,174.33 bhp,Black/Silver,5.0,4.0,,20.57
Toyota Corolla,Delhi,2011.0,67422.0,Petrol,Manual,Second,14.53 kmpl,1798 CC,138 bhp,Black/Silver,5.0,4.0,,3.55
Audi Q3,Hyderabad,2013.0,60000.0,Diesel,Automatic,First,17.32 kmpl,1968 CC,184 bhp,Black/Silver,5.0,4.0,,21.0
Mercedes-Benz S,Bangalore,2006.0,47088.0,Petrol,Automatic,Second,10.13 kmpl,3498 CC,364.9 bhp,Black/Silver,5.0,4.0,,19.0
Skoda Superb,Pune,2009.0,108000.0,Petrol,Automatic,First,13.7 kmpl,1798 CC,157.75 bhp,Others,5.0,4.0,,4.35
Honda Accord,Mumbai,2008.0,79000.0,Petrol,Automatic,Second,11.7 kmpl,2354 CC,177.6 bhp,Others,5.0,4.0,,4.85
Honda Amaze,Pune,2014.0,71000.0,Diesel,Manual,Second,25.8 kmpl,1498 CC,98.6 bhp,White,5.0,4.0,,4.5
Toyota Fortuner,Jaipur,2014.0,69000.0,Diesel,Manual,Second,13.0 kmpl,2982 CC,168.5 bhp,White,7.0,5.0,,20.0
Mercedes-Benz New,Kochi,2015.0,55980.0,Diesel,Automatic,First,19.27 kmpl,2143 CC,167.62 bhp,White,5.0,4.0,,18.12
Toyota Innova,Hyderabad,2012.0,162663.0,Diesel,Manual,First,12.99 kmpl,2494 CC,100 bhp,White,7.0,4.0,,10.5
Mercedes-Benz New,Bangalore,2012.0,33000.0,Petrol,Automatic,First,14.74 kmpl,1991 CC,184 bhp,Others,5.0,4.0,,16.0
Audi A6,Mumbai,2014.0,40000.0,Diesel,Automatic,First,17.68 kmpl,1968 CC,174.33 bhp,White,5.0,4.0,,22.95
Tata Nano,Bangalore,2016.0,29000.0,Petrol,Automatic,First,21.9 kmpl,624 CC,37.48 bhp,Black/Silver,4.0,4.0,,2.8
Volkswagen Polo,Kochi,2016.0,59998.0,Diesel,Manual,First,20.14 kmpl,1498 CC,88.8 bhp,White,5.0,4.0,,5.49
Hyundai i10,Jaipur,2010.0,59000.0,Petrol,Manual,Second,19.81 kmpl,1086 CC,68.05 bhp,Others,5.0,4.0,,2.32
Ford Endeavour,Kochi,2018.0,30552.0,Diesel,Automatic,First,10.91 kmpl,3198 CC,197.2 bhp,White,7.0,5.0,,32.44
Maruti Vitara,Pune,2016.0,85000.0,Diesel,Manual,First,24.3 kmpl,1248 CC,88.5 bhp,Black/Silver,5.0,4.0,11.96 Lakh,8.9
Maruti Celerio,Mumbai,2015.0,33000.0,Petrol,Automatic,First,23.1 kmpl,998 CC,67.04 bhp,Others,5.0,4.0,,3.99
Hyundai Creta,Hyderabad,2018.0,9900.0,Petrol,Manual,First,15.8 kmpl,1591 CC,121.3 bhp,Others,5.0,4.0,14.72 Lakh,13.2
Maruti Ritz,Mumbai,2016.0,11000.0,Petrol,Manual,First,18.5 kmpl,1197 CC,85.80 bhp,White,5.0,4.0,,3.95
Volvo V40,Bangalore,2015.0,33000.0,Diesel,Automatic,Second,16.8 kmpl,1984 CC,150 bhp,Others,5.0,4.0,,22.0
BMW X1,Jaipur,2012.0,63000.0,Diesel,Automatic,First,17.05 kmpl,1995 CC,184 bhp,White,5.0,4.0,,13.5
Honda Amaze,Pune,2018.0,1700.0,Petrol,Automatic,First,19.0 kmpl,1199 CC,88.76 bhp,White,5.0,4.0,9.44 Lakh,7.8
Mahindra KUV,Coimbatore,2017.0,22033.0,Diesel,Manual,First,25.32 kmpl,1198 CC,77 bhp,White,6.0,4.0,,5.58
Hyundai Verna,Jaipur,2013.0,69573.0,Diesel,Manual,Second,22.32 kmpl,1582 CC,126.32 bhp,Others,5.0,4.0,,5.85
Mercedes-Benz GLS,Delhi,2018.0,6000.0,Diesel,Automatic,First,11.0 kmpl,2987 CC,258 bhp,Black/Silver,7.0,5.0,1.02 Cr,79.0
Honda Jazz,Kochi,2016.0,30534.0,Petrol,Automatic,First,19.0 kmpl,1199 CC,88.7 bhp,Others,5.0,4.0,,7.42
Maruti SX4,Kochi,2011.0,79940.0,Petrol,Manual,First,15.5 kmpl,1586 CC,103.3 bhp,Black/Silver,5.0,4.0,,2.78
Mercedes-Benz B,Bangalore,2016.0,36610.0,Diesel,Automatic,First,15.0 kmpl,2143 CC,107.3 bhp,Black/Silver,5.0,4.0,,19.9
Hyundai i10,Delhi,2010.0,62000.0,Petrol,Manual,First,20.36 kmpl,1197 CC,78.9 bhp,Others,5.0,4.0,,2.4
Maruti Ritz,Hyderabad,2010.0,79324.0,Diesel,Manual,First,21.1 kmpl,1248 CC,73.9 bhp,Black/Silver,5.0,4.0,,3.3
Nissan Terrano,Mumbai,2013.0,60000.0,Diesel,Manual,Second,19.64 kmpl,1461 CC,108.5 bhp,Others,5.0,4.0,17.21 Lakh,5.45
Hyundai Verna,Chennai,2016.0,51000.0,Petrol,Manual,First,17.01 kmpl,1591 CC,121.3 bhp,Others,5.0,4.0,,6.5
Hyundai Grand,Chennai,2015.0,54000.0,Petrol,Manual,Third,18.9 kmpl,1197 CC,82 bhp,White,5.0,4.0,,3.6
Maruti Swift,Jaipur,2012.0,83000.0,Diesel,Manual,First,23.4 kmpl,1248 CC,74 bhp,Others,5.0,4.0,,4.3
BMW X5,Hyderabad,2011.0,124652.0,Diesel,Automatic,First,11.7 kmpl,2993 CC,245 bhp,Others,5.0,4.0,,21.99
Audi Q7,Kochi,2016.0,72132.0,Diesel,Automatic,Second,12.07 kmpl,2967 CC,241.4 bhp,Others,7.0,5.0,,39.0
Maruti Celerio,Coimbatore,2015.0,59751.0,Petrol,Automatic,First,23.1 kmpl,998 CC,67.04 bhp,Others,5.0,4.0,,4.88
Toyota Corolla,Pune,2011.0,88000.0,Petrol,Automatic,First,14.53 kmpl,1794 CC,138.1 bhp,Black/Silver,5.0,4.0,,6.45
Honda Brio,Pune,2012.0,59000.0,Petrol,Manual,First,19.4 kmpl,1198 CC,86.8 bhp,Others,5.0,4.0,,3.25
BMW X5,Mumbai,2012.0,66000.0,Diesel,Automatic,First,15.3 kmpl,2993 CC,258 bhp,Others,5.0,4.0,,21.0
Hyundai Elantra,Pune,2013.0,170000.0,Diesel,Manual,First,22.54 kmpl,1582 CC,126.2 bhp,Black/Silver,5.0,4.0,20.87 Lakh,7.5
Ford Figo,Kolkata,2010.0,114703.0,Petrol,Manual,First,15.6 kmpl,1196 CC,70 bhp,White,5.0,4.0,,1.8
Skoda Rapid,Mumbai,2015.0,39822.0,Petrol,Manual,First,15.41 kmpl,1598 CC,103.52 bhp,Black/Silver,5.0,4.0,12.02 Lakh,4.68
Audi A4,Delhi,2011.0,57000.0,Diesel,Automatic,Second,16.55 kmpl,1968 CC,147.51 bhp,Others,5.0,4.0,,9.75
Nissan Terrano,Mumbai,2014.0,28238.0,Petrol,Manual,First,13.24 kmpl,1598 CC,102.5 bhp,Others,5.0,4.0,,5.55
BMW 5,Mumbai,2010.0,69300.0,Petrol,Automatic,Second,10.8 kmpl,2497 CC,150 bhp,White,5.0,4.0,,12.5
Volkswagen Polo,Pune,2010.0,79000.0,Petrol,Manual,Third,16.47 kmpl,1198 CC,73.9 bhp,White,5.0,4.0,,2.44
Toyota Qualis,Pune,2004.0,215750.0,Diesel,Manual,Second,0.0 kmpl,2446 CC,null bhp,Black/Silver,10.0,5.0,,3.5
Mahindra XUV500,Ahmedabad,2015.0,73000.0,Diesel,Manual,First,16.0 kmpl,2179 CC,140 bhp,Others,7.0,5.0,,12.5
Tata Xenon,Bangalore,2014.0,60000.0,Diesel,Manual,Second,13.49 kmpl,2179 CC,138.03 bhp,Others,5.0,4.0,,5.9
Maruti Ciaz,Mumbai,2016.0,38151.0,Diesel,Manual,First,28.09 kmpl,1248 CC,88.5 bhp,Black/Silver,5.0,4.0,,7.65
Maruti Ciaz,Chennai,2015.0,90000.0,Diesel,Manual,First,26.21 kmpl,1248 CC,88.5 bhp,Others,5.0,4.0,,6.5
Hyundai Verna,Delhi,2016.0,35000.0,Petrol,Manual,First,17.01 kmpl,1591 CC,121.3 bhp,Black/Silver,5.0,4.0,,7.4
Hyundai i10,Kolkata,2009.0,40000.0,Petrol,Manual,First,20.36 kmpl,1197 CC,78.9 bhp,Black/Silver,5.0,4.0,,1.7
Hyundai i20,Bangalore,2013.0,72000.0,Petrol,Automatic,First,15.0 kmpl,1396 CC,98.6 bhp,Black/Silver,5.0,4.0,,4.75
Toyota Fortuner,Coimbatore,2017.0,72668.0,Diesel,Manual,First,14.24 kmpl,2755 CC,174.5 bhp,Black/Silver,7.0,5.0,37.17 Lakh,28.85
Maruti Swift,Hyderabad,2012.0,68238.0,Diesel,Manual,First,22.9 kmpl,,,,5.0,4.0,,4.8
Toyota Innova,Hyderabad,2009.0,185200.0,Diesel,Manual,First,12.8 kmpl,2494 CC,102 bhp,White,8.0,5.0,,7.25
Maruti Swift,Mumbai,2016.0,23555.0,Petrol,Manual,First,22.0 kmpl,1197 CC,81.80 bhp,White,5.0,4.0,7 Lakh,5.1
Maruti Celerio,Hyderabad,2014.0,77815.0,Petrol,Automatic,First,23.1 kmpl,998 CC,67.04 bhp,White,5.0,4.0,,4.25
Maruti Wagon,Kochi,2015.0,43828.0,Petrol,Manual,First,20.51 kmpl,998 CC,67.04 bhp,Black/Silver,5.0,4.0,,3.52
Toyota Fortuner,Kochi,2011.0,169006.0,Diesel,Manual,First,14.24 kmpl,2755 CC,174.5 bhp,Others,7.0,5.0,36.69 Lakh,10.64
Toyota Innova,Ahmedabad,2013.0,60000.0,Diesel,Manual,First,12.99 kmpl,2494 CC,100 bhp,White,7.0,4.0,,7.9
Maruti Baleno,Delhi,2016.0,50003.0,Petrol,Manual,First,21.4 kmpl,1197 CC,83.1 bhp,Others,5.0,4.0,,5.45
Maruti Wagon,Mumbai,2016.0,8500.0,Petrol,Automatic,First,20.51 kmpl,998 CC,67 bhp,White,5.0,4.0,,4.22
Maruti Swift,Mumbai,2015.0,19000.0,Petrol,Manual,First,20.85 kmpl,1197 CC,83.14 bhp,Black/Silver,5.0,4.0,,5.25
Ford Figo,Chennai,2010.0,78000.0,Diesel,Manual,First,20.0 kmpl,1399 CC,68 bhp,Others,5.0,4.0,,2.25
Maruti Alto,Jaipur,2014.0,45700.0,Petrol,Manual,Second,22.74 kmpl,796 CC,47.3 bhp,White,5.0,4.0,,2.42
Tata Indica,Pune,2017.0,8200.0,Diesel,Manual,First,25.0 kmpl,1396 CC,69 bhp,Others,5.0,4.0,,4.4
Hyundai i10,Jaipur,2011.0,40496.0,Petrol,Manual,First,20.36 kmpl,1197 CC,78.9 bhp,White,5.0,4.0,,2.65
Skoda Laura,Jaipur,2009.0,100000.0,Diesel,Manual,First,17.0 kmpl,1896 CC,105 bhp,White,5.0,4.0,,3.11
Maruti Celerio,Kochi,2018.0,31396.0,Petrol,Manual,First,23.1 kmpl,998 CC,67.04 bhp,Black/Silver,5.0,4.0,,5.53
Honda City,Delhi,2009.0,79782.0,Petrol,Manual,Second,17.0 kmpl,1497 CC,118 bhp,Black/Silver,5.0,4.0,,2.6
Skoda Octavia,Mumbai,2015.0,50000.0,Diesel,Automatic,First,19.3 kmpl,1968 CC,141 bhp,Others,5.0,4.0,,11.69
Mercedes-Benz E-Class,Jaipur,2015.0,41493.0,Diesel,Automatic,First,13.0 kmpl,2987 CC,265 bhp,Others,5.0,4.0,,42.0
Maruti Swift,Pune,2017.0,12000.0,Petrol,Manual,First,16.1 kmpl,1197 CC,85 bhp,Black/Silver,5.0,4.0,,5.5
Maruti Omni,Coimbatore,2010.0,93850.0,Petrol,Manual,First,14.0 kmpl,796 CC,35 bhp,White,5.0,4.0,,2.41
Maruti Baleno,Hyderabad,2018.0,17810.0,Diesel,Manual,First,27.39 kmpl,1248 CC,74 bhp,Black/Silver,5.0,4.0,,8.5
Chevrolet Beat,Jaipur,2012.0,88000.0,Diesel,Manual,First,25.44 kmpl,936 CC,57.6 bhp,White,5.0,4.0,,1.5
Hyundai i20,Kochi,2014.0,46566.0,Diesel,Manual,First,22.54 kmpl,1396 CC,88.76 bhp,White,5.0,4.0,,4.4
Hyundai i20,Kolkata,2010.0,45000.0,Petrol,Manual,First,18.5 kmpl,1197 CC,80 bhp,White,5.0,4.0,,1.9
Ford Figo,Chennai,2016.0,29875.0,Petrol,Manual,First,18.16 kmpl,1196 CC,86.8 bhp,Black/Silver,5.0,4.0,,4.85
Maruti Ciaz,Chennai,2016.0,34000.0,Diesel,Manual,First,28.09 kmpl,1248 CC,88.5 bhp,White,5.0,4.0,,8.45
Hyundai Creta,Kochi,2018.0,53322.0,Petrol,Manual,First,15.8 kmpl,1591 CC,121.3 bhp,White,5.0,4.0,16.06 Lakh,12.13
Toyota Innova,Hyderabad,2012.0,131000.0,Diesel,Manual,First,12.99 kmpl,2494 CC,100 bhp,Others,7.0,4.0,,9.6
Honda Brio,Delhi,2016.0,32700.0,Petrol,Manual,First,19.4 kmpl,1198 CC,86.8 bhp,Black/Silver,5.0,4.0,,3.68
Toyota Innova,Jaipur,2015.0,100000.0,Diesel,Manual,Second,12.99 kmpl,2494 CC,100.6 bhp,Others,7.0,4.0,,12.0
Hyundai i20,Coimbatore,2017.0,24153.0,Diesel,Manual,Second,22.54 kmpl,1396 CC,88.73 bhp,White,5.0,4.0,,9.18
Toyota Etios,Bangalore,2013.0,37000.0,Diesel,Manual,First,23.59 kmpl,1364 CC,67.04 bhp,White,5.0,4.0,,5.75
Volkswagen Polo,Hyderabad,2011.0,75020.0,Diesel,Manual,First,22.07 kmpl,1199 CC,73.9 bhp,Black/Silver,5.0,4.0,,4.1
Maruti Swift,Pune,2010.0,90246.0,Petrol,Manual,First,16.1 kmpl,1298 CC,88.2 bhp,Black/Silver,5.0,4.0,,2.95
Honda Brio,Coimbatore,2016.0,37300.0,Petrol,Automatic,Second,16.5 kmpl,1198 CC,86.8 bhp,White,5.0,4.0,,6.46
Mahindra Verito,Chennai,2011.0,110000.0,Diesel,Manual,Second,21.0 kmpl,1461 CC,64.1 bhp,Black/Silver,5.0,4.0,,2.4
Maruti Swift,Kochi,2013.0,59350.0,Petrol,Manual,First,19.1 kmpl,1197 CC,85.8 bhp,Others,5.0,4.0,,4.16
Toyota Camry,Chennai,2016.0,29277.0,Petrol,Automatic,First,19.16 kmpl,2494 CC,158.2 bhp,Others,5.0,4.0,,27.0
Chevrolet Cruze,Coimbatore,2014.0,80073.0,Diesel,Manual,First,17.3 kmpl,1998 CC,163.7 bhp,Others,5.0,4.0,,7.11
Hyundai Grand,Hyderabad,2014.0,73042.0,Diesel,Manual,First,24.0 kmpl,1120 CC,70 bhp,Others,5.0,4.0,,3.99
Audi A6,Coimbatore,2009.0,52830.0,Diesel,Automatic,Second,16.77 kmpl,2967 CC,241.38 bhp,Black/Silver,5.0,4.0,,8.08
Mahindra XUV500,Coimbatore,2016.0,62946.0,Diesel,Manual,First,15.1 kmpl,2179 CC,140 bhp,White,7.0,5.0,,11.05
Hyundai Grand,Jaipur,2016.0,57824.0,Diesel,Manual,First,24.0 kmpl,1120 CC,70 bhp,White,5.0,4.0,,5.5
Tata Indigo,Pune,2015.0,83000.0,Diesel,Manual,First,19.09 kmpl,1405 CC,69.01 bhp,Others,5.0,4.0,,2.7
Tata New,Kolkata,2011.0,90000.0,Diesel,Manual,Second,13.93 kmpl,2179 CC,138.1 bhp,Black/Silver,7.0,5.0,,2.75
Land Rover Range,Delhi,2014.0,38999.0,Diesel,Automatic,First,12.7 kmpl,2179 CC,187.7 bhp,White,5.0,4.0,,32.5
Volkswagen Vento,Kochi,2016.0,44782.0,Diesel,Automatic,First,21.21 kmpl,1498 CC,103.2 bhp,Black/Silver,5.0,4.0,,7.12
Toyota Corolla,Kochi,2012.0,83184.0,Petrol,Manual,First,14.28 kmpl,1798 CC,138.03 bhp,White,5.0,4.0,21.69 Lakh,6.22
Hyundai i10,Kochi,2012.0,42591.0,Petrol,Manual,First,20.36 kmpl,1197 CC,78.9 bhp,Black/Silver,5.0,4.0,,3.2
Maruti Swift,Kochi,2015.0,53500.0,Diesel,Manual,First,28.4 kmpl,1248 CC,74 bhp,Others,5.0,4.0,7.88 Lakh,5.36
Ford Fiesta,Hyderabad,2012.0,45122.0,Diesel,Manual,First,23.5 kmpl,1498 CC,88.7 bhp,White,5.0,4.0,,6.0
Honda Brio,Pune,2013.0,45000.0,Petrol,Manual,Second,19.4 kmpl,1198 CC,86.8 bhp,Black/Silver,5.0,4.0,,3.25
Land Rover Range,Pune,2015.0,52000.0,Diesel,Automatic,First,12.7 kmpl,2179 CC,187.7 bhp,White,5.0,4.0,,39.75
Hyundai Creta,Mumbai,2015.0,47250.0,Diesel,Manual,Second,19.67 kmpl,1582 CC,126.2 bhp,Black/Silver,5.0,4.0,,11.0
Maruti Swift,Mumbai,2017.0,18414.0,Diesel,Manual,First,23.4 kmpl,1248 CC,74 bhp,Black/Silver,5.0,4.0,,7.25
Maruti Swift,Kolkata,2014.0,45000.0,Diesel,Manual,First,23.4 kmpl,1248 CC,74 bhp,White,5.0,4.0,,3.85
Skoda Superb,Coimbatore,2014.0,81001.0,Diesel,Automatic,First,17.2 kmpl,1968 CC,138.1 bhp,Others,5.0,4.0,,10.9
Honda BRV,Mumbai,2017.0,16503.0,Petrol,Automatic,First,16.0 kmpl,1497 CC,117.3 bhp,Others,7.0,5.0,15.02 Lakh,9.5
Ford Fiesta,Chennai,2008.0,94873.0,Petrol,Manual,Second,15.3 kmpl,1596 CC,101 bhp,Others,5.0,4.0,,1.85
Mercedes-Benz GLA,Mumbai,2016.0,43022.0,Diesel,Automatic,First,17.9 kmpl,2143 CC,136 bhp,Others,5.0,4.0,,24.85
Maruti Ciaz,Coimbatore,2018.0,68737.0,Diesel,Manual,First,26.21 kmpl,1248 CC,88.5 bhp,Black/Silver,5.0,4.0,,9.32
Maruti Ciaz,Kochi,2016.0,43152.0,Petrol,Manual,First,20.73 kmpl,1373 CC,91.1 bhp,Others,5.0,4.0,,7.35
Hyundai Verna,Pune,2013.0,37086.0,Petrol,Automatic,First,17.0 kmpl,1591 CC,121.3 bhp,Black/Silver,5.0,4.0,,5.44
Maruti Swift,Jaipur,2015.0,39437.0,Diesel,Manual,First,28.4 kmpl,1248 CC,74 bhp,White,5.0,4.0,7.01 Lakh,5.15
Maruti Wagon,Pune,2009.0,120000.0,Petrol,Manual,First,18.9 kmpl,998 CC,67.1 bhp,Others,5.0,4.0,,1.69
Toyota Corolla,Mumbai,2010.0,63298.0,Petrol,Automatic,First,14.53 kmpl,1794 CC,138.1 bhp,White,5.0,4.0,,3.95
Volkswagen Vento,Ahmedabad,2011.0,51100.0,Diesel,Manual,First,20.54 kmpl,1598 CC,103.6 bhp,Black/Silver,5.0,4.0,,3.4
Audi A4,Coimbatore,2015.0,35463.0,Diesel,Automatic,First,14.94 kmpl,2967 CC,241.4 bhp,White,5.0,4.0,,25.02
Mercedes-Benz E-Class,Mumbai,2008.0,68333.0,Diesel,Automatic,Second,11.0 kmpl,2987 CC,198.5 bhp,Others,5.0,4.0,,8.5
Mercedes-Benz E-Class,Coimbatore,2019.0,9312.0,Diesel,Automatic,First,18.0 kmpl,2987 CC,258 bhp,Black/Silver,5.0,4.0,92.5 Lakh,78.8
Mercedes-Benz New,Coimbatore,2018.0,29161.0,Diesel,Automatic,First,19.27 kmpl,2143 CC,167.62 bhp,Others,5.0,4.0,,39.41
BMW X1,Coimbatore,2015.0,42265.0,Diesel,Automatic,Second,20.68 kmpl,1995 CC,190 bhp,Others,5.0,4.0,48.18 Lakh,22.24
Tata Nano,Coimbatore,2017.0,14149.0,Petrol,Manual,First,23.9 kmpl,624 CC,37.48 bhp,White,4.0,4.0,,3.47
Hyundai i10,Kolkata,2015.0,28000.0,Petrol,Manual,First,20.36 kmpl,1197 CC,78.9 bhp,White,5.0,4.0,,3.4
Hyundai i10,Mumbai,2015.0,20000.0,Petrol,Manual,First,20.36 kmpl,1197 CC,78.9 bhp,Black/Silver,5.0,4.0,,3.75
Skoda Laura,Ahmedabad,2009.0,60002.0,Diesel,Manual,Second,17.5 kmpl,1896 CC,106 bhp,Black/Silver,5.0,4.0,,4.85
Mahindra Quanto,Kochi,2014.0,58816.0,Diesel,Manual,First,17.21 kmpl,1493 CC,100 bhp,Others,7.0,5.0,,3.45
Skoda Superb,Delhi,2014.0,65000.0,Petrol,Automatic,First,13.7 kmpl,1798 CC,157.75 bhp,Black/Silver,5.0,4.0,,11.95
Skoda Octavia,Hyderabad,2015.0,38000.0,Petrol,Automatic,First,14.7 kmpl,1798 CC,177.5 bhp,White,5.0,4.0,,16.0
Mahindra Scorpio,Hyderabad,2006.0,92000.0,Diesel,Manual,First,10.5 kmpl,2179 CC,120 bhp,Others,8.0,5.0,,3.45
Honda City,Bangalore,2014.0,62000.0,Petrol,Manual,Second,17.4 kmpl,1497 CC,117.3 bhp,Others,5.0,4.0,,7.75
Toyota Innova,Ahmedabad,2016.0,90000.0,Diesel,Manual,First,12.99 kmpl,2494 CC,100.6 bhp,Others,7.0,4.0,,10.9
Maruti Alto,Bangalore,2011.0,64000.0,Petrol,Manual,First,19.7 kmpl,796 CC,46.3 bhp,Others,5.0,4.0,,2.39
Audi A4,Kolkata,2014.0,40000.0,Diesel,Automatic,First,17.11 kmpl,1968 CC,174.33 bhp,White,5.0,4.0,,17.5
BMW 5,Hyderabad,2014.0,51000.0,Diesel,Automatic,First,22.48 kmpl,1995 CC,190 bhp,White,5.0,4.0,69.47 Lakh,33.5
Ford Freestyle,Kolkata,2018.0,8896.0,Petrol,Manual,First,19.0 kmpl,1194 CC,94.68 bhp,White,5.0,4.0,8.24 Lakh,7.34
Honda Accord,Delhi,2012.0,64709.0,Petrol,Manual,Second,12.8 kmpl,2354 CC,177.6 bhp,Others,5.0,4.0,,6.0
Land Rover Range,Coimbatore,2014.0,95649.0,Diesel,Automatic,First,12.7 kmpl,2179 CC,187.7 bhp,White,5.0,4.0,,29.67
Skoda Yeti,Hyderabad,2012.0,99754.0,Diesel,Manual,First,17.72 kmpl,1968 CC,108.49 bhp,Others,5.0,4.0,,7.99
Audi A6,Coimbatore,2017.0,36824.0,Diesel,Automatic,First,18.53 kmpl,1968 CC,187.74 bhp,Others,5.0,4.0,69.37 Lakh,39.84
Skoda Laura,Delhi,2011.0,70000.0,Petrol,Manual,Second,13.4 kmpl,1798 CC,157.8 bhp,White,5.0,4.0,,4.75
Maruti Swift,Coimbatore,2014.0,83274.0,Diesel,Manual,First,22.9 kmpl,1248 CC,74 bhp,Others,5.0,4.0,,5.79
BMW 3,Bangalore,2016.0,19235.0,Diesel,Automatic,First,21.76 kmpl,1995 CC,190 bhp,White,5.0,4.0,62.07 Lakh,36.5
Mercedes-Benz E-Class,Chennai,2007.0,70000.0,Diesel,Automatic,First,11.0 kmpl,2987 CC,198.5 bhp,Others,5.0,4.0,,11.0
Toyota Fortuner,Delhi,2015.0,70000.0,Diesel,Automatic,First,11.5 kmpl,2982 CC,169 bhp,Others,7.0,5.0,,19.48
Maruti Swift,Chennai,2010.0,100000.0,Diesel,Manual,First,19.3 kmpl,1248 CC,73.9 bhp,White,5.0,4.0,,4.5
BMW 3,Mumbai,2017.0,8000.0,Diesel,Automatic,First,19.59 kmpl,1995 CC,187.74 bhp,Black/Silver,5.0,4.0,,33.75
Datsun Redi,Bangalore,2017.0,12000.0,Petrol,Manual,First,22.7 kmpl,799 CC,53 bhp,White,5.0,4.0,,3.1
Tata Manza,Coimbatore,2014.0,50446.0,Diesel,Manual,First,21.12 kmpl,1248 CC,88.8 bhp,Black/Silver,5.0,4.0,,3.54
Maruti Eeco,Mumbai,2014.0,34669.0,Petrol,Manual,First,15.1 kmpl,1196 CC,73 bhp,Black/Silver,7.0,5.0,4.71 Lakh,2.9
Hyundai i10,Kolkata,2013.0,25000.0,Petrol,Manual,First,20.36 kmpl,1197 CC,78.9 bhp,Black/Silver,5.0,4.0,,2.65
Honda City,Kolkata,2011.0,42086.0,Petrol,Manual,First,17.0 kmpl,1497 CC,118 bhp,Others,5.0,4.0,,3.35
Maruti Swift,Hyderabad,2015.0,62476.0,Diesel,Manual,First,26.59 kmpl,1248 CC,74 bhp,Black/Silver,5.0,4.0,,7.95
Honda BR-V,Pune,2017.0,9000.0,Petrol,Manual,First,15.4 kmpl,1497 CC,117.3 bhp,Black/Silver,7.0,5.0,12.51 Lakh,8.5
Toyota Innova,Kolkata,2005.0,65175.0,Diesel,Manual,First,12.8 kmpl,2494 CC,102 bhp,White,8.0,5.0,,3.25
Mitsubishi Pajero,Coimbatore,2019.0,11827.0,Diesel,Automatic,First,13.5 kmpl,2477 CC,175.56 bhp,Others,6.0,5.0,,27.11
Land Rover Range,Delhi,2014.0,72000.0,Diesel,Automatic,First,12.7 kmpl,2179 CC,187.7 bhp,White,5.0,4.0,,27.0
Mahindra XUV500,Delhi,2014.0,58000.0,Diesel,Manual,First,15.1 kmpl,2179 CC,140 bhp,Others,7.0,5.0,,8.1
Volkswagen Polo,Ahmedabad,2013.0,55000.0,Diesel,Manual,First,22.07 kmpl,1199 CC,73.9 bhp,White,5.0,4.0,,4.25
Toyota Corolla,Mumbai,2015.0,68000.0,Petrol,Automatic,Second,14.28 kmpl,1798 CC,138.03 bhp,White,5.0,4.0,,9.75
Mercedes-Benz B,Delhi,2013.0,29000.0,Petrol,Automatic,First,14.8 kmpl,1595 CC,120.7 bhp,White,5.0,4.0,,11.25
Honda City,Coimbatore,2012.0,67590.0,Petrol,Manual,First,17.0 kmpl,1497 CC,118 bhp,White,5.0,4.0,,5.65
Mahindra NuvoSport,Coimbatore,2017.0,37712.0,Diesel,Manual,First,17.45 kmpl,1493 CC,100 bhp,White,7.0,5.0,11.77 Lakh,7.57
Toyota Innova,Coimbatore,2011.0,45004.0,Diesel,,,12.8 kmpl,2494 CC,102 bhp,Others,7.0,4.0,,9.48
Ford Ecosport,Hyderabad,2014.0,85670.0,Diesel,Manual,First,22.7 kmpl,1498 CC,89.84 bhp,Others,5.0,4.0,,6.25
Skoda Laura,Pune,2010.0,84000.0,Diesel,Automatic,First,20.0 kmpl,1968 CC,138.1 bhp,White,5.0,4.0,,4.45
Skoda Laura,Bangalore,2011.0,94821.0,Diesel,Automatic,Second,20.0 kmpl,1968 CC,138.1 bhp,White,5.0,4.0,,6.75
Nissan Micra,Hyderabad,2011.0,123880.0,Diesel,Manual,First,23.08 kmpl,1461 CC,63.1 bhp,Black/Silver,5.0,4.0,,3.3
Hyundai i20,Kochi,2016.0,28470.0,Petrol,Manual,First,18.6 kmpl,1197 CC,81.83 bhp,Black/Silver,5.0,4.0,,6.95
Hyundai i20,Mumbai,2018.0,19500.0,Petrol,Manual,First,18.6 kmpl,1197 CC,81.83 bhp,White,5.0,4.0,,5.85
Mercedes-Benz A,Mumbai,2016.0,17000.0,Petrol,Automatic,First,15.5 kmpl,1595 CC,122 bhp,White,5.0,4.0,34.63 Lakh,17.25
Toyota Corolla,Kolkata,2015.0,45000.0,Diesel,Manual,First,21.43 kmpl,1364 CC,87.2 bhp,Black/Silver,5.0,4.0,,7.35
Jeep Compass,Jaipur,2018.0,29000.0,Diesel,Manual,First,17.1 kmpl,1956 CC,170 bhp,Others,5.0,4.0,22.95 Lakh,19.0
Ford Fiesta,Jaipur,2008.0,111111.0,Diesel,Manual,First,17.8 kmpl,1399 CC,null bhp,White,5.0,4.0,,2.0
BMW 5,Ahmedabad,2012.0,95000.0,Diesel,Automatic,Second,22.48 kmpl,1995 CC,190 bhp,Others,5.0,4.0,63.71 Lakh,17.5
Audi Q7,Coimbatore,2016.0,32545.0,Diesel,Automatic,First,12.07 kmpl,2967 CC,241.4 bhp,White,7.0,5.0,,48.76
Hyundai Santro,Hyderabad,2007.0,96000.0,Petrol,Manual,Second,0.0 kmpl,999 CC,null bhp,White,5.0,4.0,,2.2
Toyota Innova,Pune,2013.0,112000.0,Diesel,Manual,First,12.8 kmpl,2494 CC,102 bhp,Black/Silver,8.0,5.0,,12.0
Hyundai i20,Jaipur,2013.0,70933.0,Diesel,Manual,Second,21.9 kmpl,1396 CC,88.76 bhp,Others,5.0,4.0,,3.9
Maruti Wagon,Pune,2014.0,38958.0,Petrol,Manual,First,22.5 kmpl,998 CC,67.04 bhp,White,5.0,4.0,5.56 Lakh,3.41
Volvo XC60,Kochi,2014.0,93144.0,Diesel,Automatic,First,14.7 kmpl,1984 CC,181 bhp,White,5.0,4.0,,17.15
Nissan Micra,Ahmedabad,2013.0,71007.0,Diesel,Manual,First,23.08 kmpl,1461 CC,63.1 bhp,White,5.0,4.0,,3.9
Maruti Alto,Hyderabad,2016.0,9370.0,Petrol,Manual,First,22.74 kmpl,796 CC,47.3 bhp,Others,5.0,4.0,,2.95
BMW 1,Hyderabad,2013.0,51000.0,Diesel,Automatic,Second,20.58 kmpl,1995 CC,143 bhp,Black/Silver,5.0,4.0,,17.0
Ford Freestyle,Mumbai,2007.0,1261.0,Petrol,Manual,First,19.0 kmpl,1194 CC,94.68 bhp,Black/Silver,5.0,4.0,8.12 Lakh,6.0
Mercedes-Benz New,Kolkata,2007.0,43627.0,Petrol,Automatic,First,11.74 kmpl,1796 CC,186 bhp,Others,5.0,4.0,,29.0
Renault Duster,Pune,2012.0,74000.0,Diesel,Manual,First,19.01 kmpl,1461 CC,108.45 bhp,Black/Silver,5.0,4.0,,6.35
BMW 7,Chennai,2010.0,58000.0,Diesel,Automatic,First,16.46 kmpl,2993 CC,258 bhp,White,5.0,4.0,,31.0
Skoda Laura,Coimbatore,2012.0,143017.0,Diesel,Automatic,First,20.0 kmpl,1968 CC,138.1 bhp,White,5.0,4.0,,6.58
Ford Ecosport,Coimbatore,2015.0,92708.0,Diesel,Manual,First,22.7 kmpl,1498 CC,89.84 bhp,White,5.0,4.0,,7.48
Maruti A-Star,Hyderabad,2009.0,66149.0,Petrol,Manual,First,19.0 kmpl,998 CC,66.1 bhp,Others,5.0,4.0,,2.45
Maruti Celerio,Chennai,2015.0,55000.0,Petrol,Automatic,First,23.1 kmpl,998 CC,67.04 bhp,White,5.0,4.0,6 Lakh,3.5
Mahindra Scorpio,Kolkata,2014.0,42000.0,Diesel,Manual,First,12.05 kmpl,2179 CC,120 bhp,White,8.0,5.0,,7.75
Toyota Innova,Hyderabad,2013.0,114708.0,Diesel,Manual,First,12.99 kmpl,2494 CC,100 bhp,Others,8.0,5.0,,12.6
Hyundai Creta,Kochi,2018.0,32854.0,Petrol,Automatic,First,13.0 kmpl,1591 CC,121.3 bhp,Others,5.0,4.0,,12.6
Maruti Wagon,Chennai,2005.0,66000.0,Petrol,Manual,First,14.0 kmpl,1061 CC,64 bhp,Black/Silver,5.0,4.0,,1.45
Honda Brio,Kolkata,2014.0,50000.0,Petrol,Manual,Second,19.4 kmpl,1198 CC,86.8 bhp,White,5.0,4.0,,2.5
Mercedes-Benz CLA,Coimbatore,2019.0,15976.0,Diesel,Automatic,First,17.9 kmpl,2143 CC,136 bhp,White,5.0,4.0,,36.76
Hyundai Creta,Delhi,2016.0,24347.0,Petrol,Manual,First,15.8 kmpl,1591 CC,121.3 bhp,White,5.0,4.0,16.06 Lakh,11.0
Honda Amaze,Pune,2013.0,47000.0,Petrol,Manual,First,18.0 kmpl,1198 CC,86.7 bhp,Others,5.0,4.0,,4.15
Hyundai EON,Pune,2013.0,22000.0,Petrol,Manual,First,21.1 kmpl,814 CC,55.2 bhp,White,5.0,4.0,,2.6
Ford Fiesta,Hyderabad,2011.0,52000.0,Diesel,Manual,First,17.8 kmpl,1399 CC,68 bhp,Others,5.0,4.0,,3.75
Hyundai Santro,Jaipur,2004.0,200000.0,Petrol,Manual,First,0.0 kmpl,1086 CC,null bhp,Black/Silver,5.0,4.0,,0.8
Ford Figo,Mumbai,2011.0,32000.0,Petrol,Manual,Second,15.6 kmpl,1196 CC,70 bhp,Others,5.0,4.0,,2.15
Maruti Eeco,Mumbai,2014.0,34670.0,Petrol,Manual,First,15.1 kmpl,1196 CC,73 bhp,Others,7.0,5.0,4.71 Lakh,2.9
Honda Amaze,Delhi,2015.0,52513.0,Petrol,Manual,First,18.0 kmpl,1198 CC,86.7 bhp,White,5.0,4.0,,4.65
Ford EcoSport,Kolkata,2013.0,44000.0,Diesel,Manual,First,22.77 kmpl,1498 CC,98.59 bhp,White,5.0,4.0,,4.9
Chevrolet Beat,Pune,2014.0,38800.0,Petrol,Manual,First,18.6 kmpl,1199 CC,76.8 bhp,White,5.0,4.0,,2.85
Honda Amaze,Kolkata,2013.0,38001.0,Diesel,Manual,First,25.8 kmpl,1498 CC,98.6 bhp,White,5.0,4.0,,3.9
Maruti Ciaz,Bangalore,2016.0,23988.0,Diesel,Manual,First,28.09 kmpl,1248 CC,88.5 bhp,White,5.0,4.0,,7.75
Maruti Ertiga,Mumbai,2012.0,88000.0,Diesel,Manual,First,20.77 kmpl,1248 CC,88.8 bhp,White,7.0,5.0,,5.85
Hyundai Grand,Ahmedabad,2015.0,46000.0,Petrol,Automatic,First,18.9 kmpl,1197 CC,82 bhp,White,5.0,4.0,,5.1
Ford Fiesta,Pune,2008.0,76000.0,Petrol,Manual,Second,16.6 kmpl,1388 CC,68 bhp,Others,5.0,4.0,,1.49
Hyundai i10,Hyderabad,2012.0,45000.0,Petrol,Manual,First,20.36 kmpl,1197 CC,78.9 bhp,White,5.0,4.0,,3.65
Honda City,Bangalore,2011.0,66000.0,Petrol,Manual,First,17.0 kmpl,1497 CC,118 bhp,Others,5.0,4.0,,4.9
Maruti Ritz,Mumbai,2016.0,62000.0,Petrol,Manual,First,18.5 kmpl,1197 CC,85.80 bhp,White,5.0,4.0,,3.2
Maruti Dzire,Mumbai,2012.0,74000.0,Diesel,Manual,Second,28.4 kmpl,1248 CC,73.75 bhp,Others,5.0,4.0,8.94 Lakh,4.25
Toyota Innova,Hyderabad,2009.0,135000.0,Diesel,Manual,Second,12.8 kmpl,2494 CC,102 bhp,White,8.0,5.0,,8.2
Hyundai i20,Pune,2015.0,118211.0,Diesel,Manual,First,22.54 kmpl,1396 CC,88.73 bhp,Others,5.0,4.0,,5.9
Mercedes-Benz S,Coimbatore,2017.0,56451.0,Diesel,Automatic,First,13.5 kmpl,2987 CC,282 bhp,White,5.0,4.0,,62.81
Volkswagen Polo,Coimbatore,2011.0,44748.0,Petrol,Manual,Second,16.47 kmpl,1198 CC,73.9 bhp,Black/Silver,5.0,4.0,,4.89
Mini Countryman,Jaipur,2017.0,8525.0,Diesel,Automatic,Second,16.6 kmpl,1998 CC,112 bhp,Others,5.0,4.0,,23.0
Hyundai Verna,Pune,2014.0,48000.0,Petrol,Manual,Second,17.01 kmpl,1591 CC,121.3 bhp,White,5.0,4.0,,5.2
Nissan Terrano,Kochi,2015.0,43190.0,Diesel,Manual,First,19.01 kmpl,1461 CC,108.5 bhp,Others,5.0,4.0,,7.61
Maruti Wagon,Pune,2007.0,90000.0,Petrol,Manual,Second,17.3 kmpl,1061 CC,64 bhp,Others,5.0,4.0,,1.24
Audi A4,Hyderabad,2017.0,14000.0,Diesel,Automatic,First,18.25 kmpl,1968 CC,187.74 bhp,Black/Silver,5.0,4.0,55.61 Lakh,43.0
Hyundai Grand,Coimbatore,2017.0,22526.0,Petrol,Automatic,First,18.9 kmpl,1197 CC,82 bhp,White,5.0,4.0,,7.6
Maruti Grand,Mumbai,2008.0,46810.0,Petrol,Manual,First,9.8 kmpl,1995 CC,163.5 bhp,Others,5.0,4.0,,3.95
Maruti Ertiga,Kochi,2018.0,51236.0,Diesel,Manual,First,25.47 kmpl,1248 CC,88.50 bhp,Others,7.0,5.0,10.83 Lakh,8.49
Hyundai i20,Mumbai,2015.0,42575.0,Petrol,Manual,First,18.6 kmpl,1197 CC,81.83 bhp,White,5.0,4.0,,5.05
Mercedes-Benz M-Class,Coimbatore,2016.0,22769.0,Diesel,Automatic,First,0.0 kmpl,2987 CC,165 bhp,Black/Silver,5.0,4.0,,49.22
Honda City,Kolkata,2011.0,125000.0,Petrol,Manual,First,17.0 kmpl,1497 CC,118 bhp,Others,5.0,4.0,,3.25
Maruti Grand,Kochi,2018.0,28786.0,Petrol,Manual,First,10.4 kmpl,2393 CC,163.5 bhp,White,5.0,4.0,,9.74
Hyundai Verna,Ahmedabad,2013.0,87000.0,Diesel,Automatic,First,22.0 kmpl,1582 CC,126.2 bhp,White,5.0,4.0,15.72 Lakh,5.9
Honda Amaze,Kochi,2015.0,47234.0,Petrol,Manual,First,18.0 kmpl,1198 CC,86.7 bhp,White,5.0,4.0,,5.09
Maruti Wagon,Pune,2015.0,55000.0,CNG,Manual,First,26.6 km/kg,998 CC,58.16 bhp,Others,5.0,4.0,,3.7
Maruti Alto,Hyderabad,2015.0,24617.0,Petrol,Manual,First,22.74 kmpl,796 CC,47.3 bhp,Black/Silver,5.0,4.0,,2.36
Maruti Ertiga,Pune,2012.0,168000.0,Diesel,Manual,First,20.77 kmpl,1248 CC,88.76 bhp,Others,7.0,5.0,,4.5
Maruti Swift,Jaipur,2010.0,71000.0,Diesel,Manual,First,19.3 kmpl,1248 CC,73.9 bhp,Others,5.0,4.0,,3.3
BMW 3,Ahmedabad,2011.0,74000.0,Diesel,Automatic,Second,16.07 kmpl,1995 CC,181 bhp,Others,5.0,4.0,,12.5
Mini Cooper,Kochi,2017.0,20469.0,Petrol,Automatic,First,16.82 kmpl,1998 CC,189.08 bhp,Black/Silver,4.0,4.0,44.28 Lakh,35.98
Mercedes-Benz B,Pune,2014.0,53753.0,Diesel,Automatic,Second,15.0 kmpl,2143 CC,107.3 bhp,Others,5.0,4.0,,16.75
Maruti Swift,Pune,2014.0,84000.0,Diesel,Manual,First,22.9 kmpl,1248 CC,74 bhp,White,5.0,4.0,,5.25
Chevrolet Aveo,Pune,2007.0,59000.0,Petrol,Manual,Third,15.26 kmpl,1150 CC,74.9 bhp,Black/Silver,5.0,4.0,,0.99
Mercedes-Benz E-Class,Hyderabad,2010.0,93000.0,Diesel,Automatic,Second,14.21 kmpl,2143 CC,203 bhp,Others,5.0,4.0,,17.5
Hyundai i20,Coimbatore,2018.0,25166.0,Petrol,Manual,First,17.19 kmpl,1197 CC,81.86 bhp,Others,5.0,4.0,,8.22
Volkswagen Vento,Chennai,2013.0,150000.0,Diesel,Manual,First,20.54 kmpl,1598 CC,103.6 bhp,Others,5.0,4.0,,5.0
Volkswagen Polo,Mumbai,2017.0,19000.0,Petrol,Manual,First,16.2 kmpl,1199 CC,74 bhp,White,5.0,4.0,,4.95
Toyota Corolla,Chennai,2003.0,70000.0,Petrol,Manual,Second,13.4 kmpl,1794 CC,125 bhp,Black/Silver,5.0,4.0,,1.7
Hyundai i20,Coimbatore,2016.0,17560.0,Petrol,Manual,First,18.6 kmpl,1197 CC,81.83 bhp,Others,5.0,4.0,,7.21
Maruti Wagon,Ahmedabad,2011.0,75000.0,Petrol,Manual,First,18.9 kmpl,998 CC,67.1 bhp,White,5.0,4.0,,2.6
Hyundai EON,Kochi,2017.0,30711.0,Petrol,Manual,First,20.3 kmpl,998 CC,68.05 bhp,Others,5.0,4.0,,4.45
Land Rover Range,Hyderabad,2010.0,45000.0,Diesel,Automatic,First,14.7 kmpl,2993 CC,241.4 bhp,Others,6.0,4.0,,40.0
BMW 5,Coimbatore,2014.0,60280.0,Diesel,Automatic,First,22.48 kmpl,1995 CC,190 bhp,Others,5.0,4.0,63.71 Lakh,22.45
Ford Figo,Pune,2016.0,115000.0,Diesel,Manual,First,25.83 kmpl,1498 CC,99 bhp,Others,5.0,4.0,,4.5
Honda City,Delhi,2012.0,42000.0,Petrol,Manual,First,17.0 kmpl,1497 CC,118 bhp,Black/Silver,5.0,4.0,,4.75
Maruti Swift,Hyderabad,2010.0,71000.0,Petrol,Manual,First,16.1 kmpl,1197 CC,85 bhp,Others,5.0,4.0,,3.3
Hyundai i10,Chennai,2013.0,21000.0,Petrol,Automatic,First,16.95 kmpl,1197 CC,78.9 bhp,Others,5.0,4.0,,3.96
Chevrolet Aveo,Pune,2007.0,81000.0,Petrol,Manual,First,15.26 kmpl,1150 CC,74.9 bhp,White,5.0,4.0,,1.3
Chevrolet Beat,Coimbatore,2014.0,55012.0,Diesel,Manual,Second,25.44 kmpl,936 CC,57.6 bhp,Black/Silver,5.0,4.0,,3.7
Maruti Zen,Hyderabad,2006.0,80000.0,Petrol,Manual,Second,17.3 kmpl,993 CC,60 bhp,Others,5.0,4.0,,1.2
Maruti Alto,Delhi,2015.0,51000.0,Petrol,Manual,First,20.92 kmpl,998 CC,67.1 bhp,Black/Silver,5.0,4.0,,2.65
BMW X1,Pune,2014.0,54385.0,Diesel,Automatic,Second,15.06 kmpl,1995 CC,177 bhp,Black/Silver,5.0,4.0,,17.0
Hyundai Grand,Pune,2016.0,13436.0,Petrol,Manual,Second,18.9 kmpl,1197 CC,82 bhp,Others,5.0,4.0,,4.7
BMW 3,Coimbatore,2017.0,34232.0,Diesel,Automatic,First,21.76 kmpl,1995 CC,190 bhp,Black/Silver,5.0,4.0,55.07 Lakh,35.84
Toyota Etios,Coimbatore,2019.0,20877.0,Petrol,Manual,First,18.16 kmpl,1197 CC,78.9 bhp,Others,5.0,4.0,7.59 Lakh,7.27
Skoda Octavia,Coimbatore,2011.0,75378.0,Diesel,Manual,First,18.7 kmpl,1896 CC,66 bhp,Black/Silver,5.0,4.0,,3.59
Land Rover Range,Delhi,2015.0,24000.0,Diesel,Automatic,Second,15.68 kmpl,1999 CC,177 bhp,Black/Silver,5.0,4.0,,33.5
Honda City,Pune,1999.0,140000.0,Petrol,Manual,First,13.0 kmpl,1343 CC,90 bhp,White,5.0,4.0,,0.9
Honda Jazz,Delhi,2015.0,62178.0,Petrol,Manual,First,18.2 kmpl,1199 CC,88.7 bhp,White,5.0,4.0,8.85 Lakh,4.85
Maruti Ritz,Kolkata,2012.0,39772.0,Diesel,Manual,First,23.2 kmpl,1248 CC,73.94 bhp,Others,5.0,4.0,,2.85
Maruti Ciaz,Hyderabad,2015.0,67048.0,Diesel,Manual,First,28.09 kmpl,1248 CC,88.5 bhp,Black/Silver,5.0,4.0,,7.9
Maruti Swift,Pune,2012.0,94868.0,Diesel,Manual,First,22.9 kmpl,1248 CC,74 bhp,White,5.0,4.0,,4.5
Maruti Ritz,Jaipur,2009.0,73000.0,Diesel,Manual,Second,21.1 kmpl,1248 CC,73.9 bhp,White,5.0,4.0,,2.35
Tata Indigo,Pune,2008.0,138000.0,Diesel,Manual,Second,17.1 kmpl,1396 CC,70 bhp,White,5.0,4.0,,1.25
Maruti Swift,Ahmedabad,2012.0,55002.0,Petrol,Manual,First,17.5 kmpl,1298 CC,85.8 bhp,Black/Silver,5.0,4.0,,4.25
Hyundai Santro,Pune,2006.0,47200.0,Petrol,Manual,Second,17.0 kmpl,1086 CC,null bhp,Others,5.0,4.0,,1.2
BMW X5,Kochi,2016.0,35659.0,Diesel,Automatic,First,15.97 kmpl,2993 CC,258 bhp,White,7.0,5.0,,43.78
Maruti Ritz,Bangalore,2016.0,120000.0,Diesel,Manual,First,23.2 kmpl,1248 CC,73.94 bhp,White,5.0,4.0,,3.65
Maruti Ertiga,Delhi,2014.0,79870.0,Diesel,Manual,First,20.77 kmpl,1248 CC,88.76 bhp,Others,7.0,5.0,,5.35
Maruti Vitara,Delhi,2017.0,40000.0,Diesel,Manual,First,24.3 kmpl,1248 CC,88.5 bhp,White,5.0,4.0,,7.9
Maruti Swift,Jaipur,2017.0,37282.0,Petrol,Manual,First,20.85 kmpl,1197 CC,83.14 bhp,White,5.0,4.0,,6.75
Toyota Fortuner,Hyderabad,2015.0,19317.0,Diesel,Manual,First,13.0 kmpl,2982 CC,168.7 bhp,White,7.0,5.0,,24.5
Volkswagen Polo,Kolkata,2011.0,66035.0,Diesel,Manual,First,22.07 kmpl,1199 CC,73.9 bhp,Black/Silver,5.0,4.0,,2.49
Nissan Sunny,Mumbai,2013.0,47000.0,Diesel,Manual,First,21.64 kmpl,1461 CC,84.8 bhp,White,5.0,4.0,,4.25
Honda Mobilio,Kolkata,2014.0,23000.0,Petrol,Manual,First,17.3 kmpl,1497 CC,117.3 bhp,White,7.0,5.0,,4.25
Honda City,Coimbatore,2012.0,77283.0,Petrol,Manual,First,17.0 kmpl,1497 CC,118 bhp,Black/Silver,5.0,4.0,,5.81
Maruti Swift,Kochi,2019.0,18592.0,Diesel,Manual,First,26.59 kmpl,1248 CC,74 bhp,White,5.0,4.0,,8.51
BMW 5,Pune,2011.0,95995.0,Diesel,Automatic,First,18.48 kmpl,1995 CC,177 bhp,Others,5.0,4.0,,15.5
Toyota Prius,Mumbai,2011.0,44000.0,Electric,Automatic,First,,1798 CC,73 bhp,Others,5.0,4.0,,12.75
Mahindra XUV500,Kolkata,2013.0,44000.0,Diesel,Manual,First,16.0 kmpl,2179 CC,140 bhp,Black/Silver,7.0,5.0,,7.25
Hyundai i20,Kolkata,2011.0,38277.0,Diesel,Manual,First,21.9 kmpl,1396 CC,90 bhp,White,5.0,4.0,,2.4
Ford Fiesta,Chennai,2006.0,89327.0,Diesel,Manual,Third,17.8 kmpl,1399 CC,68 bhp,Black/Silver,5.0,4.0,,1.55
BMW 7,Chennai,2014.0,35000.0,Diesel,Automatic,First,16.46 kmpl,2993 CC,258 bhp,Others,5.0,4.0,,52.0
Skoda Rapid,Kolkata,2012.0,55000.0,Diesel,Manual,First,20.5 kmpl,1598 CC,103.6 bhp,White,5.0,4.0,,3.5
Hyundai i20,Chennai,2014.0,41681.0,Petrol,Manual,First,17.0 kmpl,1197 CC,80 bhp,White,5.0,4.0,,4.55
Hyundai Verna,Pune,2012.0,89000.0,Diesel,Manual,First,22.32 kmpl,1582 CC,126.32 bhp,Black/Silver,5.0,4.0,,6.0
Hyundai Grand,Kochi,2016.0,52625.0,Diesel,Manual,First,24.0 kmpl,1120 CC,70 bhp,Others,5.0,4.0,,4.58
Toyota Corolla,,2012.0,,Petrol,Manual,First,14.53 kmpl,1798 CC,138.1 bhp,White,5.0,4.0,,6.75
Toyota Corolla,Delhi,2010.0,60000.0,Petrol,Automatic,Second,14.53 kmpl,1798 CC,138.1 bhp,Black/Silver,5.0,4.0,,4.65
Maruti Celerio,Hyderabad,2014.0,46559.0,Petrol,Automatic,First,23.1 kmpl,998 CC,67.04 bhp,Others,5.0,4.0,,3.75
Maruti Ciaz,Ahmedabad,2016.0,56000.0,Diesel,Manual,First,28.09 kmpl,1248 CC,88.5 bhp,Others,5.0,4.0,,7.5
Mercedes-Benz S,Pune,2010.0,137000.0,Diesel,Automatic,First,13.5 kmpl,2987 CC,282 bhp,White,5.0,4.0,,18.5
Hyundai Verna,Ahmedabad,2014.0,63003.0,Diesel,Manual,First,22.32 kmpl,1582 CC,126.32 bhp,White,5.0,4.0,,6.75
Fiat Petra,Pune,2005.0,120000.0,Petrol,Manual,Second,15.5 kmpl,1242 CC,null bhp,Others,5.0,4.0,,0.85
Mercedes-Benz E-Class,Hyderabad,2013.0,85000.0,Diesel,Automatic,First,16.1 kmpl,1950 CC,194 bhp,Others,5.0,4.0,71.15 Lakh,21.0
Maruti Ertiga,Mumbai,2017.0,19234.0,CNG,Manual,First,17.5 km/kg,1373 CC,80.46 bhp,Others,7.0,5.0,,8.35
Hyundai i10,Kochi,2017.0,52340.0,Petrol,Manual,First,19.81 kmpl,,68.05 bhp,White,5.0,4.0,,4.04
Volkswagen Polo,Chennai,2013.0,68000.0,Diesel,Manual,Second,22.07 kmpl,1199 CC,73.9 bhp,White,5.0,4.0,,4.8
Skoda Superb,Hyderabad,2017.0,26000.0,Petrol,Automatic,First,14.67 kmpl,1798 CC,177.46 bhp,White,5.0,4.0,33.58 Lakh,26.0
Honda City,Hyderabad,2010.0,27800.0,Petrol,Manual,First,17.0 kmpl,1497 CC,118 bhp,White,5.0,4.0,,5.0
Volkswagen Vento,Bangalore,2012.0,52000.0,Petrol,Manual,First,15.04 kmpl,1598 CC,103.6 bhp,Black/Silver,5.0,4.0,,5.45
Honda City,Coimbatore,2017.0,73003.0,Diesel,Manual,First,26.0 kmpl,1498 CC,98.6 bhp,Black/Silver,5.0,4.0,,7.75
Maruti Alto,Coimbatore,2016.0,18043.0,Petrol,Manual,First,22.74 kmpl,796 CC,47.3 bhp,Others,5.0,4.0,,4.12
Hyundai i20,Kochi,2018.0,37746.0,Diesel,Manual,First,21.19 kmpl,1396 CC,88.73 bhp,Others,5.0,4.0,,7.59
Mahindra XUV500,Chennai,2011.0,143354.0,Diesel,Manual,Second,16.0 kmpl,1997 CC,140 bhp,Others,7.0,5.0,,6.0
Maruti Ertiga,Mumbai,2013.0,53000.0,CNG,Manual,First,22.8 km/kg,1373 CC,80.9 bhp,White,7.0,5.0,,5.8
Maruti Ciaz,Mumbai,2015.0,35770.0,Petrol,Manual,First,20.73 kmpl,1373 CC,91.1 bhp,White,5.0,4.0,,5.95
Mini Cooper,Kolkata,2018.0,2971.0,Petrol,Automatic,First,13.6 kmpl,1598 CC,181 bhp,Others,4.0,4.0,,39.75
Mahindra Ssangyong,Pune,2013.0,57000.0,Diesel,Manual,First,12.83 kmpl,2696 CC,162 bhp,Others,7.0,5.0,,12.45
Maruti Swift,Chennai,2016.0,91000.0,Diesel,Manual,First,26.59 kmpl,1248 CC,74 bhp,Others,5.0,4.0,,4.5
Volvo XC90,Kochi,2014.0,89230.0,Diesel,Manual,First,11.1 kmpl,2400 CC,200 bhp,Others,7.0,5.0,,23.65
Hyundai Creta,Pune,2017.0,40158.0,Diesel,Manual,First,19.67 kmpl,1582 CC,126.2 bhp,Others,5.0,4.0,,13.75
Toyota Innova,Pune,2018.0,20300.0,Diesel,Automatic,First,11.36 kmpl,2755 CC,171.5 bhp,White,7.0,4.0,20.97 Lakh,18.0
Honda Civic,Hyderabad,2008.0,152000.0,Petrol,Manual,Second,13.5 kmpl,1799 CC,130 bhp,Black/Silver,5.0,4.0,,3.0
Volvo S60,Hyderabad,2015.0,51000.0,Diesel,Automatic,First,27.03 kmpl,1969 CC,190 bhp,Black/Silver,5.0,4.0,45.67 Lakh,25.0
Maruti Baleno,Kochi,2006.0,70362.0,Petrol,Manual,Second,15.4 kmpl,1590 CC,null bhp,Black/Silver,5.0,4.0,,1.81
Hyundai Santa,Jaipur,2013.0,74000.0,Diesel,Manual,First,14.66 kmpl,2199 CC,194.3 bhp,Others,7.0,5.0,,12.25
Hyundai Santro,Ahmedabad,2014.0,41125.0,Petrol,Manual,First,17.92 kmpl,1086 CC,62.1 bhp,Others,5.0,4.0,,2.7
BMW 5,Hyderabad,2011.0,101999.0,Diesel,Automatic,First,16.73 kmpl,1995 CC,218 bhp,Black/Silver,5.0,4.0,,19.99
Hyundai Tucson,Jaipur,2007.0,103515.0,Diesel,Manual,Third,12.6 kmpl,1991 CC,112 bhp,White,7.0,5.0,,5.0
Honda Brio,Mumbai,2012.0,39566.0,Petrol,Manual,Second,18.4 kmpl,1198 CC,86.8 bhp,Black/Silver,5.0,4.0,,2.75
Mercedes-Benz CLA,Kochi,2017.0,24733.0,Petrol,Automatic,First,15.04 kmpl,1991 CC,183 bhp,Others,5.0,4.0,,27.15
Ford Ecosport,Mumbai,2014.0,79000.0,Diesel,Manual,First,22.7 kmpl,1498 CC,89.84 bhp,White,5.0,4.0,,6.25
Hyundai Creta,Pune,2016.0,26000.0,Petrol,Manual,First,15.29 kmpl,1591 CC,121.3 bhp,White,5.0,4.0,,12.5
Jaguar XE,Hyderabad,2017.0,4000.0,Diesel,Automatic,First,13.6 kmpl,1999 CC,177 bhp,White,5.0,4.0,53.41 Lakh,38.0
Hyundai Santa,Bangalore,2016.0,36000.0,Diesel,Automatic,First,11.72 kmpl,2199 CC,194.3 bhp,Black/Silver,7.0,5.0,,23.0
Volkswagen Vento,Kochi,2012.0,53024.0,Petrol,Automatic,First,14.4 kmpl,1598 CC,103.6 bhp,White,5.0,4.0,,4.29
Hyundai Verna,Mumbai,2014.0,9200.0,Petrol,Manual,First,17.01 kmpl,1591 CC,121.3 bhp,Others,5.0,4.0,,5.75
Maruti Ertiga,Kolkata,2013.0,70000.0,Diesel,Manual,First,20.77 kmpl,1248 CC,88.8 bhp,Others,7.0,5.0,,5.45
BMW 3,Mumbai,2015.0,32500.0,Diesel,Automatic,First,19.59 kmpl,1995 CC,187.74 bhp,Others,5.0,4.0,,26.75
Maruti Alto,Delhi,2008.0,90000.0,Petrol,Manual,Second,19.7 kmpl,796 CC,46.3 bhp,White,5.0,4.0,,1.25
Maruti Wagon,Mumbai,2016.0,9000.0,Petrol,Automatic,First,20.51 kmpl,998 CC,67 bhp,Others,5.0,4.0,,4.25
Volkswagen Polo,Coimbatore,2018.0,22734.0,Petrol,Manual,First,16.47 kmpl,1198 CC,74 bhp,Black/Silver,5.0,4.0,,7.53
BMW 7,Mumbai,2007.0,75000.0,Diesel,Automatic,Second,16.46 kmpl,2993 CC,258 bhp,Others,5.0,4.0,,9.5
Hyundai i20,Hyderabad,2012.0,71360.0,Diesel,Manual,First,21.9 kmpl,1396 CC,90 bhp,White,5.0,4.0,,3.95
BMW 3,Mumbai,2014.0,23000.0,Diesel,Automatic,First,18.88 kmpl,1995 CC,184 bhp,White,5.0,4.0,,19.9
Maruti Swift,Coimbatore,2016.0,38461.0,Diesel,Manual,First,26.59 kmpl,1248 CC,74 bhp,Black/Silver,5.0,4.0,,7.39
Skoda Laura,Chennai,2013.0,120000.0,Diesel,Automatic,First,20.0 kmpl,1968 CC,138.1 bhp,Others,5.0,4.0,,6.95
Honda Amaze,Kolkata,2013.0,50000.0,Diesel,Manual,First,25.8 kmpl,1498 CC,98.6 bhp,Others,5.0,4.0,,3.25
Ford Figo,Jaipur,2010.0,100002.0,Diesel,Manual,Third,20.0 kmpl,1399 CC,68 bhp,Black/Silver,5.0,4.0,,1.28
Hyundai i20,Coimbatore,2018.0,18521.0,Diesel,Manual,First,22.54 kmpl,1396 CC,88.73 bhp,Black/Silver,5.0,4.0,,9.18
Hyundai Grand,Pune,2015.0,21000.0,Petrol,Manual,First,18.9 kmpl,1197 CC,82 bhp,White,5.0,4.0,,3.75
Volkswagen Vento,Mumbai,2014.0,46000.0,Petrol,Manual,First,15.04 kmpl,1598 CC,103.2 bhp,Black/Silver,5.0,4.0,,4.45
Toyota Innova,Jaipur,2013.0,250000.0,Diesel,Manual,Second,12.99 kmpl,2494 CC,100.6 bhp,Others,8.0,5.0,,7.9
Maruti Alto,Hyderabad,2011.0,70000.0,Petrol,Manual,First,20.92 kmpl,998 CC,67.1 bhp,White,5.0,4.0,,2.1
Hyundai i20,Kochi,2014.0,44525.0,Petrol,Manual,First,18.5 kmpl,1197 CC,82.9 bhp,Black/Silver,5.0,4.0,,4.65
Maruti Swift,Chennai,2015.0,23000.0,Diesel,Manual,First,25.2 kmpl,1248 CC,74 bhp,White,5.0,4.0,,6.5
Maruti Ciaz,Kochi,2016.0,40347.0,Petrol,Manual,First,20.73 kmpl,1373 CC,91.2 bhp,Black/Silver,5.0,4.0,,7.8
Hyundai EON,Jaipur,2015.0,91000.0,Petrol,Manual,First,21.1 kmpl,814 CC,55.2 bhp,Black/Silver,5.0,4.0,,2.5
Maruti Swift,Pune,2016.0,27755.0,Petrol,Manual,First,22.0 kmpl,1197 CC,81.80 bhp,Others,5.0,4.0,,5.45
Hyundai i20,Bangalore,2010.0,52000.0,Petrol,Manual,First,18.5 kmpl,1197 CC,80 bhp,Black/Silver,5.0,4.0,,3.65
Maruti Swift,Ahmedabad,2012.0,48772.0,Petrol,Manual,First,18.6 kmpl,1197 CC,85.8 bhp,Black/Silver,5.0,4.0,,3.91
BMW X1,Delhi,2015.0,49000.0,Diesel,Automatic,First,17.05 kmpl,1995 CC,184 bhp,White,5.0,4.0,,22.99
Volkswagen Polo,Mumbai,2015.0,57022.0,Petrol,Automatic,First,17.21 kmpl,1197 CC,103.6 bhp,Black/Silver,5.0,4.0,,6.51
Hyundai Creta,Ahmedabad,2016.0,55100.0,Diesel,Automatic,First,17.01 kmpl,1582 CC,126.2 bhp,Black/Silver,5.0,4.0,,12.0
Hyundai i10,Kochi,2017.0,49045.0,Petrol,Manual,First,20.36 kmpl,1197 CC,78.9 bhp,White,5.0,4.0,,4.07
Maruti Wagon,Kolkata,2016.0,12501.0,Petrol,Manual,First,20.51 kmpl,998 CC,67.04 bhp,White,5.0,4.0,,3.5
Land Rover Range,Hyderabad,2017.0,25000.0,Diesel,Automatic,First,13.33 kmpl,2993 CC,255 bhp,White,5.0,4.0,2.3 Cr,160.0
Volkswagen Vento,Pune,2012.0,67200.0,Petrol,Manual,First,15.04 kmpl,1598 CC,103.6 bhp,Others,5.0,4.0,,3.9
Tata Indica,Chennai,2008.0,77650.0,Diesel,Manual,First,17.2 kmpl,1396 CC,53.5 bhp,White,5.0,4.0,,1.15
Maruti Baleno,Kochi,2019.0,13574.0,Petrol,Automatic,First,21.4 kmpl,1197 CC,83.1 bhp,White,5.0,4.0,10.3 Lakh,9.51
Honda Brio,Pune,2012.0,49024.0,Petrol,Manual,First,18.4 kmpl,1198 CC,86.8 bhp,Others,5.0,4.0,,2.3
Hyundai Xcent,Chennai,2015.0,59800.0,Petrol,Automatic,First,16.9 kmpl,1197 CC,82 bhp,Others,5.0,4.0,,5.8
Honda Jazz,Delhi,2015.0,27000.0,Petrol,Automatic,First,19.0 kmpl,1199 CC,88.7 bhp,Black/Silver,5.0,4.0,,5.95
Hyundai Verna,Pune,2014.0,57539.0,Diesel,Automatic,First,22.32 kmpl,1582 CC,126.32 bhp,Others,5.0,4.0,,7.75
Renault Duster,Pune,2016.0,54000.0,Diesel,Manual,First,19.87 kmpl,1461 CC,83.8 bhp,Others,5.0,4.0,11.27 Lakh,6.5
Toyota Fortuner,Delhi,2015.0,90000.0,Diesel,Automatic,First,12.55 kmpl,2982 CC,168.5 bhp,White,7.0,5.0,,21.5
Ford EcoSport,Hyderabad,2016.0,36778.0,Diesel,Manual,First,22.77 kmpl,1498 CC,98.59 bhp,White,5.0,4.0,,8.8
Toyota Etios,Ahmedabad,2014.0,53000.0,Petrol,Manual,First,17.71 kmpl,1197 CC,78.9 bhp,White,5.0,4.0,6.41 Lakh,3.9
Volkswagen Vento,Pune,2013.0,23627.0,Petrol,Automatic,First,14.8 kmpl,1598 CC,105 bhp,White,5.0,4.0,,4.75
Toyota Fortuner,Bangalore,2012.0,100000.0,Diesel,Manual,Third,11.5 kmpl,2982 CC,171 bhp,Black/Silver,7.0,5.0,,16.0
Porsche Cayenne,Kochi,2019.0,14298.0,Petrol,Automatic,First,13.33 kmpl,2995 CC,340 bhp,Others,5.0,4.0,1.36 Cr,2.02
Maruti Ritz,Hyderabad,2010.0,110471.0,Diesel,Manual,First,21.1 kmpl,1248 CC,73.9 bhp,Black/Silver,5.0,4.0,,3.5
Tata Indigo,Pune,2008.0,52000.0,Petrol,Manual,Second,12.85 kmpl,1396 CC,99.6 bhp,Others,5.0,4.0,,1.3
Maruti Alto,Hyderabad,2014.0,88500.0,Petrol,Manual,First,24.07 kmpl,998 CC,67.1 bhp,White,5.0,4.0,4.53 Lakh,2.6
Volkswagen Polo,Jaipur,2014.0,60000.0,Diesel,Manual,Second,19.91 kmpl,1498 CC,103.6 bhp,Others,5.0,4.0,,3.7
Hyundai i10,Pune,2013.0,15200.0,Petrol,Automatic,Second,16.95 kmpl,1197 CC,78.9 bhp,Black/Silver,5.0,4.0,,3.85
BMW X3,Bangalore,2015.0,65000.0,Diesel,Automatic,Second,18.56 kmpl,1995 CC,190 bhp,White,5.0,4.0,,29.0
Skoda Octavia,Hyderabad,2005.0,105000.0,Diesel,Manual,First,18.7 kmpl,1896 CC,66 bhp,Black/Silver,5.0,4.0,,1.99
Mercedes-Benz E-Class,Kochi,2015.0,59630.0,Diesel,Automatic,First,13.0 kmpl,2143 CC,201.1 bhp,Black/Silver,5.0,4.0,,23.41
Toyota Corolla,Mumbai,2010.0,70200.0,Petrol,Automatic,First,14.53 kmpl,1798 CC,138.1 bhp,Black/Silver,5.0,4.0,,5.0
Toyota Fortuner,Chennai,2015.0,95000.0,Diesel,Automatic,First,12.55 kmpl,2982 CC,168.5 bhp,White,7.0,5.0,,19.6
Chevrolet Cruze,Hyderabad,2012.0,62005.0,Diesel,Manual,First,18.3 kmpl,1991 CC,147.9 bhp,Black/Silver,5.0,4.0,,9.8
Renault Duster,Bangalore,2013.0,45348.0,Diesel,Manual,Second,19.01 kmpl,1461 CC,108.45 bhp,White,5.0,4.0,,6.85
Hyundai i20,Pune,2015.0,54339.0,Diesel,Manual,Second,22.54 kmpl,1396 CC,88.73 bhp,Black/Silver,5.0,4.0,,6.0
Ford Ecosport,Pune,2015.0,55000.0,Diesel,Manual,First,22.7 kmpl,1498 CC,89.84 bhp,Others,5.0,4.0,,7.5
Mercedes-Benz New,Kochi,2011.0,42408.0,Diesel,Automatic,First,14.84 kmpl,2143 CC,170 bhp,White,5.0,4.0,,10.48
Hyundai Verna,Mumbai,2014.0,48656.0,Petrol,Automatic,First,15.74 kmpl,1591 CC,121.3 bhp,Others,5.0,4.0,,5.5
Hyundai EON,Coimbatore,2014.0,45407.0,Petrol,Manual,Second,21.1 kmpl,814 CC,55.2 bhp,Others,5.0,4.0,,3.39
Renault Duster,Mumbai,2014.0,71300.0,Petrol,Manual,First,13.06 kmpl,1598 CC,102.53 bhp,White,5.0,4.0,,4.25
Tata Manza,Coimbatore,2014.0,54448.0,Diesel,Manual,First,21.02 kmpl,1248 CC,88.8 bhp,White,5.0,4.0,,3.7
BMW 3,Ahmedabad,2016.0,27000.0,Diesel,Automatic,First,21.76 kmpl,1995 CC,190 bhp,Others,5.0,4.0,55.07 Lakh,35.0
Maruti Swift,Kolkata,2012.0,48000.0,Diesel,Manual,First,19.3 kmpl,1248 CC,73.9 bhp,White,5.0,4.0,,3.7
Renault Scala,Mumbai,2013.0,7000.0,Petrol,Automatic,First,17.97 kmpl,1498 CC,99.6 bhp,Others,5.0,4.0,,3.65
Maruti Baleno,Chennai,2017.0,43917.0,Petrol,Manual,First,21.4 kmpl,1197 CC,83.1 bhp,Black/Silver,5.0,4.0,,6.8
Renault KWID,Chennai,2016.0,45000.0,Petrol,Manual,First,25.17 kmpl,799 CC,53.3 bhp,White,5.0,4.0,,2.6
Maruti Ritz,Kolkata,2011.0,50000.0,Petrol,Manual,Second,18.5 kmpl,1197 CC,85.80 bhp,Black/Silver,5.0,4.0,,1.5
Maruti Celerio,Chennai,2014.0,18500.0,Petrol,Automatic,First,23.1 kmpl,998 CC,67.04 bhp,Others,5.0,4.0,,3.95
Ford EcoSport,Delhi,2015.0,64000.0,Petrol,Manual,First,18.88 kmpl,999 CC,123.24 bhp,White,5.0,4.0,,6.0
Hyundai Xcent,Kolkata,2017.0,82000.0,Diesel,Manual,First,24.4 kmpl,1120 CC,71 bhp,White,5.0,4.0,,3.45
Honda City,Jaipur,2014.0,71649.0,Diesel,Manual,First,25.1 kmpl,1498 CC,98.6 bhp,Black/Silver,5.0,4.0,,6.75
Toyota Fortuner,Delhi,2011.0,62100.0,Diesel,Manual,First,11.5 kmpl,2982 CC,171 bhp,Black/Silver,7.0,5.0,,10.75
Mercedes-Benz C-Class,Coimbatore,2019.0,15369.0,Diesel,Automatic,First,0.0 kmpl,1950 CC,194 bhp,Others,5.0,4.0,49.14 Lakh,35.67
Maruti Vitara,Kochi,2017.0,38426.0,Diesel,Manual,First,24.3 kmpl,1248 CC,88.5 bhp,Black/Silver,5.0,4.0,11.12 Lakh,9.13
Honda Brio,Kochi,2013.0,33793.0,Petrol,Manual,First,18.4 kmpl,1198 CC,86.8 bhp,Black/Silver,5.0,4.0,,3.74
Tata Zest,Pune,2014.0,23500.0,Petrol,Manual,Second,17.57 kmpl,1193 CC,88.7 bhp,White,5.0,4.0,7.7 Lakh,3.9
Hyundai Grand,Kochi,2016.0,19947.0,Petrol,Manual,First,18.9 kmpl,1197 CC,82 bhp,Black/Silver,5.0,4.0,,5.04
Maruti Zen,Jaipur,1998.0,95150.0,Petrol,Manual,Third,17.3 kmpl,993 CC,60 bhp,Others,5.0,4.0,,0.53
Audi A8,Bangalore,2009.0,55000.0,Diesel,Automatic,First,11.8 kmpl,2967 CC,246.7 bhp,Others,5.0,4.0,,13.5
Honda Jazz,Kolkata,2016.0,27210.0,Diesel,Manual,First,27.3 kmpl,1498 CC,98.6 bhp,Others,5.0,4.0,,5.85
Honda City,Ahmedabad,2017.0,29000.0,Petrol,Manual,First,17.4 kmpl,1497 CC,117.3 bhp,White,5.0,4.0,12.68 Lakh,10.0
Maruti Vitara,Kochi,2017.0,35384.0,Diesel,Manual,First,24.3 kmpl,1248 CC,88.5 bhp,Black/Silver,5.0,4.0,9.12 Lakh,8.61
Maruti Wagon,Hyderabad,2012.0,72000.0,LPG,Manual,First,26.2 km/kg,998 CC,58.2 bhp,White,5.0,4.0,,2.85
Mercedes-Benz New,Bangalore,2013.0,25000.0,Diesel,Automatic,Second,14.84 kmpl,2143 CC,167.62 bhp,Others,5.0,4.0,,21.0
Hyundai Verna,Kolkata,2012.0,14800.0,Petrol,Manual,First,17.01 kmpl,1591 CC,121.3 bhp,Black/Silver,5.0,4.0,,4.4
Mini Cooper,Mumbai,2014.0,11900.0,Petrol,Automatic,First,16.82 kmpl,1998 CC,189.08 bhp,Black/Silver,4.0,4.0,44.28 Lakh,28.5
Volkswagen Vento,Hyderabad,2011.0,69000.0,Diesel,Manual,First,20.54 kmpl,1598 CC,103.6 bhp,White,5.0,4.0,,4.7
Audi A6,Coimbatore,2018.0,48367.0,Diesel,Automatic,First,17.68 kmpl,1968 CC,174.33 bhp,White,5.0,4.0,,39.58
Nissan Micra,Kolkata,2011.0,39010.0,Diesel,Manual,First,23.08 kmpl,1461 CC,63.1 bhp,Others,5.0,4.0,,2.6
Mahindra Bolero,Hyderabad,2012.0,75000.0,Diesel,Manual,First,15.96 kmpl,2523 CC,62.1 bhp,White,7.0,5.0,10.32 Lakh,4.3
Audi A6,Hyderabad,2012.0,202082.0,Diesel,Automatic,First,17.68 kmpl,1968 CC,174.33 bhp,White,5.0,4.0,,12.3
Ford Endeavour,Kochi,2017.0,38681.0,Diesel,Manual,First,13.5 kmpl,2198 CC,157.7 bhp,Black/Silver,7.0,5.0,,23.86
Maruti Wagon,Ahmedabad,2012.0,30000.0,Petrol,Manual,First,22.5 kmpl,998 CC,67.04 bhp,White,5.0,4.0,4.74 Lakh,3.3
Chevrolet Cruze,Kochi,2014.0,52895.0,Diesel,Manual,First,17.3 kmpl,1998 CC,163.7 bhp,White,5.0,4.0,,6.02
Hyundai Grand,Ahmedabad,2015.0,20780.0,Petrol,Manual,First,18.9 kmpl,1197 CC,81.86 bhp,Others,5.0,4.0,6.82 Lakh,4.3
Ford Endeavour,Chennai,2017.0,17000.0,Diesel,Automatic,First,10.91 kmpl,3198 CC,197 bhp,Black/Silver,7.0,5.0,,31.0
Maruti Ciaz,Delhi,2016.0,38500.0,Diesel,Manual,Second,28.09 kmpl,1248 CC,88.5 bhp,Others,5.0,4.0,,7.85
Maruti Swift,Hyderabad,2011.0,81759.0,Diesel,Manual,First,19.3 kmpl,1248 CC,73.9 bhp,Others,5.0,4.0,,4.39
Volkswagen Passat,Mumbai,2010.0,60000.0,Petrol,Manual,Third,14.3 kmpl,1798 CC,160 bhp,Others,5.0,4.0,,3.5
Volkswagen Polo,Bangalore,2014.0,30000.0,Petrol,Manual,Second,16.47 kmpl,1198 CC,74 bhp,White,5.0,4.0,,5.25
Toyota Fortuner,Delhi,2012.0,73000.0,Diesel,Automatic,First,11.5 kmpl,2982 CC,169 bhp,White,7.0,5.0,,14.4
Hyundai Sonata,Mumbai,2014.0,12000.0,Petrol,Manual,First,13.44 kmpl,2359 CC,198.25 bhp,Black/Silver,5.0,4.0,,12.75
Maruti Swift,Kolkata,2013.0,41300.0,Diesel,Manual,First,17.8 kmpl,1248 CC,null bhp,Others,5.0,4.0,,3.38
Maruti Swift,Coimbatore,2016.0,57932.0,Petrol,Manual,First,20.4 kmpl,1197 CC,81.80 bhp,Others,5.0,4.0,,6.39
BMW X5,Chennai,2016.0,45000.0,Diesel,Automatic,First,15.97 kmpl,2993 CC,258 bhp,White,5.0,4.0,,57.0
Hyundai i10,Mumbai,2013.0,49000.0,Petrol,Manual,First,19.81 kmpl,1086 CC,68.05 bhp,Others,5.0,4.0,,2.75
Mahindra XUV500,Mumbai,2016.0,33000.0,Diesel,Manual,First,16.0 kmpl,2179 CC,140 bhp,Others,7.0,5.0,,9.25
Hyundai Creta,Chennai,2017.0,13000.0,Diesel,Automatic,First,17.01 kmpl,1582 CC,126.2 bhp,White,5.0,4.0,,14.5
Maruti Ritz,Mumbai,2016.0,12000.0,Petrol,Manual,First,18.5 kmpl,1197 CC,85.80 bhp,White,5.0,4.0,,3.65
Maruti Wagon,Mumbai,2013.0,54000.0,CNG,Manual,First,33.54 km/kg,998 CC,67.04 bhp,White,5.0,4.0,5.58 Lakh,3.05
Mahindra Bolero,Kolkata,2000.0,124000.0,Diesel,Manual,First,13.6 kmpl,2523 CC,63 bhp,Black/Silver,7.0,5.0,,1.95
Honda City,Chennai,2005.0,100000.0,Petrol,Automatic,Third,16.4 kmpl,1497 CC,78 bhp,Others,5.0,4.0,,1.96
Mercedes-Benz M-Class,Pune,2009.0,53000.0,Diesel,Automatic,First,8.7 kmpl,2987 CC,224.34 bhp,Others,5.0,4.0,,13.75
Mahindra XUV500,Hyderabad,2012.0,123600.0,Diesel,Manual,First,15.1 kmpl,2179 CC,140 bhp,Others,7.0,5.0,,8.25
BMW 6,Kochi,2018.0,20004.0,Diesel,Automatic,First,17.54 kmpl,2993 CC,313 bhp,Others,4.0,4.0,,68.94
Hyundai Verna,Kochi,2016.0,16159.0,Diesel,Manual,First,22.32 kmpl,1582 CC,126.32 bhp,White,5.0,4.0,,7.83
Ford Endeavour,Kochi,2019.0,11209.0,Diesel,Automatic,First,12.62 kmpl,2198 CC,158 bhp,White,7.0,5.0,,31.15
Honda Amaze,Pune,2014.0,48000.0,Diesel,Manual,Second,25.8 kmpl,1498 CC,98.6 bhp,Others,5.0,4.0,,4.5
Maruti Swift,Kolkata,2014.0,53000.0,Diesel,Manual,First,17.8 kmpl,1248 CC,75 bhp,Others,5.0,4.0,,3.3
BMW 5,Kochi,2019.0,18373.0,Diesel,Automatic,First,22.48 kmpl,1995 CC,187.74 bhp,Black/Silver,5.0,4.0,,45.86
Mahindra Ssangyong,Delhi,2014.0,62000.0,Diesel,Automatic,First,11.18 kmpl,2696 CC,184 bhp,White,7.0,5.0,,10.55
Ford Figo,Kolkata,2012.0,110438.0,Diesel,Manual,First,20.0 kmpl,1399 CC,68.05 bhp,White,5.0,4.0,,3.5
Maruti Swift,Delhi,2015.0,58400.0,Petrol,Manual,First,17.5 kmpl,1298 CC,85.8 bhp,Others,5.0,4.0,,5.5
Hyundai Verna,Delhi,2013.0,51000.0,Diesel,Automatic,First,19.08 kmpl,1582 CC,126.32 bhp,Black/Silver,5.0,4.0,,5.64
Skoda Rapid,Mumbai,2017.0,24000.0,Petrol,Automatic,First,14.3 kmpl,1598 CC,103.52 bhp,Black/Silver,5.0,4.0,,8.75
Audi A4,Ahmedabad,2012.0,74002.0,Diesel,Automatic,First,16.55 kmpl,1968 CC,140 bhp,White,5.0,4.0,,18.5
Hyundai i20,Delhi,2015.0,50000.0,Petrol,Manual,First,18.6 kmpl,1197 CC,81.83 bhp,Others,5.0,4.0,,4.95
Honda City,Kolkata,2015.0,30000.0,Diesel,Manual,First,25.1 kmpl,1498 CC,98.6 bhp,White,5.0,4.0,,6.95
Ford Endeavour,Chennai,2019.0,9000.0,Diesel,Automatic,First,10.91 kmpl,3198 CC,197 bhp,Black/Silver,7.0,5.0,,35.5
Toyota Innova,Hyderabad,2016.0,69000.0,Diesel,Automatic,First,11.36 kmpl,2755 CC,171.5 bhp,Others,7.0,4.0,26.56 Lakh,19.75
Mercedes-Benz E-Class,Bangalore,2017.0,33900.0,Diesel,Automatic,First,15.0 kmpl,2143 CC,204 bhp,White,5.0,4.0,,37.0
Tata Indica,Hyderabad,2016.0,73000.0,Diesel,Manual,First,25.0 kmpl,1396 CC,69 bhp,White,5.0,4.0,,2.2
Hyundai i20,Coimbatore,2017.0,26185.0,Petrol,Manual,First,18.6 kmpl,1197 CC,81.83 bhp,Others,5.0,4.0,,7.98
Skoda Superb,Jaipur,2014.0,93325.0,Diesel,Manual,Second,17.2 kmpl,1968 CC,138.1 bhp,Others,5.0,4.0,,14.45
Hyundai Creta,Hyderabad,2016.0,63738.0,Diesel,Manual,First,19.67 kmpl,1582 CC,126.2 bhp,White,5.0,4.0,,11.9
Hyundai Santa,Mumbai,2011.0,67000.0,Diesel,Automatic,Second,11.72 kmpl,2199 CC,194.3 bhp,White,7.0,5.0,,7.0
Volkswagen Polo,Kolkata,2010.0,90110.0,Diesel,Manual,First,22.07 kmpl,1199 CC,73.9 bhp,Others,5.0,4.0,,2.5
Hyundai i20,Pune,2012.0,90000.0,Diesel,Manual,First,23.0 kmpl,1396 CC,90 bhp,White,5.0,4.0,,4.11
Renault Duster,Bangalore,2015.0,60000.0,Diesel,Manual,First,19.64 kmpl,1461 CC,108.45 bhp,Others,5.0,4.0,,8.65
BMW X3,Mumbai,2018.0,1400.0,Diesel,Automatic,First,18.56 kmpl,1995 CC,190 bhp,White,5.0,4.0,70.55 Lakh,61.25
Hyundai i20,Kochi,2015.0,40901.0,Petrol,Manual,First,18.6 kmpl,1197 CC,81.83 bhp,White,5.0,4.0,,5.76
Ford EcoSport,Chennai,2016.0,29200.0,Diesel,Manual,First,23.0 kmpl,1498 CC,98.96 bhp,Others,5.0,4.0,13.23 Lakh,7.7
Mercedes-Benz M-Class,Jaipur,2014.0,66000.0,Diesel,Automatic,First,15.26 kmpl,2143 CC,203.2 bhp,White,5.0,4.0,,30.0
Mahindra Scorpio,Mumbai,2011.0,100010.0,Diesel,Manual,Second,12.05 kmpl,2179 CC,120 bhp,Others,8.0,5.0,,5.5
Mahindra XUV500,Kochi,2018.0,29907.0,Diesel,Manual,First,16.0 kmpl,2179 CC,140 bhp,Black/Silver,7.0,5.0,,16.36
Hyundai i20,Coimbatore,2018.0,20632.0,Petrol,Manual,First,18.6 kmpl,1197 CC,81.83 bhp,White,5.0,4.0,,7.58
Honda City,Kolkata,2014.0,56002.0,Diesel,Manual,First,26.0 kmpl,1498 CC,98.6 bhp,White,5.0,4.0,,6.1
Maruti Swift,Delhi,2015.0,63000.0,Diesel,Manual,First,25.2 kmpl,1248 CC,74 bhp,White,5.0,4.0,,4.9
Hyundai Grand,Kochi,2016.0,59767.0,Petrol,Manual,First,18.9 kmpl,1197 CC,82 bhp,Others,5.0,4.0,,4.78
Volkswagen Vento,Pune,2013.0,57197.0,Petrol,Manual,First,15.04 kmpl,1598 CC,103.6 bhp,Black/Silver,5.0,4.0,,4.0
Tata Manza,Hyderabad,2010.0,127510.0,Diesel,Manual,Second,19.0 kmpl,1248 CC,90 bhp,Black/Silver,5.0,4.0,,1.4
Skoda Superb,Mumbai,2009.0,35000.0,Petrol,Automatic,Second,13.7 kmpl,1798 CC,157.75 bhp,White,5.0,4.0,,4.45
Hyundai EON,Pune,2015.0,66510.0,Petrol,Manual,First,21.1 kmpl,814 CC,55.2 bhp,Others,5.0,4.0,,2.95
Maruti Alto,Hyderabad,2009.0,65090.0,Petrol,Manual,First,19.7 kmpl,796 CC,46.3 bhp,Black/Silver,5.0,4.0,,2.15
Audi A4,Coimbatore,2015.0,32205.0,Diesel,Automatic,First,17.11 kmpl,1968 CC,174.33 bhp,Black/Silver,5.0,4.0,,25.31
Mercedes-Benz E-Class,Bangalore,2011.0,25000.0,Petrol,Automatic,Second,12.3 kmpl,1796 CC,185 bhp,Black/Silver,5.0,4.0,,22.0
Hyundai i10,Mumbai,2010.0,55980.0,Petrol,Manual,First,20.36 kmpl,1197 CC,78.9 bhp,White,5.0,4.0,,2.25
Mercedes-Benz New,Coimbatore,2018.0,10714.0,Diesel,Automatic,First,19.27 kmpl,2143 CC,167.62 bhp,Others,5.0,4.0,,39.51
Ford Figo,Delhi,2014.0,45001.0,Diesel,Manual,Second,20.0 kmpl,1399 CC,68.05 bhp,Black/Silver,5.0,4.0,,2.55
Maruti Swift,Delhi,2014.0,68462.0,Diesel,Manual,First,26.59 kmpl,1248 CC,74 bhp,White,5.0,4.0,,4.15
Volvo S60,Delhi,2014.0,48000.0,Diesel,Automatic,Second,9.0 kmpl,1984 CC,181 bhp,White,5.0,4.0,,16.0
Maruti Swift,Pune,2014.0,103000.0,Diesel,Manual,Second,28.4 kmpl,1248 CC,74 bhp,White,5.0,4.0,,5.25
Mahindra Scorpio,Jaipur,2013.0,72000.0,Diesel,Manual,First,10.5 kmpl,2179 CC,120 bhp,Black/Silver,8.0,5.0,,6.0
Volkswagen Ameo,Coimbatore,2017.0,22389.0,Petrol,Manual,First,17.0 kmpl,1198 CC,73.75 bhp,Black/Silver,5.0,4.0,8.68 Lakh,7.23
Maruti Baleno,Delhi,2016.0,46000.0,Diesel,Manual,First,27.39 kmpl,1248 CC,74 bhp,Others,5.0,4.0,,6.75
BMW 5,Coimbatore,2016.0,19254.0,Diesel,Automatic,First,14.69 kmpl,2993 CC,258 bhp,Black/Silver,5.0,4.0,,47.7
BMW 5,Ahmedabad,2014.0,35000.0,Diesel,Automatic,Second,18.12 kmpl,1995 CC,190 bhp,Black/Silver,5.0,4.0,,23.0
Hyundai i20,Delhi,2015.0,45000.0,Petrol,Manual,Second,18.6 kmpl,1197 CC,81.83 bhp,White,5.0,4.0,,5.5
Hyundai Xcent,Kolkata,2016.0,26000.0,Diesel,Manual,First,25.4 kmpl,1186 CC,73.97 bhp,Black/Silver,5.0,4.0,8.23 Lakh,5.0
Mercedes-Benz New,Coimbatore,2018.0,36797.0,Diesel,Automatic,First,19.27 kmpl,2143 CC,167.62 bhp,Black/Silver,5.0,4.0,,39.47
Force One,Kolkata,2014.0,41000.0,Diesel,Manual,First,17.0 kmpl,2149 CC,139.07 bhp,Black/Silver,7.0,5.0,,8.0
Hyundai Verna,Kolkata,2018.0,10250.0,Diesel,Manual,First,22.0 kmpl,1582 CC,126.2 bhp,Others,5.0,4.0,14.44 Lakh,10.95
BMW X6,Chennai,2016.0,25000.0,Diesel,Automatic,First,15.87 kmpl,2993 CC,308.43 bhp,White,5.0,4.0,,60.0
Maruti Baleno,Coimbatore,2018.0,34630.0,Petrol,Automatic,First,21.4 kmpl,1197 CC,83.1 bhp,Others,5.0,4.0,8.57 Lakh,7.29
Maruti Celerio,Chennai,2015.0,57818.0,Petrol,Manual,First,23.1 kmpl,998 CC,67.04 bhp,Others,5.0,4.0,,4.3
Hyundai EON,Kochi,2018.0,15334.0,Petrol,Manual,First,21.1 kmpl,814 CC,55.2 bhp,Others,5.0,4.0,,3.69
Toyota Corolla,Coimbatore,2016.0,33690.0,Petrol,Manual,First,14.28 kmpl,1798 CC,138.03 bhp,Black/Silver,5.0,4.0,,14.6
Hyundai Getz,Pune,2007.0,143000.0,Petrol,Manual,Second,14.2 kmpl,1341 CC,82.9 bhp,Black/Silver,5.0,4.0,,1.1
Volkswagen Beetle,Mumbai,2009.0,27078.0,Petrol,Automatic,First,10.98 kmpl,1984 CC,114.4 bhp,Black/Silver,4.0,4.0,,15.95
Maruti Swift,Mumbai,2014.0,48241.0,Petrol,Manual,First,19.1 kmpl,1197 CC,85.8 bhp,Others,5.0,4.0,,4.5
Maruti Alto,Chennai,2006.0,56000.0,Petrol,Manual,Second,19.7 kmpl,796 CC,46.3 bhp,White,5.0,4.0,,1.4
Hyundai i10,Jaipur,2009.0,57000.0,Petrol,Manual,First,19.81 kmpl,1086 CC,68.05 bhp,Black/Silver,5.0,4.0,,2.25
Maruti Swift,Delhi,2014.0,24000.0,Diesel,Manual,First,25.2 kmpl,1248 CC,74 bhp,Others,5.0,4.0,,5.21
Renault Duster,Jaipur,2013.0,156000.0,Diesel,Manual,First,19.87 kmpl,1461 CC,83.8 bhp,White,5.0,4.0,,4.2
Maruti Alto,Kolkata,2015.0,11110.0,Petrol,Manual,First,22.74 kmpl,796 CC,47.3 bhp,Others,5.0,4.0,,2.35
Tata Indica,Pune,2007.0,108995.0,Petrol,Manual,First,15.3 kmpl,1193 CC,65.3 bhp,White,5.0,4.0,,1.25
BMW X1,Chennai,2012.0,85000.0,Diesel,Automatic,Third,17.05 kmpl,1995 CC,184 bhp,Black/Silver,5.0,4.0,,10.0
Honda City,Kochi,2017.0,38424.0,Petrol,Manual,First,17.8 kmpl,1497 CC,117.3 bhp,Black/Silver,5.0,4.0,,7.51
Volkswagen Jetta,Pune,2014.0,64889.0,Diesel,Automatic,First,15.5 kmpl,1896 CC,105 bhp,Others,5.0,4.0,,11.5
Maruti Vitara,Delhi,2016.0,35299.0,Diesel,Manual,First,24.3 kmpl,1248 CC,88.5 bhp,Black/Silver,5.0,4.0,10.14 Lakh,8.0
Hyundai i20,Jaipur,2013.0,51873.0,Diesel,Manual,First,21.9 kmpl,1396 CC,88.76 bhp,Others,5.0,4.0,,3.9
Audi A6,Pune,2011.0,112719.0,Diesel,Automatic,First,12.4 kmpl,2698 CC,179.5 bhp,White,5.0,4.0,,11.5
Honda City,Kochi,2009.0,69690.0,Petrol,Manual,First,17.7 kmpl,1497 CC,78 bhp,White,5.0,4.0,,3.29
BMW 3,Coimbatore,2010.0,48394.0,Petrol,Automatic,First,12.05 kmpl,1995 CC,154 bhp,Black/Silver,5.0,4.0,,10.49
Hyundai i10,Jaipur,2012.0,53000.0,LPG,Manual,Second,19.2 km/kg,1086 CC,68.05 bhp,Black/Silver,5.0,4.0,,2.85
Honda City,Kolkata,2015.0,480000.0,Petrol,Manual,First,17.4 kmpl,1497 CC,117.3 bhp,White,5.0,4.0,,5.0
Hyundai Accent,Kolkata,2005.0,45200.0,Petrol,Manual,First,13.2 kmpl,1495 CC,94 bhp,Black/Silver,5.0,4.0,,0.9
Hyundai i20,Pune,2011.0,78958.0,Diesel,Manual,Second,23.0 kmpl,1396 CC,90 bhp,Others,5.0,4.0,,3.8
Hyundai i20,Bangalore,2013.0,60000.0,Diesel,Manual,First,21.9 kmpl,1396 CC,88.76 bhp,Black/Silver,5.0,4.0,,5.45
Honda City,Bangalore,2016.0,36000.0,Diesel,Manual,First,25.1 kmpl,1498 CC,98.6 bhp,White,5.0,4.0,,10.25
Ford Figo,Ahmedabad,2012.0,55005.0,Diesel,Manual,First,20.0 kmpl,1399 CC,68 bhp,Others,5.0,4.0,,2.75
Maruti Wagon,Bangalore,2016.0,62000.0,Petrol,Manual,First,18.9 kmpl,998 CC,67.1 bhp,White,5.0,4.0,,4.45
Hyundai Santro,Pune,2010.0,75000.0,Petrol,Manual,Second,17.92 kmpl,1086 CC,62.1 bhp,Black/Silver,5.0,4.0,,1.7
Hyundai i20,Hyderabad,2017.0,19860.0,Petrol,Manual,First,18.6 kmpl,1197 CC,81.83 bhp,Black/Silver,5.0,4.0,,6.95
Hyundai EON,Kochi,2019.0,14322.0,Petrol,Manual,First,21.1 kmpl,814 CC,55.2 bhp,White,5.0,4.0,,4.23
BMW X1,Mumbai,2013.0,43000.0,Diesel,Automatic,First,17.05 kmpl,1995 CC,184 bhp,Others,5.0,4.0,,17.5
Chevrolet Aveo,Pune,2010.0,80000.0,Petrol,Manual,First,14.49 kmpl,1399 CC,92.7 bhp,Black/Silver,5.0,4.0,,1.79
Tata Zest,Pune,2018.0,45000.0,Diesel,Manual,First,22.95 kmpl,1248 CC,74 bhp,White,5.0,4.0,8.34 Lakh,5.25
Honda City,Hyderabad,2007.0,81000.0,Petrol,Automatic,First,16.4 kmpl,1497 CC,78 bhp,Black/Silver,5.0,4.0,,3.25
Audi Q3,Kolkata,2013.0,45000.0,Diesel,Automatic,First,17.32 kmpl,1968 CC,184 bhp,Others,5.0,4.0,,15.25
Toyota Fortuner,Chennai,2010.0,136000.0,Diesel,Manual,Second,11.5 kmpl,2982 CC,171 bhp,Black/Silver,7.0,5.0,,11.0
Mercedes-Benz E-Class,Delhi,2014.0,40000.0,Diesel,Automatic,First,13.0 kmpl,2143 CC,201.1 bhp,Others,5.0,4.0,,24.0
Honda Mobilio,Kochi,2015.0,50624.0,Diesel,Manual,First,24.2 kmpl,1498 CC,98.6 bhp,White,7.0,5.0,,6.32
Ford Figo,Kolkata,2011.0,60000.0,Diesel,Manual,First,20.0 kmpl,1399 CC,68 bhp,Others,5.0,4.0,,2.25
Mercedes-Benz S,Chennai,2009.0,42000.0,Diesel,Automatic,Second,13.0 kmpl,2987 CC,210 bhp,Others,5.0,4.0,,22.0
Toyota Etios,Coimbatore,2016.0,33415.0,Petrol,Manual,First,16.78 kmpl,1496 CC,88.73 bhp,White,5.0,4.0,,6.58
Mercedes-Benz New,Hyderabad,2009.0,29000.0,Petrol,Automatic,Second,11.7 kmpl,1796 CC,178 bhp,Black/Silver,5.0,4.0,,10.0
Skoda Octavia,Bangalore,2013.0,50000.0,Diesel,Automatic,First,19.3 kmpl,1968 CC,141 bhp,Black/Silver,5.0,4.0,,15.0
Honda City,Kochi,2016.0,54317.0,Petrol,Manual,First,17.4 kmpl,1497 CC,117.3 bhp,White,5.0,4.0,,8.4
Jaguar XF,Kolkata,2012.0,29000.0,Diesel,Automatic,First,14.74 kmpl,2993 CC,270.9 bhp,Black/Silver,5.0,4.0,,20.0
Maruti Ritz,Hyderabad,2015.0,75000.0,Diesel,Manual,First,23.2 kmpl,1248 CC,73.94 bhp,White,5.0,4.0,,4.9
Tata Tiago,Kochi,2017.0,15386.0,Petrol,Manual,First,23.84 kmpl,,,,5.0,4.0,5.56 Lakh,5.11
Mercedes-Benz New,Hyderabad,2010.0,68782.0,Diesel,Automatic,First,14.84 kmpl,2143 CC,170 bhp,White,5.0,4.0,,12.5
Mercedes-Benz E-Class,Delhi,2014.0,42000.0,Diesel,Automatic,First,14.21 kmpl,2143 CC,203 bhp,White,5.0,4.0,,24.95
Mercedes-Benz S,Hyderabad,2010.0,37000.0,Diesel,Automatic,First,13.5 kmpl,2987 CC,282 bhp,Others,5.0,4.0,,21.0
Hyundai Verna,Kochi,2016.0,37451.0,Diesel,Manual,First,22.32 kmpl,1582 CC,126.3 bhp,Others,5.0,4.0,,6.64
Maruti SX4,Coimbatore,2008.0,77325.0,Petrol,Manual,First,15.6 kmpl,1586 CC,104.68 bhp,Others,5.0,4.0,,3.51
Renault Duster,Kochi,2014.0,77469.0,Diesel,Manual,First,20.45 kmpl,1461 CC,,Others,5.0,4.0,,6.34
Renault Duster,Mumbai,2013.0,41000.0,Diesel,Manual,First,19.87 kmpl,1461 CC,83.8 bhp,Black/Silver,5.0,4.0,,5.5
Tata Nano,Coimbatore,2017.0,18351.0,Petrol,Automatic,First,21.9 kmpl,624 CC,37.48 bhp,Others,4.0,4.0,,3.41
Maruti Ertiga,Mumbai,2016.0,54000.0,Diesel,Manual,First,20.77 kmpl,1248 CC,88.76 bhp,Others,7.0,5.0,,7.75
Toyota Fortuner,Jaipur,2011.0,148009.0,Diesel,Manual,Second,11.5 kmpl,2982 CC,171 bhp,White,7.0,5.0,,12.75
Volkswagen Vento,Kolkata,2012.0,34000.0,Diesel,Manual,First,20.54 kmpl,1598 CC,103.6 bhp,White,5.0,4.0,,3.4
Maruti Alto,Pune,2014.0,49000.0,Petrol,Manual,First,24.07 kmpl,998 CC,67.1 bhp,Black/Silver,5.0,4.0,4.29 Lakh,2.3
Nissan Terrano,Hyderabad,2014.0,59962.0,Diesel,Manual,First,20.45 kmpl,1461 CC,83.8 bhp,Black/Silver,5.0,4.0,,6.9
Maruti Swift,Kolkata,2016.0,18000.0,Petrol,Manual,First,19.1 kmpl,1197 CC,85.8 bhp,Others,5.0,4.0,,4.4
Hyundai i20,Mumbai,2016.0,24001.0,Petrol,Manual,First,18.6 kmpl,1197 CC,81.83 bhp,White,5.0,4.0,,5.75
Hyundai Santro,Chennai,2002.0,70000.0,Petrol,Manual,Third,0.0 kmpl,1086 CC,null bhp,Black/Silver,5.0,4.0,,0.65
Hyundai i20,Mumbai,2010.0,73000.0,Petrol,Manual,First,17.0 kmpl,1197 CC,80 bhp,Black/Silver,5.0,4.0,,2.75
Chevrolet Beat,Pune,2012.0,65000.0,Petrol,Manual,First,18.6 kmpl,1199 CC,79.4 bhp,Others,5.0,4.0,,2.5
Maruti Ciaz,Coimbatore,2017.0,51210.0,Petrol,Automatic,First,19.12 kmpl,1373 CC,91.1 bhp,Others,5.0,4.0,,8.89
Maruti Dzire,Kolkata,2011.0,46687.0,Petrol,Manual,First,22.0 kmpl,1197 CC,81.80 bhp,White,5.0,4.0,7.3 Lakh,2.7
Hyundai i20,Coimbatore,2016.0,99362.0,Diesel,Manual,First,22.54 kmpl,1396 CC,88.73 bhp,Others,5.0,4.0,,7.03
Toyota Fortuner,Delhi,2014.0,117000.0,Diesel,Manual,First,13.0 kmpl,2982 CC,168.5 bhp,Others,7.0,5.0,,15.5
BMW 3,Hyderabad,2010.0,80000.0,Diesel,Automatic,First,22.69 kmpl,1995 CC,190 bhp,Others,5.0,4.0,47.2 Lakh,14.2
Chevrolet Cruze,Kochi,2016.0,67774.0,Diesel,Automatic,First,14.81 kmpl,1998 CC,163.7 bhp,Black/Silver,5.0,4.0,,8.95
Mercedes-Benz E-Class,Hyderabad,2006.0,76662.0,Diesel,Automatic,First,11.0 kmpl,2987 CC,198.5 bhp,White,5.0,4.0,,10.99
Hyundai Grand,Ahmedabad,2014.0,116905.0,Diesel,Manual,First,24.0 kmpl,1120 CC,70 bhp,Black/Silver,5.0,4.0,,4.0
Maruti Ertiga,Mumbai,2016.0,65263.0,CNG,Manual,First,17.5 km/kg,1373 CC,80.46 bhp,White,7.0,5.0,,7.5
Mahindra Ssangyong,Delhi,2013.0,66372.0,Diesel,Automatic,First,11.18 kmpl,2696 CC,184 bhp,Black/Silver,7.0,5.0,,10.5
Mahindra Scorpio,Chennai,2005.0,120000.0,Diesel,Manual,Second,12.7 kmpl,2609 CC,116.6 bhp,Black/Silver,8.0,5.0,,2.9
Hyundai i20,Kolkata,2015.0,35000.0,Petrol,Manual,First,18.5 kmpl,1197 CC,80 bhp,Others,5.0,4.0,,4.6
Hyundai i10,Jaipur,2008.0,84000.0,Petrol,Manual,Second,19.81 kmpl,1086 CC,68.05 bhp,Black/Silver,5.0,4.0,,1.8
Jaguar XF,Kochi,2015.0,27001.0,Diesel,Automatic,First,16.36 kmpl,2179 CC,187.7 bhp,White,5.0,4.0,,26.52
Toyota Etios,Jaipur,2014.0,62322.0,Diesel,Manual,First,23.59 kmpl,1364 CC,67.06 bhp,White,5.0,4.0,9.55 Lakh,4.9
Land Rover Freelander,Delhi,2013.0,72000.0,Diesel,Automatic,First,0.0 kmpl,2179 CC,115 bhp,Others,5.0,4.0,,15.5
Maruti Swift,Kolkata,2013.0,60000.0,Petrol,Manual,First,18.6 kmpl,1197 CC,85.8 bhp,Others,5.0,4.0,,3.15
Hyundai Grand,Chennai,2015.0,15000.0,Petrol,Automatic,First,18.9 kmpl,1197 CC,82 bhp,White,5.0,4.0,,5.5
Hyundai Creta,Coimbatore,2019.0,24864.0,Diesel,Manual,First,20.5 kmpl,1582 CC,126.2 bhp,Black/Silver,5.0,4.0,19.18 Lakh,16.27
Honda Amaze,Mumbai,2016.0,9000.0,Petrol,Manual,First,18.0 kmpl,1198 CC,86.7 bhp,Black/Silver,5.0,4.0,,5.75
Maruti Swift,Mumbai,2012.0,61000.0,Petrol,Manual,First,16.1 kmpl,1197 CC,85 bhp,White,5.0,4.0,,3.3
Maruti Swift,Kochi,2013.0,56263.0,Diesel,Manual,First,22.9 kmpl,1248 CC,74 bhp,Others,5.0,4.0,,4.17
Hyundai Grand,Chennai,2018.0,48000.0,Diesel,Manual,First,24.0 kmpl,1186 CC,73.97 bhp,Others,5.0,4.0,8.28 Lakh,5.95
Volkswagen Polo,Delhi,2012.0,68038.0,Diesel,Manual,First,20.14 kmpl,1498 CC,88 bhp,Others,5.0,4.0,9.96 Lakh,3.6
Hyundai Grand,Coimbatore,2016.0,43041.0,Petrol,Manual,First,18.9 kmpl,1197 CC,81.86 bhp,White,5.0,4.0,8.1 Lakh,6.01
Maruti Alto,Kolkata,2016.0,31006.0,Petrol,Manual,First,24.7 kmpl,796 CC,47.3 bhp,Others,5.0,4.0,,2.61
Mahindra XUV500,Ahmedabad,2014.0,67000.0,Diesel,Manual,Second,15.1 kmpl,2179 CC,140 bhp,Black/Silver,7.0,5.0,,7.2
Maruti Celerio,Kochi,2017.0,21799.0,Petrol,Manual,First,23.1 kmpl,998 CC,67.04 bhp,Black/Silver,5.0,4.0,5.69 Lakh,5.11
Mercedes-Benz E-Class,Kochi,2018.0,26405.0,Petrol,Automatic,First,12.6 kmpl,1950 CC,191.34 bhp,White,5.0,4.0,86.97 Lakh,51.43
BMW 3,Pune,2011.0,99606.0,Diesel,Automatic,Second,16.07 kmpl,1995 CC,181 bhp,Black/Silver,5.0,4.0,,10.5
Renault Duster,Coimbatore,2015.0,65668.0,Diesel,Manual,First,19.87 kmpl,1461 CC,83.8 bhp,Others,5.0,4.0,,5.53
Maruti Swift,Kolkata,2013.0,160000.0,Diesel,Manual,Second,23.4 kmpl,1248 CC,74 bhp,Others,5.0,4.0,,2.5
Skoda Superb,Delhi,2012.0,83000.0,Diesel,Automatic,First,11.9 kmpl,2496 CC,163.2 bhp,White,5.0,4.0,,6.75
Hyundai Creta,Kochi,2017.0,30519.0,Diesel,Manual,First,19.67 kmpl,1582 CC,126.2 bhp,Black/Silver,5.0,4.0,,12.81
Toyota Innova,Mumbai,2015.0,45000.0,Diesel,Manual,First,12.99 kmpl,2494 CC,100.6 bhp,Black/Silver,7.0,4.0,,13.25
Toyota Corolla,Hyderabad,2008.0,44738.0,Petrol,Manual,First,14.53 kmpl,1798 CC,138.1 bhp,Others,5.0,4.0,,5.1
Maruti Swift,Bangalore,2014.0,98000.0,Diesel,Manual,First,22.9 kmpl,1248 CC,74 bhp,White,5.0,4.0,,6.1
Maruti Swift,Jaipur,2017.0,25000.0,Diesel,Manual,First,28.4 kmpl,1248 CC,,White,5.0,4.0,,5.99
Maruti Alto,Mumbai,2016.0,13198.0,Petrol,Manual,First,24.07 kmpl,998 CC,67.1 bhp,White,5.0,4.0,4.82 Lakh,3.15
Jaguar XF,Bangalore,2015.0,19000.0,Diesel,Automatic,Second,16.36 kmpl,2179 CC,187.7 bhp,White,5.0,4.0,,38.0
Ford Figo,Kolkata,2015.0,21400.0,Petrol,Manual,First,15.6 kmpl,1196 CC,70 bhp,Black/Silver,5.0,4.0,,4.0
Maruti Swift,Ahmedabad,2015.0,69000.0,Diesel,Manual,First,26.59 kmpl,1248 CC,74 bhp,White,5.0,4.0,,5.9
Hyundai Verna,Coimbatore,2019.0,77240.0,Diesel,Automatic,First,22.32 kmpl,1582 CC,126.32 bhp,White,5.0,4.0,,8.31
Honda Amaze,Ahmedabad,2014.0,81000.0,Diesel,Manual,First,25.8 kmpl,1498 CC,98.6 bhp,Black/Silver,5.0,4.0,,4.1
Maruti Alto,Kolkata,2016.0,4000.0,Petrol,Manual,First,24.7 kmpl,796 CC,47.3 bhp,Black/Silver,5.0,4.0,,3.0
Hyundai Verna,Kochi,2019.0,30529.0,Diesel,Manual,First,23.9 kmpl,1582 CC,126.2 bhp,Black/Silver,5.0,4.0,,14.28
Hyundai i20,Bangalore,2016.0,19000.0,Petrol,Manual,First,18.6 kmpl,1197 CC,81.83 bhp,Others,5.0,4.0,,7.25
Volkswagen Polo,Pune,2012.0,19030.0,Petrol,Manual,First,16.47 kmpl,1198 CC,73.9 bhp,Others,5.0,4.0,,3.8
Honda City,Jaipur,2006.0,100173.0,Petrol,Manual,Second,16.9 kmpl,1497 CC,100 bhp,White,5.0,4.0,,2.4
Hyundai Creta,Coimbatore,2017.0,63770.0,Diesel,Manual,First,19.67 kmpl,1582 CC,126.2 bhp,Black/Silver,5.0,4.0,,13.55
Maruti Omni,Hyderabad,2017.0,21260.0,Petrol,Manual,First,14.0 kmpl,796 CC,35 bhp,Others,5.0,4.0,,2.9
Maruti Swift,Jaipur,2015.0,78000.0,Petrol,Manual,First,16.1 kmpl,1298 CC,88.2 bhp,White,5.0,4.0,,4.5
Hyundai EON,Kolkata,2013.0,36000.0,Petrol,Manual,First,21.1 kmpl,814 CC,55.2 bhp,Black/Silver,5.0,4.0,,1.95
Renault Captur,Mumbai,2018.0,1011.0,Diesel,Manual,First,20.37 kmpl,1461 CC,108.45 bhp,Black/Silver,5.0,4.0,,13.5
Maruti Swift,Pune,2010.0,54898.0,Petrol,Manual,Third,16.1 kmpl,1298 CC,88.2 bhp,Others,5.0,4.0,,2.5
Hyundai i10,Pune,2008.0,72672.0,Petrol,Manual,First,19.81 kmpl,1086 CC,68.05 bhp,Others,5.0,4.0,,1.9
Honda City,Mumbai,2017.0,11000.0,Petrol,Manual,First,17.4 kmpl,1497 CC,117.3 bhp,White,5.0,4.0,12.57 Lakh,8.5
Hyundai Xcent,Mumbai,2016.0,135000.0,Diesel,Manual,First,24.4 kmpl,1120 CC,71 bhp,Others,5.0,4.0,,4.2
BMW 3,Bangalore,2008.0,78000.0,Diesel,Automatic,Second,16.07 kmpl,1995 CC,181 bhp,Black/Silver,5.0,4.0,,7.2
Hyundai Verna,Hyderabad,2012.0,65000.0,Diesel,Manual,First,22.32 kmpl,1582 CC,126.32 bhp,White,5.0,4.0,,6.2
Ford Fiesta,Jaipur,2007.0,125000.0,Petrol,Manual,Third,16.6 kmpl,1388 CC,68 bhp,Black/Silver,5.0,4.0,,1.5
Honda City,Kolkata,2014.0,26000.0,Diesel,Manual,First,26.0 kmpl,1498 CC,98.6 bhp,Others,5.0,4.0,,5.5
Mahindra Xylo,Kochi,2010.0,109147.0,Diesel,Manual,First,14.0 kmpl,2498 CC,112 bhp,Others,8.0,5.0,,2.65
Land Rover Range,Coimbatore,2014.0,64557.0,Diesel,Automatic,Second,12.7 kmpl,2179 CC,187.7 bhp,Others,5.0,4.0,,29.93
Maruti Zen,Mumbai,2005.0,102000.0,Petrol,Manual,First,17.3 kmpl,993 CC,60 bhp,Others,5.0,4.0,,0.7
Mahindra Bolero,Pune,2007.0,92000.0,Diesel,Manual,First,13.6 kmpl,2523 CC,63 bhp,White,7.0,5.0,,2.7
Maruti Baleno,Ahmedabad,2016.0,30965.0,Petrol,Manual,First,21.4 kmpl,1197 CC,83.1 bhp,Others,5.0,4.0,,6.25
Mahindra XUV500,Coimbatore,2015.0,39335.0,Diesel,Manual,First,15.1 kmpl,2179 CC,140 bhp,White,7.0,5.0,,12.63
Hyundai Tucson,Delhi,2006.0,80000.0,Diesel,Manual,Second,12.6 kmpl,1991 CC,112 bhp,Black/Silver,7.0,5.0,,1.75
Ford Ecosport,Kochi,2017.0,75445.0,Diesel,Manual,First,22.7 kmpl,1498 CC,89.84 bhp,Black/Silver,5.0,4.0,,7.54
Volkswagen Polo,Mumbai,2012.0,41000.0,Petrol,Manual,First,16.47 kmpl,1198 CC,73.9 bhp,Others,5.0,4.0,,3.1
Maruti S,Ahmedabad,2016.0,58000.0,Diesel,Manual,First,23.65 kmpl,1248 CC,88.5 bhp,White,5.0,4.0,,7.9
Hyundai Verna,Hyderabad,2012.0,65254.0,Diesel,Manual,First,22.32 kmpl,1582 CC,126.32 bhp,Others,5.0,4.0,,6.55
Jaguar XF,Kochi,2016.0,13418.0,Diesel,Automatic,First,16.36 kmpl,2179 CC,187.7 bhp,White,5.0,4.0,,33.63
Mahindra XUV500,Bangalore,2015.0,34000.0,Diesel,Automatic,First,16.0 kmpl,2179 CC,140 bhp,Black/Silver,7.0,5.0,,13.0
Hyundai Grand,Hyderabad,2017.0,22500.0,Petrol,Manual,First,18.9 kmpl,1197 CC,81.86 bhp,Others,5.0,4.0,7.82 Lakh,5.99
Maruti Vitara,Chennai,2018.0,3300.0,Diesel,Automatic,First,24.3 kmpl,1248 CC,88.5 bhp,Black/Silver,5.0,4.0,12.88 Lakh,11.5
Hyundai i20,Mumbai,2015.0,25000.0,Petrol,Manual,First,18.6 kmpl,1197 CC,81.83 bhp,White,5.0,4.0,,5.65
Toyota Innova,Kochi,2019.0,14165.0,Diesel,Automatic,First,11.36 kmpl,2755 CC,171.5 bhp,White,7.0,4.0,20.74 Lakh,19.64
Hyundai Xcent,Mumbai,2016.0,100000.0,Diesel,Manual,First,24.4 kmpl,1120 CC,71 bhp,White,5.0,4.0,,4.5
Toyota Innova,Mumbai,2014.0,95000.0,Diesel,Manual,Second,12.8 kmpl,2494 CC,102 bhp,White,8.0,5.0,,9.45
Honda City,Mumbai,2016.0,28000.0,Petrol,Manual,First,17.8 kmpl,1497 CC,117.3 bhp,Black/Silver,5.0,4.0,,8.75
Hyundai Creta,Coimbatore,2016.0,11554.0,Diesel,Manual,First,19.67 kmpl,1582 CC,126.2 bhp,Others,5.0,4.0,,14.25
Honda City,Hyderabad,2012.0,67635.0,Petrol,Manual,First,17.0 kmpl,1497 CC,118 bhp,Others,5.0,4.0,,5.25
Hyundai EON,Kochi,2016.0,29832.0,Petrol,Manual,First,21.1 kmpl,814 CC,55.2 bhp,White,5.0,4.0,,3.29
BMW 3,Mumbai,2013.0,38000.0,Diesel,Automatic,First,18.88 kmpl,1995 CC,184 bhp,Black/Silver,5.0,4.0,,19.5
Maruti Swift,Hyderabad,2010.0,130000.0,Diesel,Manual,First,19.3 kmpl,1248 CC,73.9 bhp,Others,5.0,4.0,,3.65
Maruti Zen,Jaipur,1998.0,95150.0,Petrol,Manual,Third,17.3 kmpl,993 CC,60 bhp,White,5.0,4.0,,0.45
Maruti Ritz,Kochi,2015.0,57034.0,Diesel,Manual,First,23.2 kmpl,1248 CC,73.94 bhp,Black/Silver,5.0,4.0,,4.38
Honda Brio,Ahmedabad,2012.0,50000.0,Petrol,Manual,First,19.4 kmpl,1198 CC,86.8 bhp,White,5.0,4.0,,3.65
Maruti Alto,Kochi,2016.0,51639.0,Petrol,Manual,First,22.74 kmpl,796 CC,47.3 bhp,White,5.0,4.0,,3.04
Skoda Rapid,Kochi,2013.0,50004.0,Petrol,Manual,First,15.0 kmpl,1598 CC,103.5 bhp,Black/Silver,5.0,4.0,,4.02
Audi A4,Jaipur,2012.0,65664.0,Diesel,Automatic,First,16.55 kmpl,1968 CC,140 bhp,White,5.0,4.0,,13.5
Nissan Terrano,Mumbai,2014.0,51000.0,Diesel,Manual,First,19.87 kmpl,1461 CC,83.14 bhp,White,5.0,4.0,15.06 Lakh,5.65
Toyota Etios,Kolkata,2011.0,45560.0,Petrol,Manual,First,17.6 kmpl,1496 CC,88.73 bhp,Others,5.0,4.0,,2.2
Toyota Fortuner,Delhi,2013.0,69000.0,Diesel,Manual,First,12.55 kmpl,2982 CC,169 bhp,Black/Silver,7.0,5.0,,14.45
Maruti Swift,Hyderabad,2010.0,130000.0,Diesel,Manual,First,19.3 kmpl,1248 CC,73.9 bhp,White,5.0,4.0,,3.85
Mahindra XUV500,Delhi,2012.0,88000.0,Diesel,Manual,First,16.0 kmpl,2179 CC,140 bhp,Black/Silver,7.0,5.0,,5.99
Audi A6,Mumbai,2015.0,42000.0,Diesel,Automatic,First,17.68 kmpl,1968 CC,174.33 bhp,Others,5.0,4.0,,24.25
Mahindra TUV,Kochi,2018.0,55594.0,Diesel,Manual,First,18.49 kmpl,1493 CC,100 bhp,Black/Silver,7.0,5.0,,8.48
Land Rover Range,Bangalore,2012.0,63000.0,Diesel,Automatic,Second,11.49 kmpl,4367 CC,335.3 bhp,Others,5.0,4.0,,65.0
Ford EcoSport,Chennai,2016.0,20000.0,Diesel,Manual,First,22.77 kmpl,1498 CC,98.59 bhp,White,5.0,4.0,,7.9
Honda Brio,Bangalore,2012.0,45000.0,Petrol,,Second,19.4 kmpl,1198 CC,86.8 bhp,White,5.0,4.0,,3.65
Maruti Swift,Bangalore,2015.0,62588.0,Diesel,Manual,First,17.8 kmpl,1248 CC,null bhp,White,5.0,4.0,,5.95
Honda Accord,Mumbai,2012.0,42000.0,Petrol,Manual,First,9.8 kmpl,2354 CC,180 bhp,White,5.0,4.0,,6.25
Ford Aspire,Kolkata,2018.0,17000.0,Diesel,Manual,First,26.1 kmpl,1498 CC,99 bhp,Black/Silver,5.0,4.0,7.56 Lakh,5.65
Toyota Corolla,Mumbai,2014.0,74219.0,Diesel,Manual,First,21.43 kmpl,1364 CC,87.2 bhp,Black/Silver,5.0,4.0,,10.75
Hyundai Tucson,Mumbai,2016.0,13000.0,Petrol,Automatic,First,12.95 kmpl,1999 CC,152.88 bhp,Others,5.0,4.0,25.75 Lakh,17.75
Land Rover Range,Kochi,2019.0,26013.0,Diesel,Automatic,First,12.65 kmpl,2993 CC,255 bhp,Black/Silver,5.0,4.0,1.39 Cr,97.07
Toyota Innova,Pune,2016.0,47000.0,Diesel,Manual,First,12.8 kmpl,2494 CC,102 bhp,White,7.0,4.0,,12.8
Hyundai i20,Hyderabad,2012.0,80000.0,Diesel,Manual,First,21.27 kmpl,1396 CC,88.76 bhp,White,5.0,4.0,,4.5
Audi A6,Kochi,2015.0,31652.0,Diesel,Automatic,First,17.68 kmpl,1968 CC,174.33 bhp,White,5.0,4.0,,26.78
Volkswagen Vento,Hyderabad,2016.0,45492.0,Diesel,Automatic,First,21.5 kmpl,1498 CC,108.5 bhp,Others,5.0,4.0,15.68 Lakh,10.3
Honda City,Kochi,2017.0,38691.0,Petrol,Manual,First,17.8 kmpl,1497 CC,117.3 bhp,Black/Silver,5.0,4.0,,7.68
Chevrolet Cruze,Coimbatore,2018.0,52073.0,Diesel,Manual,Second,18.3 kmpl,1991 CC,147.9 bhp,White,5.0,4.0,,9.87
Hyundai i20,Kochi,2013.0,62132.0,Petrol,Manual,First,18.5 kmpl,1197 CC,82.85 bhp,Others,5.0,4.0,,4.57
Land Rover Discovery,Delhi,2017.0,22000.0,Diesel,Automatic,First,12.83 kmpl,2179 CC,147.5 bhp,White,5.0,4.0,,35.0
Mercedes-Benz New,Hyderabad,2015.0,39000.0,Diesel,Automatic,First,19.27 kmpl,2143 CC,167.62 bhp,Others,5.0,4.0,,34.0
Mitsubishi Cedia,Pune,2009.0,97000.0,Petrol,Manual,First,13.17 kmpl,1999 CC,114 bhp,Others,5.0,4.0,,3.0
Nissan Terrano,Bangalore,2014.0,87000.0,Diesel,Manual,First,20.45 kmpl,1461 CC,83.8 bhp,Black/Silver,5.0,4.0,,6.5
Mahindra XUV500,Delhi,2016.0,24569.0,Diesel,Manual,First,16.0 kmpl,1997 CC,140 bhp,White,7.0,5.0,,13.5
Volkswagen Vento,Hyderabad,2016.0,34000.0,Diesel,Manual,First,20.64 kmpl,1498 CC,108.5 bhp,White,5.0,4.0,14.2 Lakh,8.45
BMW 5,Coimbatore,2016.0,75637.0,Diesel,Automatic,First,22.48 kmpl,1995 CC,190 bhp,Others,5.0,4.0,71.82 Lakh,30.37
Mahindra XUV500,Coimbatore,2016.0,41840.0,Diesel,Manual,First,15.1 kmpl,2179 CC,140 bhp,Black/Silver,7.0,5.0,,13.52
Skoda Superb,Mumbai,2011.0,83010.0,Diesel,Automatic,First,17.2 kmpl,1968 CC,138.1 bhp,White,5.0,4.0,,7.5
Audi Q5,Kochi,2011.0,59967.0,Petrol,Automatic,First,9.74 kmpl,1984 CC,208 bhp,Black/Silver,5.0,4.0,,18.0
Toyota Innova,Mumbai,2017.0,20000.0,Diesel,Manual,First,13.68 kmpl,2393 CC,147.8 bhp,Black/Silver,8.0,5.0,,16.5
Maruti Swift,Kochi,2014.0,49386.0,Petrol,Manual,First,17.5 kmpl,1298 CC,85.8 bhp,Black/Silver,5.0,4.0,,4.86
Mercedes-Benz New,Delhi,2015.0,58000.0,Petrol,Automatic,First,11.74 kmpl,1796 CC,186 bhp,White,5.0,4.0,,26.7
Toyota Innova,Coimbatore,2019.0,11241.0,Diesel,Manual,First,13.68 kmpl,2393 CC,147.8 bhp,White,8.0,5.0,24.01 Lakh,22.55
Tata Manza,Ahmedabad,2013.0,47000.0,Diesel,Manual,First,21.12 kmpl,1248 CC,88.8 bhp,White,5.0,4.0,,2.95
Tata Indica,Delhi,2012.0,27000.0,Diesel,Manual,First,22.3 kmpl,1248 CC,88.8 bhp,Black/Silver,5.0,4.0,,3.5
Maruti Wagon,Jaipur,2016.0,68630.0,Petrol,Automatic,First,20.51 kmpl,998 CC,67 bhp,Black/Silver,5.0,4.0,,3.87
Hyundai i20,Jaipur,2013.0,129000.0,Diesel,Manual,Third,21.27 kmpl,1396 CC,88.76 bhp,Black/Silver,5.0,4.0,,4.11
Maruti Swift,Pune,2016.0,39000.0,Diesel,Manual,First,26.59 kmpl,1248 CC,74 bhp,Others,5.0,4.0,,5.8
Honda City,Kochi,2019.0,22321.0,Petrol,Automatic,First,18.0 kmpl,1497 CC,117.3 bhp,Others,5.0,4.0,13.4 Lakh,11.66
Volvo XC90,Kochi,2014.0,102001.0,Diesel,Automatic,First,11.1 kmpl,2400 CC,200 bhp,Others,7.0,5.0,,23.58
Honda CR-V,Pune,2008.0,92000.0,Petrol,Manual,Second,10.8 kmpl,2354 CC,152 bhp,Others,5.0,4.0,,3.7
Volkswagen Vento,Kochi,2018.0,20488.0,Petrol,Manual,Second,16.09 kmpl,1598 CC,103.5 bhp,White,5.0,4.0,11.48 Lakh,7.64
Hyundai i20,Hyderabad,2015.0,68525.0,Diesel,Manual,First,23.0 kmpl,1396 CC,90 bhp,White,5.0,4.0,,7.0
Hyundai Grand,Bangalore,2016.0,51866.0,Petrol,Manual,First,18.9 kmpl,1197 CC,82 bhp,White,5.0,4.0,,5.5
Hyundai Sonata,Ahmedabad,2013.0,45000.0,Petrol,Manual,First,11.7 kmpl,2359 CC,134 bhp,Black/Silver,5.0,4.0,,7.9
Toyota Innova,Chennai,2016.0,50000.0,Diesel,Manual,First,12.8 kmpl,2494 CC,102 bhp,Black/Silver,8.0,5.0,,15.65
Maruti Swift,Kolkata,2015.0,40082.0,Diesel,Manual,First,19.3 kmpl,1248 CC,73.9 bhp,Black/Silver,5.0,4.0,,4.76
Audi Q7,Bangalore,2015.0,50000.0,Diesel,Automatic,First,11.33 kmpl,4134 CC,335.2 bhp,Black/Silver,7.0,5.0,,48.0
Maruti Alto,Kochi,2015.0,23876.0,Petrol,Manual,First,24.07 kmpl,998 CC,67.1 bhp,Others,5.0,4.0,4.09 Lakh,3.46
Honda City,Delhi,2014.0,62505.0,Petrol,Manual,First,17.4 kmpl,1497 CC,117.3 bhp,White,5.0,4.0,,5.95
Ford Fiesta,Hyderabad,2009.0,55000.0,Diesel,Manual,Second,17.8 kmpl,1399 CC,68 bhp,Black/Silver,5.0,4.0,,2.4
Honda City,Bangalore,2011.0,65000.0,Petrol,Manual,First,17.0 kmpl,1497 CC,118 bhp,White,5.0,4.0,,5.2
Mercedes-Benz E-Class,Mumbai,2016.0,21000.0,Diesel,Automatic,First,13.0 kmpl,2143 CC,204 bhp,Black/Silver,5.0,4.0,,36.0
Ford Endeavour,Hyderabad,2008.0,179000.0,Diesel,Automatic,Second,12.8 kmpl,2953 CC,156 bhp,White,7.0,5.0,,4.24
Hyundai Santro,Hyderabad,2006.0,99000.0,Petrol,Manual,First,0.0 kmpl,1086 CC,null bhp,White,5.0,4.0,,1.75
Honda Jazz,Kochi,2018.0,18664.0,Petrol,Manual,First,18.7 kmpl,1199 CC,88.7 bhp,Black/Silver,5.0,4.0,,7.56
Hyundai Verna,Coimbatore,2017.0,36931.0,Diesel,Automatic,First,19.08 kmpl,1582 CC,126.2 bhp,Others,5.0,4.0,,9.48
Maruti Dzire,Kolkata,2015.0,28193.0,Diesel,Manual,First,28.4 kmpl,1248 CC,73.75 bhp,Others,5.0,4.0,8.36 Lakh,5.25
Volkswagen Polo,Kochi,2015.0,58134.0,Petrol,Manual,First,16.47 kmpl,1198 CC,74 bhp,White,5.0,4.0,,4.64
Maruti Ciaz,Coimbatore,2018.0,7784.0,Petrol,Manual,First,20.73 kmpl,1373 CC,91.1 bhp,White,5.0,4.0,,8.76
Mahindra Scorpio,Ahmedabad,2016.0,98000.0,Diesel,Manual,First,15.4 kmpl,1997 CC,120 bhp,Black/Silver,7.0,5.0,,11.5
Mercedes-Benz R-Class,Hyderabad,2010.0,46000.0,Diesel,Automatic,First,11.8 kmpl,2987 CC,261 bhp,White,7.0,5.0,,28.0
BMW 3,Mumbai,2016.0,19000.0,Diesel,Automatic,Second,21.76 kmpl,1995 CC,190 bhp,Others,5.0,4.0,57.3 Lakh,29.99
Honda Civic,Kolkata,2009.0,59000.0,Petrol,Manual,First,13.5 kmpl,1799 CC,130 bhp,White,5.0,4.0,,2.71
Hyundai Tucson,Kochi,2018.0,51346.0,Diesel,Automatic,First,16.38 kmpl,1995 CC,183 bhp,White,5.0,4.0,,21.99
Maruti Swift,Kolkata,2017.0,60000.0,Diesel,Manual,First,26.59 kmpl,1248 CC,74 bhp,White,5.0,4.0,,3.0
Mercedes-Benz New,Hyderabad,2010.0,65000.0,Petrol,Manual,Second,11.7 kmpl,1796 CC,178 bhp,White,5.0,4.0,,11.75
Hyundai i10,Bangalore,2010.0,56000.0,Petrol,Manual,First,19.81 kmpl,1086 CC,68.05 bhp,White,5.0,4.0,,2.85
Hyundai i20,Bangalore,2015.0,53000.0,Petrol,Manual,First,18.6 kmpl,1197 CC,81.83 bhp,White,5.0,4.0,,5.5
Toyota Corolla,Mumbai,2008.0,48233.0,Petrol,Manual,Second,13.4 kmpl,1794 CC,125 bhp,White,5.0,4.0,,1.8
Maruti Ciaz,Mumbai,2014.0,46738.0,Petrol,Automatic,First,19.12 kmpl,1373 CC,91.1 bhp,White,5.0,4.0,,6.1
Mercedes-Benz E-Class,Bangalore,2013.0,48000.0,Diesel,Automatic,First,14.21 kmpl,2143 CC,203 bhp,White,5.0,4.0,,22.0
Maruti Swift,Kochi,2015.0,24782.0,Petrol,Manual,First,20.85 kmpl,1197 CC,83.14 bhp,Others,5.0,4.0,,6.21
Hyundai i20,Kolkata,2009.0,30675.0,Petrol,Manual,First,18.5 kmpl,1197 CC,80 bhp,White,5.0,4.0,,2.25
Jaguar XF,Kolkata,2012.0,43510.0,Diesel,Automatic,First,14.74 kmpl,2993 CC,270.9 bhp,Others,5.0,4.0,,20.5
Bentley Continental,Hyderabad,2006.0,48000.0,Petrol,Automatic,First,8.6 kmpl,5998 CC,552 bhp,Black/Silver,4.0,4.0,,59.0
Maruti Ciaz,Mumbai,2015.0,50940.0,Petrol,Automatic,First,19.12 kmpl,1373 CC,91.1 bhp,Others,5.0,4.0,,6.95
Audi Q5,Delhi,2012.0,74500.0,Diesel,Automatic,Second,14.16 kmpl,1968 CC,174.3 bhp,Black/Silver,5.0,4.0,,15.0
Audi A4,Delhi,2011.0,46000.0,Diesel,Automatic,Second,16.55 kmpl,1968 CC,147.51 bhp,White,5.0,4.0,,10.99
Hyundai i10,Kochi,2012.0,57184.0,Petrol,Manual,First,20.36 kmpl,1197 CC,78.9 bhp,White,5.0,4.0,,3.09
Maruti Baleno,Delhi,2016.0,27000.0,Petrol,Manual,First,21.4 kmpl,1197 CC,83.1 bhp,Black/Silver,5.0,4.0,,6.5
Volkswagen Polo,Chennai,2011.0,70000.0,Petrol,Manual,Second,15.26 kmpl,1598 CC,103.5 bhp,Black/Silver,5.0,4.0,,3.29
Renault Duster,Jaipur,2016.0,68163.0,Diesel,Automatic,First,19.6 kmpl,1461 CC,108.45 bhp,Others,5.0,4.0,14.11 Lakh,8.9
Mercedes-Benz E-Class,Mumbai,1998.0,55300.0,Diesel,Automatic,First,10.0 kmpl,1796 CC,157.7 bhp,Others,5.0,4.0,,3.9
Honda Jazz,Pune,2015.0,97000.0,Diesel,Manual,First,27.3 kmpl,1498 CC,98.6 bhp,White,5.0,4.0,,6.4
Maruti Baleno,Kochi,2017.0,15134.0,Petrol,Manual,First,21.4 kmpl,1197 CC,83.1 bhp,White,5.0,4.0,7.36 Lakh,6.37
Honda Jazz,Pune,2016.0,22700.0,Petrol,Manual,First,18.7 kmpl,1199 CC,88.7 bhp,Others,5.0,4.0,,5.55
Maruti Baleno,Delhi,2015.0,54000.0,Diesel,Manual,First,27.39 kmpl,1248 CC,74 bhp,Others,5.0,4.0,,5.95
Hyundai Grand,Mumbai,2015.0,26000.0,Petrol,Manual,First,18.9 kmpl,1197 CC,82 bhp,Black/Silver,5.0,4.0,,4.25
Hyundai Verna,Bangalore,2012.0,67000.0,Diesel,Manual,First,22.32 kmpl,1582 CC,126.32 bhp,Others,5.0,4.0,,6.25
Audi A4,Bangalore,2014.0,40000.0,Diesel,Automatic,First,17.11 kmpl,1968 CC,174.33 bhp,Others,5.0,4.0,,22.5
Mahindra Thar,Jaipur,2016.0,19000.0,Diesel,Manual,First,16.55 kmpl,2498 CC,105 bhp,White,6.0,5.0,11.39 Lakh,9.25
Maruti Swift,Hyderabad,2013.0,69000.0,Diesel,Manual,First,23.4 kmpl,1248 CC,74 bhp,Black/Silver,5.0,4.0,,5.75
Hyundai Grand,Coimbatore,2015.0,61717.0,Petrol,Automatic,First,18.9 kmpl,1197 CC,82 bhp,Black/Silver,5.0,4.0,,5.57
Mercedes-Benz New,Coimbatore,2018.0,24465.0,Diesel,Automatic,First,19.27 kmpl,2143 CC,167.62 bhp,Others,5.0,4.0,,39.45
Mahindra Ssangyong,Pune,2013.0,76000.0,Diesel,Automatic,Second,11.18 kmpl,2696 CC,184 bhp,White,7.0,5.0,,8.79
Volkswagen Ameo,Ahmedabad,2016.0,34005.0,Petrol,Manual,First,17.0 kmpl,1198 CC,73.75 bhp,White,5.0,4.0,8.09 Lakh,5.75
Mercedes-Benz New,Coimbatore,2012.0,92469.0,Diesel,Automatic,Second,19.71 kmpl,2143 CC,201.15 bhp,Others,5.0,4.0,,16.14
Mini Cooper,Bangalore,2014.0,35165.0,Diesel,Automatic,Second,23.8 kmpl,1998 CC,112 bhp,Black/Silver,5.0,4.0,,22.0
Audi A4,Bangalore,2013.0,45979.0,Diesel,Automatic,Second,17.11 kmpl,1968 CC,174.33 bhp,Black/Silver,5.0,4.0,,19.5
Hyundai i20,Pune,2018.0,31000.0,Diesel,Manual,First,22.54 kmpl,1396 CC,88.73 bhp,Others,5.0,4.0,,7.75
Hyundai i10,Hyderabad,2010.0,70600.0,Petrol,Manual,First,20.36 kmpl,1197 CC,78.9 bhp,White,5.0,4.0,,2.8
Audi A3,Mumbai,2016.0,20003.0,Diesel,Automatic,First,20.38 kmpl,1968 CC,143 bhp,Others,5.0,4.0,,19.25
Mini Cooper,Mumbai,2013.0,52000.0,Petrol,Automatic,First,13.6 kmpl,1598 CC,181 bhp,White,4.0,4.0,,25.0
Tata Nano,Ahmedabad,2014.0,18000.0,Petrol,Manual,Second,25.4 kmpl,624 CC,37.5 bhp,Others,4.0,4.0,,1.0
Maruti Wagon,Jaipur,2006.0,65000.0,Petrol,Manual,First,18.9 kmpl,1061 CC,67 bhp,Others,5.0,4.0,,1.5
Ford Ecosport,Bangalore,2013.0,58000.0,Petrol,Manual,First,15.8 kmpl,1499 CC,110 bhp,Black/Silver,5.0,4.0,,7.5
Honda City,Ahmedabad,2002.0,85000.0,Petrol,Manual,First,13.0 kmpl,1343 CC,90 bhp,Others,5.0,4.0,,1.2
Maruti Swift,Pune,2016.0,32000.0,Petrol,Manual,First,19.1 kmpl,1197 CC,85.8 bhp,Black/Silver,5.0,4.0,,5.3
Toyota Camry,Pune,2018.0,17000.0,Petrol,Automatic,First,19.16 kmpl,2494 CC,158.2 bhp,Others,5.0,4.0,,32.0
Mercedes-Benz A,Mumbai,2013.0,37000.0,Diesel,Automatic,First,20.0 kmpl,2143 CC,107.3 bhp,Black/Silver,5.0,4.0,,14.0
Tata Bolt,Hyderabad,2016.0,100303.0,Diesel,Manual,First,22.95 kmpl,1248 CC,74 bhp,Others,5.0,4.0,7.43 Lakh,3.7
Toyota Fortuner,Hyderabad,2013.0,63455.0,Diesel,Manual,First,11.5 kmpl,2982 CC,171 bhp,Others,7.0,5.0,,19.0
Mini Cooper,Hyderabad,2014.0,60000.0,Diesel,Automatic,Second,20.7 kmpl,1496 CC,113.98 bhp,White,5.0,4.0,42.48 Lakh,23.5
Mercedes-Benz New,Mumbai,2011.0,40000.0,Petrol,Automatic,Second,11.74 kmpl,1796 CC,186 bhp,Others,5.0,4.0,,14.5
Maruti Dzire,Pune,2017.0,41747.0,Diesel,Automatic,First,28.4 kmpl,1248 CC,73.75 bhp,Black/Silver,5.0,4.0,11.26 Lakh,9.0
Maruti Swift,Delhi,2016.0,30000.0,Petrol,Manual,First,20.4 kmpl,1197 CC,81.80 bhp,Black/Silver,5.0,4.0,,5.0
Tata Zest,Mumbai,2014.0,40000.0,Petrol,Manual,First,17.57 kmpl,1193 CC,88.7 bhp,White,5.0,4.0,8.56 Lakh,3.95
Hyundai Creta,Jaipur,2015.0,83950.0,Diesel,Manual,First,19.67 kmpl,1582 CC,126.2 bhp,Others,5.0,4.0,,9.95
Renault KWID,Pune,2018.0,5000.0,Petrol,Manual,First,25.17 kmpl,799 CC,53.3 bhp,White,5.0,4.0,4.9 Lakh,3.5
Maruti Swift,Pune,2013.0,55000.0,Petrol,Manual,First,17.5 kmpl,1298 CC,85.8 bhp,Black/Silver,5.0,4.0,,4.25
Hyundai Grand,Coimbatore,2017.0,19168.0,Petrol,Automatic,First,18.9 kmpl,1197 CC,82 bhp,Others,5.0,4.0,,6.93
Ford Figo,Hyderabad,2013.0,65000.0,Diesel,Manual,First,20.0 kmpl,1399 CC,68 bhp,White,5.0,4.0,,3.9
Hyundai i20,Bangalore,2014.0,31045.0,Petrol,Manual,Second,18.6 kmpl,1197 CC,81.83 bhp,Black/Silver,5.0,4.0,,5.65
BMW X6,Coimbatore,2014.0,39626.0,Diesel,Automatic,First,11.2 kmpl,2993 CC,241 bhp,Others,4.0,4.0,,40.66
Maruti SX4,Jaipur,2007.0,76000.0,Petrol,Manual,Second,15.0 kmpl,1586 CC,104.68 bhp,Black/Silver,5.0,4.0,,2.15
Tata Zest,Pune,2017.0,121900.0,Diesel,Manual,First,22.95 kmpl,1248 CC,74 bhp,White,5.0,4.0,8.34 Lakh,3.75
Mahindra Scorpio,Bangalore,2011.0,73000.0,Diesel,Manual,First,12.05 kmpl,2179 CC,120 bhp,Others,8.0,5.0,,6.4
Maruti Swift,Coimbatore,2014.0,47674.0,Petrol,Manual,First,19.1 kmpl,1197 CC,85.8 bhp,Black/Silver,5.0,4.0,,5.72
BMW 3,Chennai,2008.0,89000.0,Diesel,Automatic,Second,16.07 kmpl,1995 CC,181 bhp,Black/Silver,4.0,4.0,,6.3
Mercedes-Benz B,Kochi,2014.0,41380.0,Petrol,Automatic,Second,14.8 kmpl,1595 CC,120.7 bhp,Black/Silver,5.0,4.0,,11.77
Maruti Ritz,Coimbatore,2015.0,42894.0,Diesel,Manual,First,23.2 kmpl,1248 CC,73.94 bhp,Black/Silver,5.0,4.0,,5.59
Honda CR-V,Delhi,2010.0,94000.0,Petrol,Automatic,Second,10.1 kmpl,2354 CC,152 bhp,Black/Silver,5.0,4.0,,4.8
Volkswagen Polo,Chennai,2013.0,60000.0,Diesel,Manual,First,22.07 kmpl,1199 CC,73.9 bhp,White,5.0,4.0,,4.75
Toyota Innova,Pune,2017.0,43200.0,Diesel,Manual,First,13.68 kmpl,2393 CC,147.8 bhp,White,7.0,4.0,25.52 Lakh,18.6
Tata Safari,Kochi,2015.0,40611.0,Diesel,Manual,First,14.0 kmpl,2179 CC,138.1 bhp,Others,7.0,5.0,,8.15
Renault Duster,Kochi,2017.0,58151.0,Diesel,Automatic,First,19.6 kmpl,1461 CC,108.45 bhp,White,5.0,4.0,,9.6
Toyota Innova,Delhi,2010.0,80000.0,Diesel,Manual,First,12.8 kmpl,2494 CC,102 bhp,White,8.0,5.0,,4.75
Hyundai Grand,Kolkata,2014.0,41000.0,Petrol,Manual,First,18.9 kmpl,1197 CC,82 bhp,Others,5.0,4.0,,3.14
Ford Endeavour,Mumbai,2016.0,29000.0,Diesel,Automatic,First,10.91 kmpl,3198 CC,197 bhp,White,7.0,5.0,,29.8
Maruti Swift,Delhi,2014.0,52000.0,Diesel,Manual,First,22.9 kmpl,1248 CC,74 bhp,Others,5.0,4.0,,4.25
Maruti Swift,Delhi,2014.0,57319.0,Diesel,Manual,First,25.2 kmpl,1248 CC,74 bhp,Others,5.0,4.0,,4.25
Honda City,Mumbai,2015.0,30000.0,Petrol,Automatic,First,18.0 kmpl,1497 CC,117.3 bhp,White,5.0,4.0,15.29 Lakh,8.65
Skoda Laura,Bangalore,2011.0,46000.0,Petrol,Manual,First,13.4 kmpl,1798 CC,157.8 bhp,Black/Silver,5.0,4.0,,5.5
Skoda Rapid,Kochi,2014.0,96848.0,Petrol,Automatic,First,14.3 kmpl,1598 CC,103.6 bhp,Others,5.0,4.0,,4.62
Maruti Swift,Coimbatore,2017.0,27872.0,Petrol,Manual,Second,20.4 kmpl,1197 CC,81.80 bhp,Others,5.0,4.0,,5.95
Honda Jazz,Kochi,2018.0,38593.0,Petrol,Manual,First,18.7 kmpl,1199 CC,88.7 bhp,White,5.0,4.0,,6.17
Maruti Swift,Mumbai,2012.0,80753.0,Diesel,Manual,Second,23.4 kmpl,1248 CC,74 bhp,Black/Silver,5.0,4.0,,4.5
BMW 5,Ahmedabad,2010.0,68000.0,Diesel,Automatic,First,11.5 kmpl,2993 CC,235 bhp,Others,5.0,4.0,,18.0
Volkswagen Jetta,Pune,2015.0,65320.0,Diesel,Automatic,Second,16.96 kmpl,1968 CC,138.03 bhp,Black/Silver,5.0,4.0,,11.5
Tata New,Chennai,2009.0,120000.0,Diesel,Manual,Second,13.93 kmpl,2179 CC,138 bhp,White,7.0,5.0,,3.0
Chevrolet Spark,Kochi,2014.0,36657.0,Petrol,Manual,First,16.2 kmpl,995 CC,62.1 bhp,Others,5.0,4.0,,3.3
Renault Duster,Mumbai,2014.0,30000.0,Diesel,Manual,First,20.46 kmpl,1461 CC,83.8 bhp,White,5.0,4.0,,5.95
Ford Figo,Chennai,2012.0,82000.0,Diesel,Manual,First,20.0 kmpl,1399 CC,68.05 bhp,Black/Silver,5.0,4.0,,2.95
Renault Duster,Mumbai,2013.0,102486.0,Diesel,Manual,First,19.87 kmpl,,,,5.0,4.0,,4.25
Nissan Micra,Kochi,2016.0,49389.0,Petrol,Manual,First,19.49 kmpl,1198 CC,67.04 bhp,Black/Silver,5.0,4.0,,4.26
Chevrolet Captiva,Pune,2009.0,89000.0,Diesel,Automatic,First,12.5 kmpl,1991 CC,147.9 bhp,Black/Silver,7.0,5.0,,4.0
Maruti Swift,Ahmedabad,2015.0,40000.0,Petrol,Manual,First,20.4 kmpl,1197 CC,81.80 bhp,White,5.0,4.0,,5.9
Honda City,Hyderabad,2017.0,12538.0,Petrol,Automatic,First,18.0 kmpl,1497 CC,117.3 bhp,Others,5.0,4.0,,12.5
Mahindra XUV500,Coimbatore,2018.0,46811.0,Diesel,Manual,First,16.0 kmpl,2179 CC,140 bhp,Black/Silver,7.0,5.0,,16.59
Hyundai EON,Coimbatore,2013.0,54884.0,Petrol,Manual,Second,21.1 kmpl,814 CC,55.2 bhp,Black/Silver,5.0,4.0,,3.69
Mahindra XUV500,Coimbatore,2017.0,57847.0,Diesel,Manual,First,16.0 kmpl,2179 CC,140 bhp,Black/Silver,7.0,5.0,,16.08
Hyundai i20,Kolkata,2012.0,60000.0,Diesel,Manual,First,21.9 kmpl,1396 CC,90 bhp,Others,5.0,4.0,,2.74
Maruti Swift,Kochi,2018.0,14589.0,Petrol,Manual,First,16.1 kmpl,1298 CC,88.2 bhp,White,5.0,4.0,,5.65
Hyundai i20,Pune,2011.0,54000.0,Petrol,Manual,First,17.0 kmpl,1197 CC,80 bhp,White,5.0,4.0,,3.2
Maruti S,Kolkata,2016.0,45194.0,Diesel,Manual,First,22.7 kmpl,1598 CC,118 bhp,White,5.0,4.0,,7.75
Hyundai Verna,Hyderabad,2011.0,98000.0,Diesel,Manual,Second,22.32 kmpl,1582 CC,126.32 bhp,Others,5.0,4.0,,5.2
BMW X1,Bangalore,2013.0,49000.0,Diesel,Automatic,Second,17.05 kmpl,1995 CC,184 bhp,White,5.0,4.0,,14.49
Skoda Laura,Hyderabad,2007.0,91000.0,Diesel,Automatic,Second,15.6 kmpl,1896 CC,106 bhp,Others,5.0,4.0,,2.45
Maruti Swift,Chennai,2009.0,68000.0,Petrol,Manual,First,16.1 kmpl,1298 CC,88.2 bhp,Others,5.0,4.0,,2.9
Maruti Alto,Pune,2012.0,12600.0,Petrol,Manual,First,20.92 kmpl,998 CC,67.1 bhp,White,5.0,4.0,,2.4
Audi Q5,Bangalore,2015.0,63000.0,Diesel,Automatic,First,14.16 kmpl,1968 CC,174.3 bhp,Others,5.0,4.0,,36.0
Maruti Ciaz,Chennai,2014.0,45000.0,Diesel,Manual,First,28.09 kmpl,1248 CC,88.5 bhp,Others,5.0,4.0,,6.85
Volkswagen Vento,Mumbai,2015.0,40194.0,Petrol,Manual,First,15.04 kmpl,1598 CC,103.2 bhp,Others,5.0,4.0,,5.55
Toyota Fortuner,Delhi,2012.0,109000.0,Diesel,Manual,First,13.0 kmpl,2982 CC,168.5 bhp,White,7.0,5.0,,13.25
Nissan Sunny,Pune,2014.0,95000.0,Diesel,Manual,First,21.64 kmpl,1461 CC,84.8 bhp,Others,5.0,4.0,,4.5
Honda City,Pune,2001.0,125943.0,Petrol,Manual,Second,13.0 kmpl,1493 CC,100 bhp,White,5.0,4.0,,1.45
Hyundai Grand,Kochi,2018.0,35070.0,Diesel,Manual,First,24.0 kmpl,1120 CC,70 bhp,Black/Silver,5.0,4.0,,5.99
Chevrolet Captiva,Jaipur,2009.0,232000.0,Diesel,Manual,First,11.5 kmpl,1991 CC,147.9 bhp,Others,7.0,5.0,,3.5
Maruti Baleno,Mumbai,2017.0,6000.0,Petrol,Manual,First,21.4 kmpl,1197 CC,83.1 bhp,Others,5.0,4.0,8.78 Lakh,7.5
Ford Figo,Chennai,2016.0,37294.0,Diesel,Manual,First,25.83 kmpl,1498 CC,99 bhp,White,5.0,4.0,,5.75
Mahindra Scorpio,Kochi,2016.0,56739.0,Diesel,Manual,First,15.4 kmpl,1997 CC,120 bhp,White,7.0,5.0,,10.31
Maruti A-Star,Hyderabad,2010.0,81448.0,Petrol,Manual,First,19.0 kmpl,998 CC,66.1 bhp,White,5.0,4.0,,2.6
Toyota Fortuner,Chennai,2010.0,242000.0,Diesel,Manual,First,11.5 kmpl,2982 CC,171 bhp,Black/Silver,7.0,5.0,,11.0
Hyundai i10,Hyderabad,2016.0,19947.0,Petrol,Manual,First,20.36 kmpl,1197 CC,78.9 bhp,White,5.0,4.0,,4.5
Mahindra Scorpio,Jaipur,2010.0,105000.0,Diesel,Manual,Second,12.05 kmpl,2179 CC,120 bhp,White,8.0,5.0,,5.21
Mahindra Scorpio,Mumbai,2011.0,50000.0,Diesel,Automatic,First,11.79 kmpl,2179 CC,120 bhp,Black/Silver,8.0,5.0,,6.0
Honda City,Mumbai,2013.0,51000.0,Petrol,Automatic,First,16.8 kmpl,1497 CC,118 bhp,Black/Silver,5.0,4.0,,4.5
Hyundai Elantra,Delhi,2013.0,71000.0,Diesel,Automatic,First,22.7 kmpl,1582 CC,126.2 bhp,Black/Silver,5.0,4.0,,6.8
Honda Jazz,Ahmedabad,2016.0,35000.0,Diesel,Manual,First,27.3 kmpl,1498 CC,98.6 bhp,Others,5.0,4.0,,5.5
Honda City,Mumbai,2016.0,42000.0,Petrol,Manual,First,17.8 kmpl,1497 CC,117.3 bhp,White,5.0,4.0,,9.25
Volkswagen Polo,Hyderabad,2012.0,107023.0,Diesel,Manual,First,22.07 kmpl,1199 CC,73.9 bhp,White,5.0,4.0,,3.9
Hyundai Xcent,Kolkata,2016.0,146000.0,Petrol,Manual,Second,19.1 kmpl,1197 CC,82 bhp,Others,5.0,4.0,,3.5
Maruti Alto,Chennai,2015.0,63714.0,Petrol,Manual,First,24.7 kmpl,796 CC,47.3 bhp,Black/Silver,5.0,4.0,,2.45
Maruti SX4,Kochi,2010.0,69918.0,Petrol,Manual,First,15.5 kmpl,1586 CC,103.3 bhp,White,5.0,4.0,,2.83
Hyundai EON,Kolkata,2017.0,60000.0,Petrol,Manual,First,21.1 kmpl,814 CC,55.2 bhp,White,5.0,4.0,,2.5
Maruti Ertiga,Hyderabad,2015.0,93700.0,Diesel,Manual,First,24.52 kmpl,1248 CC,88.5 bhp,White,7.0,5.0,,7.85
Maruti Wagon,Delhi,2015.0,13008.0,Petrol,Manual,First,20.51 kmpl,998 CC,67.04 bhp,White,5.0,4.0,,3.5
Maruti Ciaz,Ahmedabad,2015.0,52324.0,Diesel,Manual,First,28.09 kmpl,1248 CC,88.5 bhp,White,5.0,4.0,,6.25
Mahindra XUV500,Coimbatore,2015.0,84725.0,Diesel,Manual,First,15.1 kmpl,2179 CC,140 bhp,Others,7.0,5.0,,11.6
Maruti Wagon,Hyderabad,2018.0,1048.0,Petrol,Manual,First,18.9 kmpl,998 CC,67.1 bhp,White,5.0,4.0,,4.7
Toyota Innova,Hyderabad,2012.0,120000.0,Diesel,Manual,First,12.8 kmpl,2494 CC,102 bhp,Others,7.0,4.0,,12.0
Nissan Micra,Chennai,2011.0,83000.0,Diesel,Manual,First,23.08 kmpl,1461 CC,63.1 bhp,Others,5.0,4.0,,2.75
Maruti Ritz,Hyderabad,2014.0,88500.0,Diesel,Manual,First,23.2 kmpl,1248 CC,73.94 bhp,White,5.0,4.0,,4.35
Toyota Qualis,Mumbai,2001.0,227000.0,Diesel,Manual,Fourth & Above,0.0 kmpl,2446 CC,null bhp,Black/Silver,8.0,5.0,,2.2
Maruti Celerio,Mumbai,2016.0,47691.0,Petrol,Automatic,First,23.1 kmpl,998 CC,67.04 bhp,Black/Silver,5.0,4.0,6.08 Lakh,3.94
Hyundai Grand,Kochi,2018.0,40322.0,Petrol,Manual,First,18.9 kmpl,1197 CC,81.86 bhp,Others,5.0,4.0,,5.5
Nissan Terrano,Pune,2014.0,163000.0,Diesel,Manual,First,19.01 kmpl,1461 CC,108.5 bhp,Black/Silver,5.0,4.0,,5.0
Audi Q7,Kochi,2018.0,11287.0,Diesel,Automatic,First,12.07 kmpl,2967 CC,241.4 bhp,White,7.0,5.0,,70.36
Toyota Innova,Hyderabad,2005.0,299322.0,Diesel,Manual,First,12.8 kmpl,2494 CC,102 bhp,Black/Silver,8.0,5.0,,4.0
Jaguar XF,Bangalore,2013.0,75000.0,Diesel,Automatic,First,14.74 kmpl,2993 CC,270.9 bhp,White,5.0,4.0,,27.95
Mahindra Scorpio,Hyderabad,2008.0,131000.0,Diesel,Manual,First,10.5 kmpl,2609 CC,120 bhp,Black/Silver,7.0,5.0,,3.6
Maruti Vitara,Pune,2016.0,31001.0,Diesel,Manual,First,24.3 kmpl,1248 CC,88.5 bhp,White,5.0,4.0,,7.25
Jeep Compass,Kolkata,2017.0,15050.0,Diesel,Manual,First,16.3 kmpl,1956 CC,170 bhp,Others,5.0,4.0,23.19 Lakh,17.5
Hyundai i20,Pune,2016.0,20600.0,Petrol,Manual,First,18.6 kmpl,1197 CC,81.83 bhp,White,5.0,4.0,,5.4
Ford Figo,Mumbai,2014.0,33000.0,Diesel,Manual,Second,20.0 kmpl,1399 CC,68.05 bhp,Others,5.0,4.0,,3.25
Toyota Fortuner,Mumbai,2014.0,97000.0,Diesel,Manual,First,12.55 kmpl,2982 CC,169 bhp,White,7.0,5.0,,17.95
Volkswagen Polo,Pune,2010.0,84000.0,Diesel,Manual,Second,22.07 kmpl,1199 CC,73.9 bhp,Others,5.0,4.0,,2.89
Mercedes-Benz E-Class,Mumbai,2018.0,11000.0,Diesel,Automatic,First,16.1 kmpl,1950 CC,194 bhp,Others,5.0,4.0,70.55 Lakh,56.5
Maruti Ertiga,Chennai,2017.0,80000.0,Diesel,Manual,First,24.52 kmpl,1248 CC,88.5 bhp,Black/Silver,7.0,5.0,,8.1
Toyota Innova,Coimbatore,2014.0,85301.0,Petrol,Manual,First,12.4 kmpl,1998 CC,132 bhp,Black/Silver,8.0,5.0,,12.36
Honda Amaze,Kochi,2016.0,46983.0,Diesel,Manual,First,25.8 kmpl,1498 CC,98.6 bhp,Others,5.0,4.0,,5.77
Renault Duster,Kolkata,2013.0,58000.0,Diesel,Manual,First,19.01 kmpl,1461 CC,108.45 bhp,Others,5.0,4.0,,4.99
Toyota Fortuner,Mumbai,2015.0,43690.0,Diesel,Automatic,First,12.55 kmpl,2982 CC,168.5 bhp,Black/Silver,7.0,5.0,,17.11
BMW X1,Mumbai,2012.0,65148.0,Diesel,Automatic,First,15.06 kmpl,1995 CC,177 bhp,White,5.0,4.0,,12.75
Mercedes-Benz New,Mumbai,2011.0,48000.0,Petrol,Automatic,Second,14.74 kmpl,1991 CC,184 bhp,White,5.0,4.0,,9.75
Honda City,Kolkata,2014.0,45000.0,Diesel,Manual,First,26.0 kmpl,1498 CC,98.6 bhp,Others,5.0,4.0,,4.75
Maruti Ciaz,Jaipur,2016.0,83000.0,Diesel,Manual,First,28.09 kmpl,1248 CC,88.5 bhp,White,5.0,4.0,,7.1
Honda Mobilio,Kochi,2018.0,35442.0,Petrol,Manual,First,17.3 kmpl,1497 CC,117.3 bhp,White,7.0,5.0,,7.32
Mini Cooper,Ahmedabad,2014.0,34000.0,Diesel,Automatic,First,20.7 kmpl,1496 CC,113.98 bhp,Others,5.0,4.0,42.12 Lakh,22.0
Honda City,Kochi,2015.0,42831.0,Diesel,Manual,First,26.0 kmpl,1498 CC,98.6 bhp,White,5.0,4.0,,7.11
Maruti Baleno,Kolkata,2016.0,29000.0,Diesel,Manual,First,27.39 kmpl,1248 CC,74 bhp,Black/Silver,5.0,4.0,,6.5
Audi A4,Bangalore,2015.0,58970.0,Diesel,Automatic,First,17.11 kmpl,1968 CC,174.33 bhp,Black/Silver,5.0,4.0,,23.75
Hyundai i10,Coimbatore,2013.0,36264.0,Petrol,Manual,First,20.36 kmpl,1197 CC,78.9 bhp,White,5.0,4.0,,4.32
Mahindra XUV500,Hyderabad,2015.0,113000.0,Diesel,Manual,First,15.1 kmpl,2179 CC,140 bhp,Black/Silver,7.0,5.0,,10.85
Hyundai Santa,Ahmedabad,2012.0,58200.0,Diesel,Manual,First,14.66 kmpl,2199 CC,194.3 bhp,Others,7.0,5.0,,7.5
Maruti Swift,Delhi,2015.0,60095.0,Diesel,Manual,First,25.2 kmpl,1248 CC,74 bhp,Others,5.0,4.0,,4.75
Honda City,Chennai,2008.0,114750.0,Petrol,Manual,Second,17.0 kmpl,1497 CC,118 bhp,White,5.0,4.0,,2.75
Ford Endeavour,Coimbatore,2017.0,54650.0,Diesel,Automatic,First,10.91 kmpl,3198 CC,197 bhp,White,7.0,5.0,,30.35
Hyundai i20,Kolkata,2013.0,60000.0,Diesel,Manual,First,21.9 kmpl,1396 CC,90 bhp,Black/Silver,5.0,4.0,,2.95
Maruti Ritz,Hyderabad,2013.0,85388.0,Diesel,Manual,First,21.1 kmpl,1248 CC,73.9 bhp,Black/Silver,5.0,4.0,,3.9
Honda Brio,Mumbai,2014.0,39000.0,Petrol,Automatic,Second,16.5 kmpl,1198 CC,86.8 bhp,Black/Silver,5.0,4.0,,3.49
Maruti Celerio,Chennai,2014.0,41123.0,Petrol,Manual,First,23.1 kmpl,998 CC,67.04 bhp,Others,5.0,4.0,,3.4
Skoda Superb,Coimbatore,2016.0,54253.0,Petrol,Automatic,First,14.67 kmpl,1798 CC,177.46 bhp,Others,5.0,4.0,30.19 Lakh,16.81
Honda Amaze,Ahmedabad,2014.0,61000.0,Diesel,Manual,First,25.8 kmpl,1498 CC,98.6 bhp,White,5.0,4.0,,4.35
Hyundai i20,Jaipur,2012.0,51000.0,Diesel,Manual,First,21.9 kmpl,1396 CC,90 bhp,Black/Silver,5.0,4.0,,3.9
Honda City,Jaipur,2014.0,74000.0,Diesel,Manual,Second,25.1 kmpl,1498 CC,98.6 bhp,White,5.0,4.0,,6.4
Hyundai Santro,Hyderabad,2007.0,71000.0,Petrol,Automatic,First,17.0 kmpl,1086 CC,null bhp,Black/Silver,5.0,4.0,,2.4
Maruti Wagon,Mumbai,2014.0,25422.0,Petrol,Manual,First,22.5 kmpl,998 CC,67.04 bhp,Others,5.0,4.0,5.04 Lakh,3.25
Hyundai i20,Kochi,2019.0,27339.0,Petrol,Manual,First,18.6 kmpl,1197 CC,81.83 bhp,Others,5.0,4.0,,6.27
Maruti Celerio,Ahmedabad,2015.0,42000.0,Diesel,Manual,First,27.62 kmpl,793 CC,47 bhp,White,5.0,4.0,,3.6
Maruti Alto,Chennai,2011.0,91211.0,Petrol,Manual,First,20.92 kmpl,998 CC,67.1 bhp,Others,5.0,4.0,,2.1
Volkswagen Vento,Kolkata,2010.0,33000.0,Petrol,Automatic,First,14.4 kmpl,1598 CC,,White,5.0,4.0,,2.85
BMW 5,Jaipur,2013.0,40714.0,Diesel,Automatic,Second,18.12 kmpl,1995 CC,190 bhp,Black/Silver,5.0,4.0,,24.75
Hyundai Santro,Hyderabad,2008.0,68282.0,Petrol,Manual,First,17.92 kmpl,1086 CC,62.1 bhp,Black/Silver,5.0,4.0,,2.25
Volkswagen Vento,,2014.0,,Petrol,Manual,Second,16.09 kmpl,1598 CC,103.5 bhp,White,5.0,4.0,12.33 Lakh,6.98
Maruti Baleno,Delhi,2017.0,10300.0,Petrol,Manual,First,21.4 kmpl,1197 CC,83.1 bhp,Black/Silver,5.0,4.0,,6.75
Ford Fiesta,Mumbai,2014.0,61000.0,Diesel,Manual,First,18.6 kmpl,1388 CC,67 bhp,Black/Silver,5.0,4.0,,2.98
Honda Amaze,Jaipur,2015.0,60207.0,Diesel,Manual,First,25.8 kmpl,1498 CC,98.6 bhp,Black/Silver,5.0,4.0,,5.5
Honda Amaze,Ahmedabad,2014.0,20000.0,Diesel,Manual,Second,25.8 kmpl,1498 CC,98.6 bhp,Others,5.0,4.0,,4.5
Honda City,Mumbai,2014.0,25000.0,Diesel,Manual,First,26.0 kmpl,1498 CC,98.6 bhp,Black/Silver,5.0,4.0,,6.15
Hyundai i10,Hyderabad,2013.0,59000.0,Petrol,Manual,First,20.36 kmpl,1197 CC,78.9 bhp,Others,5.0,4.0,,3.45
Chevrolet Sail,Kolkata,2014.0,37400.0,Petrol,Manual,First,18.2 kmpl,1199 CC,82.5 bhp,Others,5.0,4.0,,1.89
Honda City,Kochi,2014.0,56838.0,Petrol,Automatic,First,16.8 kmpl,1497 CC,118 bhp,Black/Silver,5.0,4.0,,5.15
Renault KWID,Mumbai,2017.0,24000.0,Petrol,Manual,First,25.17 kmpl,799 CC,53.3 bhp,White,5.0,4.0,,3.5
Mercedes-Benz B,Bangalore,2014.0,36000.0,Diesel,Automatic,First,15.0 kmpl,2147 CC,107.3 bhp,Others,5.0,4.0,,16.25
Hyundai EON,Hyderabad,2012.0,75000.0,LPG,,First,21.1 km/kg,814 CC,55.2 bhp,White,5.0,4.0,,2.35
Audi A4,Hyderabad,2014.0,60000.0,Diesel,Automatic,First,16.55 kmpl,1968 CC,147.51 bhp,Others,5.0,4.0,,24.0
Renault Duster,Bangalore,2014.0,73557.0,Diesel,Manual,First,19.6 kmpl,1461 CC,108.45 bhp,White,5.0,4.0,,7.75
Honda Brio,Kochi,2014.0,41460.0,Petrol,Manual,First,18.5 kmpl,1198 CC,86.8 bhp,White,5.0,4.0,6.63 Lakh,3.95
Honda City,Jaipur,2015.0,78233.0,Diesel,Manual,First,26.0 kmpl,1498 CC,98.6 bhp,Others,5.0,4.0,,6.6
Jaguar XF,Hyderabad,2012.0,35000.0,Diesel,Automatic,First,14.74 kmpl,2993 CC,270.9 bhp,Black/Silver,5.0,4.0,,29.0
BMW 3,Chennai,2011.0,89616.0,Diesel,Automatic,First,16.07 kmpl,1995 CC,181 bhp,White,5.0,4.0,,11.0
Volkswagen Polo,Coimbatore,2016.0,32125.0,Petrol,Manual,First,16.2 kmpl,1199 CC,74 bhp,White,5.0,4.0,,6.17
Maruti Swift,Hyderabad,2013.0,53996.0,Diesel,Manual,First,22.9 kmpl,1248 CC,74 bhp,Others,5.0,4.0,,5.45
Hyundai Verna,Mumbai,2014.0,11000.0,Petrol,Manual,First,17.01 kmpl,1591 CC,121.3 bhp,Others,5.0,4.0,,5.95
Hyundai i20,Ahmedabad,2013.0,40000.0,Petrol,Manual,First,17.0 kmpl,1197 CC,80 bhp,Others,5.0,4.0,,4.9
Tata Zest,Mumbai,2016.0,43706.0,Petrol,Manual,First,17.57 kmpl,1193 CC,88.7 bhp,White,5.0,4.0,7.63 Lakh,4.0
Mahindra XUV500,Kochi,2013.0,87736.0,Diesel,Manual,First,15.1 kmpl,2179 CC,140 bhp,Others,7.0,5.0,,7.02
Honda City,Chennai,2012.0,41000.0,Petrol,Manual,Second,16.8 kmpl,1497 CC,116.3 bhp,White,5.0,4.0,,4.5
Tata New,Delhi,2011.0,77000.0,Diesel,Manual,Second,11.57 kmpl,2179 CC,138.1 bhp,Black/Silver,7.0,5.0,,3.5
Nissan X-Trail,Pune,2011.0,98000.0,Diesel,Manual,First,14.42 kmpl,1995 CC,147.6 bhp,White,5.0,4.0,,8.0
Maruti Alto,Jaipur,2015.0,50000.0,Petrol,Manual,First,22.74 kmpl,796 CC,47.3 bhp,White,5.0,4.0,,2.75
Toyota Fortuner,Hyderabad,2012.0,152000.0,Diesel,Automatic,First,11.5 kmpl,2982 CC,169 bhp,Black/Silver,7.0,5.0,,16.5
Honda Jazz,Chennai,2016.0,23280.0,Petrol,Manual,First,18.7 kmpl,1199 CC,88.7 bhp,White,5.0,4.0,,6.5
Mahindra XUV500,Coimbatore,2018.0,82739.0,Diesel,Automatic,First,16.0 kmpl,2179 CC,140 bhp,Others,7.0,5.0,,16.77
Honda Mobilio,Mumbai,2014.0,80000.0,Diesel,Manual,Second,24.2 kmpl,1498 CC,98.6 bhp,White,7.0,5.0,,4.85
Honda Jazz,Mumbai,2010.0,55000.0,Petrol,Manual,First,16.0 kmpl,1198 CC,90 bhp,White,5.0,4.0,,2.35
Mercedes-Benz M-Class,Kolkata,2015.0,58589.0,Diesel,Automatic,First,15.26 kmpl,2143 CC,203.2 bhp,White,5.0,4.0,,27.75
Maruti Alto,Coimbatore,2018.0,31919.0,Petrol,Automatic,First,24.07 kmpl,998 CC,67.1 bhp,Others,5.0,4.0,,4.56
Volkswagen Vento,Chennai,2012.0,90906.0,Diesel,Manual,First,20.54 kmpl,1598 CC,103.6 bhp,White,5.0,4.0,,4.25
Maruti Baleno,Pune,2006.0,155000.0,Petrol,Manual,Third,15.4 kmpl,1590 CC,94 bhp,Black/Silver,5.0,4.0,,0.85
Chevrolet Spark,Kolkata,2007.0,42100.0,Petrol,Manual,First,18.0 kmpl,995 CC,62 bhp,Others,5.0,4.0,,0.99
Mercedes-Benz New,Chennai,2011.0,60000.0,Petrol,Automatic,First,11.74 kmpl,1796 CC,186 bhp,White,5.0,4.0,,16.0
Hyundai i20,Bangalore,2009.0,64000.0,Petrol,Manual,Second,17.0 kmpl,1197 CC,80 bhp,Others,5.0,4.0,,4.1
Mercedes-Benz E-Class,Pune,2001.0,121000.0,Diesel,Manual,First,15.0 kmpl,2148 CC,null bhp,White,5.0,4.0,,5.0
Maruti Ertiga,Kochi,2017.0,43775.0,Diesel,Manual,First,20.77 kmpl,1248 CC,88.76 bhp,White,7.0,5.0,,8.27
Mahindra Xylo,Ahmedabad,2010.0,91596.0,Diesel,Manual,First,14.95 kmpl,2489 CC,93.7 bhp,Others,7.0,5.0,,1.85
Toyota Innova,Hyderabad,2012.0,210000.0,Diesel,Manual,First,12.99 kmpl,2494 CC,100 bhp,Black/Silver,7.0,4.0,,9.0
Mitsubishi Pajero,Delhi,2014.0,110000.0,Diesel,Manual,First,13.5 kmpl,2477 CC,175.56 bhp,Others,7.0,5.0,32.01 Lakh,15.0
Hyundai i20,Hyderabad,2012.0,58000.0,Petrol,Manual,First,17.0 kmpl,1197 CC,80 bhp,Others,5.0,4.0,,4.0
Honda CR-V,Mumbai,2014.0,56100.0,Petrol,Manual,First,13.7 kmpl,1997 CC,153.86 bhp,Black/Silver,5.0,4.0,,9.75
Maruti Ertiga,Mumbai,2013.0,75000.0,Diesel,Manual,First,20.77 kmpl,1248 CC,88.8 bhp,Others,7.0,5.0,,6.55
Ford Figo,Mumbai,2017.0,16000.0,Petrol,Automatic,First,17.01 kmpl,1499 CC,110.4 bhp,Black/Silver,5.0,4.0,,5.95
Maruti SX4,Kochi,2015.0,61000.0,CNG,Manual,First,22.1 km/kg,1586 CC,85.7 bhp,Black/Silver,5.0,4.0,,3.89
Mahindra Scorpio,Coimbatore,2012.0,62729.0,Diesel,Manual,First,12.05 kmpl,2179 CC,120 bhp,Black/Silver,8.0,5.0,,6.32
Volkswagen Polo,Mumbai,2014.0,20364.0,Petrol,Automatic,Second,17.21 kmpl,1197 CC,103.6 bhp,White,5.0,4.0,,5.2
Hyundai i20,Hyderabad,2017.0,14061.0,Diesel,Manual,First,21.9 kmpl,1396 CC,88.76 bhp,Black/Silver,5.0,4.0,,7.4
Hyundai Verna,Bangalore,2016.0,36000.0,Petrol,Manual,First,17.43 kmpl,1396 CC,105.5 bhp,White,5.0,4.0,,8.0
Hyundai Verna,Delhi,2013.0,66000.0,Diesel,Automatic,First,22.32 kmpl,1582 CC,126.3 bhp,Black/Silver,5.0,4.0,,5.7
Hyundai Grand,Jaipur,2014.0,64000.0,Diesel,Manual,First,24.0 kmpl,1120 CC,70 bhp,Black/Silver,5.0,4.0,,4.15
Honda City,Delhi,2010.0,62000.0,Petrol,Automatic,First,16.8 kmpl,1497 CC,118 bhp,White,5.0,4.0,,3.55
Nissan Sunny,Chennai,2014.0,79200.0,Diesel,Manual,First,22.71 kmpl,1461 CC,84.8 bhp,Black/Silver,5.0,4.0,,5.5
Toyota Innova,Hyderabad,2013.0,92000.0,Diesel,Manual,First,12.99 kmpl,2494 CC,100 bhp,White,8.0,5.0,,12.5
Mahindra KUV,Mumbai,2016.0,34079.0,Diesel,Manual,First,25.32 kmpl,1198 CC,77 bhp,White,6.0,4.0,,3.7
BMW X1,Pune,2012.0,80000.0,Petrol,Automatic,First,11.25 kmpl,1995 CC,150 bhp,Others,5.0,4.0,,9.5
Hyundai Verna,Jaipur,2012.0,117837.0,Diesel,Manual,Second,22.32 kmpl,1582 CC,126.32 bhp,White,5.0,4.0,,4.75
BMW X1,Pune,2012.0,66000.0,Diesel,Automatic,Second,17.05 kmpl,1995 CC,184 bhp,Black/Silver,5.0,4.0,,11.5
Toyota Innova,Coimbatore,2017.0,72717.0,Diesel,Manual,First,12.99 kmpl,2494 CC,100.6 bhp,White,7.0,4.0,,14.52
Volvo S80,Chennai,2010.0,92098.0,Diesel,Automatic,Second,16.0 kmpl,2400 CC,215 bhp,Others,5.0,4.0,,7.25
Tata Manza,Jaipur,2011.0,86500.0,Diesel,Manual,Second,21.12 kmpl,1248 CC,88.8 bhp,White,5.0,4.0,,1.8
Ford Endeavour,Jaipur,2011.0,119000.0,Diesel,Manual,Third,13.1 kmpl,2499 CC,141 bhp,Black/Silver,7.0,5.0,,6.5
Honda City,Pune,2009.0,138000.0,Petrol,Manual,Second,17.0 kmpl,1497 CC,118 bhp,White,5.0,4.0,,3.5
Mercedes-Benz M-Class,Hyderabad,2014.0,50000.0,Diesel,Automatic,First,15.26 kmpl,2143 CC,203.2 bhp,Black/Silver,5.0,4.0,,45.0
Honda City,Jaipur,2015.0,24398.0,Petrol,Manual,First,17.8 kmpl,1497 CC,117.3 bhp,White,5.0,4.0,,7.9
Ford Figo,Coimbatore,2013.0,60328.0,Petrol,Manual,First,15.6 kmpl,1196 CC,70 bhp,White,5.0,4.0,,4.54
Maruti Wagon,Pune,2014.0,29202.0,CNG,Manual,First,33.54 km/kg,998 CC,67.04 bhp,White,5.0,4.0,5.54 Lakh,3.9
Maruti Ciaz,Hyderabad,2016.0,46000.0,Diesel,Manual,First,28.09 kmpl,1248 CC,88.5 bhp,Others,5.0,4.0,,8.45
Audi A4,Hyderabad,2012.0,80000.0,Petrol,Automatic,First,15.64 kmpl,1798 CC,167.62 bhp,Others,5.0,4.0,,17.5
Hyundai Santro,Coimbatore,2012.0,50243.0,Petrol,Manual,First,0.0 kmpl,1086 CC,null bhp,Others,5.0,4.0,,3.35
Volkswagen Polo,Kolkata,2011.0,55001.0,Petrol,Manual,First,16.47 kmpl,1198 CC,73.9 bhp,Black/Silver,5.0,4.0,,2.2
BMW 3,Bangalore,2010.0,58000.0,Diesel,Automatic,First,22.69 kmpl,1995 CC,190 bhp,White,5.0,4.0,48.79 Lakh,11.5
Maruti Celerio,Pune,2017.0,7500.0,Petrol,Automatic,First,23.1 kmpl,998 CC,67.04 bhp,White,5.0,4.0,6.14 Lakh,5.0
Ford Ecosport,Kochi,2015.0,80064.0,Diesel,Manual,First,22.7 kmpl,1498 CC,89.84 bhp,White,5.0,4.0,,7.33
Honda Amaze,Kolkata,,45000.0,Diesel,Manual,First,27.4 kmpl,1498 CC,,Others,5.0,4.0,8.54 Lakh,3.25
Honda Accord,Kochi,2011.0,54316.0,Petrol,Manual,Second,12.8 kmpl,2354 CC,177.6 bhp,Others,5.0,4.0,,4.29
Skoda Superb,Pune,2012.0,282000.0,Petrol,Manual,First,13.14 kmpl,1798 CC,160 bhp,Others,5.0,4.0,,3.3
Volkswagen Polo,Kochi,2016.0,46399.0,Petrol,Manual,First,16.47 kmpl,1198 CC,74 bhp,White,5.0,4.0,,4.63
Maruti Swift,Delhi,2014.0,62000.0,Diesel,Manual,First,17.8 kmpl,1248 CC,75 bhp,White,5.0,4.0,,3.75
Maruti Swift,Kolkata,2012.0,52241.0,Diesel,Manual,First,25.2 kmpl,1248 CC,74 bhp,Others,5.0,4.0,,2.9
Audi Q5,Bangalore,2015.0,63000.0,Diesel,Automatic,First,13.22 kmpl,2967 CC,241.4 bhp,Black/Silver,5.0,4.0,,34.5
Mercedes-Benz E-Class,Coimbatore,2017.0,43477.0,Diesel,Automatic,First,15.0 kmpl,2143 CC,204 bhp,Black/Silver,5.0,4.0,,38.15
Hyundai i10,Ahmedabad,2011.0,86000.0,Petrol,Manual,First,20.36 kmpl,1197 CC,78.9 bhp,Black/Silver,5.0,4.0,,3.75
Hyundai Santro,Hyderabad,2007.0,57309.0,Petrol,Manual,First,17.0 kmpl,1086 CC,null bhp,Black/Silver,5.0,4.0,,2.1
Hyundai Verna,Bangalore,2010.0,72010.0,Diesel,Manual,First,16.8 kmpl,1493 CC,110 bhp,Black/Silver,5.0,4.0,,4.45
Tata Tiago,Pune,2018.0,2000.0,Petrol,Automatic,First,23.84 kmpl,1199 CC,83.83 bhp,Others,5.0,4.0,6.94 Lakh,5.0
Skoda Yeti,Chennai,2011.0,79000.0,Diesel,Manual,First,17.67 kmpl,1968 CC,138.08 bhp,Others,5.0,4.0,,7.5
Hyundai Creta,Coimbatore,2018.0,32807.0,Petrol,Automatic,First,13.0 kmpl,1591 CC,121.3 bhp,White,5.0,4.0,,14.76
Mercedes-Benz GLA,Mumbai,2018.0,10000.0,Diesel,Automatic,First,17.9 kmpl,2143 CC,136 bhp,Others,5.0,4.0,41.94 Lakh,28.9
Hyundai Grand,Ahmedabad,2016.0,30000.0,Diesel,Manual,First,24.0 kmpl,1120 CC,70 bhp,Others,5.0,4.0,,5.5
Maruti Alto,Pune,2015.0,18000.0,CNG,Manual,First,33.44 km/kg,796 CC,40.3 bhp,White,4.0,4.0,,3.0
Audi A4,Kochi,2017.0,61221.0,Petrol,Automatic,First,17.84 kmpl,1395 CC,147.51 bhp,White,5.0,4.0,47.16 Lakh,21.73
Mahindra Scorpio,Mumbai,2006.0,89869.0,Diesel,Manual,First,12.7 kmpl,2609 CC,116.6 bhp,Black/Silver,8.0,5.0,,3.25
Ford EcoSport,Coimbatore,2018.0,32189.0,Diesel,Manual,First,23.0 kmpl,1498 CC,98.96 bhp,Black/Silver,5.0,4.0,11.2 Lakh,9.25
Volkswagen Ameo,Ahmedabad,2017.0,55000.0,Petrol,Manual,First,17.0 kmpl,1198 CC,73.75 bhp,Black/Silver,5.0,4.0,,4.7
BMW 6,Mumbai,2011.0,5900.0,Petrol,Automatic,First,7.94 kmpl,4395 CC,450 bhp,Others,4.0,4.0,,47.5
Audi A8,Delhi,2012.0,56000.0,Diesel,Automatic,First,11.8 kmpl,2967 CC,246.7 bhp,Others,5.0,4.0,,45.0
Hyundai Creta,Chennai,2016.0,69434.0,Petrol,Manual,First,15.8 kmpl,1591 CC,121.3 bhp,Black/Silver,5.0,4.0,14.84 Lakh,8.0
Volkswagen Polo,Delhi,2010.0,65000.0,Petrol,Manual,First,16.47 kmpl,1198 CC,73.9 bhp,Black/Silver,5.0,4.0,,2.4
Mini Clubman,Pune,2017.0,8350.0,Petrol,Manual,First,13.8 kmpl,1998 CC,192 bhp,White,5.0,4.0,44.59 Lakh,35.0
Fiat Linea,Jaipur,2009.0,80000.0,Diesel,Manual,Second,20.4 kmpl,1248 CC,91.2 bhp,Black/Silver,5.0,4.0,,1.75
Mercedes-Benz E-Class,Jaipur,2014.0,59364.0,Diesel,Automatic,First,14.21 kmpl,2143 CC,203 bhp,White,5.0,4.0,,26.5
Maruti Swift,Delhi,2015.0,62088.0,Petrol,Manual,First,18.6 kmpl,1197 CC,85.8 bhp,White,5.0,4.0,,4.15
Honda City,Delhi,2015.0,65000.0,Diesel,Manual,First,26.0 kmpl,1498 CC,98.6 bhp,Black/Silver,5.0,4.0,,5.95
Volkswagen Polo,Kolkata,2013.0,45000.0,Diesel,Manual,First,22.07 kmpl,1199 CC,73.9 bhp,Black/Silver,5.0,4.0,,3.25
Hyundai i20,Hyderabad,2014.0,70089.0,Petrol,Manual,First,18.6 kmpl,1197 CC,81.83 bhp,White,5.0,4.0,,5.35
Hyundai Xcent,Jaipur,2014.0,75000.0,Diesel,Manual,First,24.4 kmpl,1120 CC,71 bhp,Others,5.0,4.0,,3.85
Ford Aspire,Coimbatore,2017.0,30279.0,Diesel,Manual,First,26.1 kmpl,1498 CC,99 bhp,Black/Silver,5.0,4.0,9.79 Lakh,7.29
Volkswagen Polo,Mumbai,2014.0,15000.0,Petrol,Manual,First,16.47 kmpl,1198 CC,74 bhp,Others,5.0,4.0,,3.9
Hyundai i20,Kolkata,2015.0,27000.0,Diesel,Manual,First,21.19 kmpl,1396 CC,88.73 bhp,White,5.0,4.0,,5.99
Skoda Fabia,Kolkata,2012.0,98000.0,Diesel,Manual,First,20.86 kmpl,1199 CC,73.9 bhp,White,5.0,4.0,,2.51
Hyundai i20,Kolkata,2010.0,45807.0,Petrol,Manual,First,18.5 kmpl,1197 CC,,White,5.0,4.0,,1.87
Renault Duster,Pune,2014.0,90000.0,Diesel,Manual,First,19.01 kmpl,1461 CC,108.45 bhp,Black/Silver,5.0,4.0,,7.25
Maruti Ertiga,Mumbai,2018.0,14000.0,Diesel,Manual,First,25.47 kmpl,1248 CC,88.50 bhp,White,7.0,5.0,11.66 Lakh,9.25
Tata Indica,Kolkata,2012.0,80000.0,Diesel,Manual,Second,22.3 kmpl,1248 CC,74 bhp,White,5.0,4.0,,1.2
Hyundai i20,Mumbai,2014.0,30180.0,Petrol,Manual,First,18.5 kmpl,1197 CC,82.85 bhp,Others,5.0,4.0,,4.65
Audi Q7,Coimbatore,2016.0,45180.0,Diesel,Automatic,First,12.07 kmpl,2967 CC,241.4 bhp,White,7.0,5.0,,50.22
Mercedes-Benz R-Class,Kochi,2014.0,45710.0,Petrol,Automatic,First,11.8 kmpl,3498 CC,272 bhp,Others,7.0,5.0,,23.68
Hyundai i10,Bangalore,2009.0,60000.0,Petrol,Automatic,First,19.2 kmpl,1197 CC,80 bhp,Others,5.0,4.0,,2.99
Volvo V40,Bangalore,2014.0,32700.0,Diesel,Automatic,First,23.3 kmpl,1984 CC,150 bhp,White,5.0,4.0,,20.0
Honda Jazz,Coimbatore,2017.0,66507.0,Petrol,Automatic,Second,19.0 kmpl,1199 CC,88.7 bhp,White,5.0,4.0,,5.43
Maruti Wagon,Delhi,2006.0,86000.0,Petrol,Manual,Second,18.9 kmpl,998 CC,67.1 bhp,Black/Silver,5.0,4.0,,1.0
Maruti Swift,Delhi,2012.0,71082.0,Diesel,Manual,First,19.3 kmpl,1248 CC,73.9 bhp,Black/Silver,5.0,4.0,,3.95
BMW 7,Coimbatore,2013.0,73525.0,Diesel,Automatic,First,16.46 kmpl,2993 CC,258 bhp,Others,5.0,4.0,,34.54
Maruti Swift,Ahmedabad,2017.0,49224.0,Diesel,Manual,First,25.2 kmpl,1248 CC,74 bhp,Black/Silver,5.0,4.0,,6.0
Mahindra Scorpio,Delhi,2011.0,65000.0,Diesel,Manual,Second,12.05 kmpl,2179 CC,120 bhp,Black/Silver,8.0,5.0,,4.0
Mahindra XUV500,Delhi,2015.0,62000.0,Diesel,Manual,First,16.0 kmpl,2179 CC,140 bhp,Black/Silver,7.0,5.0,,10.25
Hyundai Verna,Mumbai,2014.0,11000.0,Petrol,Manual,First,17.01 kmpl,1591 CC,121.3 bhp,Others,5.0,4.0,,6.1
Hyundai i20,Kochi,2016.0,42362.0,Petrol,Manual,First,18.6 kmpl,1197 CC,81.83 bhp,White,5.0,4.0,,6.15
Tata Nano,Bangalore,2014.0,25500.0,Petrol,Manual,First,25.4 kmpl,624 CC,37.5 bhp,White,4.0,4.0,,2.15
Maruti SX4,Coimbatore,2016.0,61717.0,Diesel,Manual,First,22.7 kmpl,1598 CC,118 bhp,Black/Silver,5.0,4.0,,8.94
Hyundai Creta,Coimbatore,2017.0,19623.0,Petrol,Manual,First,15.29 kmpl,1591 CC,121.3 bhp,Others,5.0,4.0,,13.12
Honda City,Chennai,2015.0,23000.0,Petrol,Manual,First,17.4 kmpl,1497 CC,117.3 bhp,Black/Silver,5.0,4.0,,7.0
Audi A6,Pune,2013.0,85000.0,Diesel,Automatic,First,17.68 kmpl,1968 CC,174.33 bhp,Black/Silver,5.0,4.0,,21.0
Mercedes-Benz New,Bangalore,2017.0,20149.0,Diesel,Automatic,First,19.27 kmpl,2143 CC,167.62 bhp,White,5.0,4.0,,38.5
Renault KWID,Mumbai,2016.0,24000.0,Petrol,Manual,First,25.17 kmpl,799 CC,53.3 bhp,Others,5.0,4.0,,3.1
Maruti S,Pune,2017.0,32000.0,Diesel,Manual,First,15.0 kmpl,1248 CC,88.5 bhp,White,5.0,4.0,,8.5
Hyundai i10,Kolkata,2010.0,32000.0,Petrol,Manual,First,20.36 kmpl,1197 CC,78.9 bhp,Others,5.0,4.0,,2.07
Toyota Innova,Delhi,2013.0,91200.0,Diesel,Manual,First,12.99 kmpl,2494 CC,100 bhp,Black/Silver,8.0,5.0,,8.25
Honda City,Mumbai,2013.0,52576.0,Petrol,Manual,First,13.0 kmpl,1493 CC,100 bhp,Others,5.0,4.0,,4.35
Volkswagen Polo,Coimbatore,2015.0,29651.0,Petrol,Manual,First,16.47 kmpl,1198 CC,74 bhp,Black/Silver,5.0,4.0,,6.43
Tata Nano,Coimbatore,2013.0,37287.0,Petrol,Manual,First,26.0 kmpl,624 CC,35 bhp,White,4.0,4.0,,1.74
Volkswagen Vento,Chennai,2014.0,28000.0,Petrol,Automatic,First,16.93 kmpl,1197 CC,103.6 bhp,Black/Silver,5.0,4.0,,7.75
Hyundai i20,Jaipur,2015.0,55697.0,Diesel,Manual,First,22.54 kmpl,1396 CC,88.73 bhp,Others,5.0,4.0,,5.5
Maruti Wagon,Jaipur,2005.0,115000.0,Petrol,Manual,Second,17.3 kmpl,1061 CC,64 bhp,Black/Silver,5.0,4.0,,0.99
Maruti Swift,Delhi,2016.0,42000.0,Petrol,Manual,First,16.1 kmpl,1197 CC,85 bhp,White,5.0,4.0,,4.75
Fiat Linea,Coimbatore,2016.0,39228.0,Petrol,Manual,First,15.7 kmpl,1368 CC,112.4 bhp,Black/Silver,5.0,4.0,,6.58
Hyundai i20,Kochi,2014.0,53340.0,Diesel,Manual,First,21.9 kmpl,1396 CC,88.76 bhp,Others,5.0,4.0,,4.35
Volkswagen Polo,Mumbai,2016.0,28000.0,Petrol,Automatic,First,17.21 kmpl,1197 CC,103.5 bhp,Black/Silver,5.0,4.0,11.26 Lakh,7.25
Mercedes-Benz E-Class,Chennai,2011.0,43800.0,Diesel,Automatic,Second,14.21 kmpl,2143 CC,203 bhp,White,5.0,4.0,,16.75
Toyota Innova,Chennai,2015.0,100000.0,Diesel,Manual,First,12.8 kmpl,2494 CC,102 bhp,White,8.0,5.0,,13.5
Hyundai Creta,Ahmedabad,2016.0,21000.0,Petrol,Manual,First,15.8 kmpl,1591 CC,121.3 bhp,White,5.0,4.0,13.74 Lakh,10.9
Honda City,Kolkata,2010.0,45008.0,Petrol,Manual,First,17.0 kmpl,1497 CC,118 bhp,Others,5.0,4.0,,3.0
Hyundai Verna,Coimbatore,2015.0,72996.0,Diesel,Manual,First,22.32 kmpl,1582 CC,126.32 bhp,Others,5.0,4.0,,7.11
Nissan Terrano,Kochi,2014.0,103788.0,Diesel,Manual,First,19.01 kmpl,1461 CC,108.5 bhp,Black/Silver,5.0,4.0,,5.67
Honda Civic,Mumbai,2012.0,47000.0,Petrol,Manual,First,14.8 kmpl,1799 CC,130.2 bhp,White,5.0,4.0,,3.95
Volkswagen Polo,Coimbatore,2016.0,28851.0,Petrol,Manual,First,16.47 kmpl,1198 CC,73.9 bhp,White,5.0,4.0,,6.18
Porsche Panamera,Bangalore,2013.0,19828.0,Diesel,Automatic,Second,17.85 kmpl,2967 CC,300 bhp,Black/Silver,4.0,4.0,,75.0
BMW 5,Hyderabad,2008.0,61000.0,Petrol,Automatic,Second,10.8 kmpl,2497 CC,215 bhp,Others,5.0,4.0,,11.0
BMW 3,Hyderabad,2012.0,69000.0,Diesel,Automatic,First,18.88 kmpl,1995 CC,184 bhp,Others,5.0,4.0,,18.5
Hyundai Xcent,Bangalore,2014.0,54000.0,Petrol,Manual,First,20.14 kmpl,1197 CC,81.86 bhp,Black/Silver,5.0,4.0,7.85 Lakh,5.5
Mercedes-Benz New,Bangalore,2014.0,78500.0,Diesel,Automatic,First,14.84 kmpl,2143 CC,,Others,5.0,4.0,,28.0
Maruti Ritz,Jaipur,2013.0,99638.0,Diesel,Manual,First,23.2 kmpl,1248 CC,73.94 bhp,Others,5.0,4.0,,3.11
Ford Ikon,Hyderabad,2006.0,27076.0,Petrol,Manual,First,13.8 kmpl,1299 CC,70 bhp,Others,5.0,4.0,,1.6
Volkswagen Vento,Chennai,2011.0,97320.0,Petrol,Automatic,First,14.4 kmpl,1598 CC,103.6 bhp,White,5.0,4.0,,3.75
Toyota Etios,Kochi,2012.0,44223.0,Petrol,Manual,First,17.6 kmpl,1496 CC,88.7 bhp,Others,5.0,4.0,,3.99
Hyundai Sonata,Chennai,2003.0,44200.0,Petrol,Manual,Second,11.7 kmpl,1997 CC,134 bhp,White,5.0,4.0,,1.5
Ford EcoSport,Mumbai,2016.0,7000.0,Petrol,Manual,First,18.88 kmpl,1499 CC,110.4 bhp,Black/Silver,5.0,4.0,,6.9
Toyota Etios,Delhi,2012.0,60000.0,Petrol,Manual,First,17.6 kmpl,1496 CC,88.73 bhp,Others,5.0,4.0,,3.1
Mercedes-Benz New,Mumbai,2011.0,50000.0,Petrol,Automatic,Second,11.74 kmpl,1796 CC,186 bhp,Others,5.0,4.0,,8.5
Ford EcoSport,Pune,2018.0,17000.0,Petrol,Manual,First,17.0 kmpl,1497 CC,121.36 bhp,Black/Silver,5.0,4.0,11.06 Lakh,9.2
Honda City,Kolkata,2014.0,48104.0,Petrol,Manual,First,17.4 kmpl,1497 CC,117.3 bhp,White,5.0,4.0,,5.49
Audi Q3,Mumbai,2015.0,48000.0,Diesel,Automatic,First,15.73 kmpl,1968 CC,174.33 bhp,Black/Silver,5.0,4.0,,18.25
Hyundai Santa,Chennai,2014.0,110000.0,Diesel,Automatic,First,13.01 kmpl,2199 CC,194.3 bhp,Black/Silver,7.0,5.0,,14.4
Honda City,Mumbai,2017.0,7500.0,Petrol,Manual,First,17.4 kmpl,1497 CC,117.3 bhp,Others,5.0,4.0,13.76 Lakh,11.15
Honda City,Kolkata,2014.0,49000.0,Petrol,Manual,First,17.4 kmpl,1497 CC,117.3 bhp,Others,5.0,4.0,,4.75
Honda Civic,Chennai,2006.0,110000.0,Petrol,Manual,First,13.5 kmpl,1799 CC,130 bhp,Black/Silver,5.0,4.0,,2.65
Mercedes-Benz New,Coimbatore,2017.0,32642.0,Diesel,Automatic,First,14.84 kmpl,2143 CC,170 bhp,White,5.0,4.0,,34.78
Mahindra XUV500,Jaipur,2017.0,40000.0,Diesel,Manual,First,16.0 kmpl,2179 CC,140 bhp,White,7.0,5.0,,15.9
Hyundai Grand,Coimbatore,2015.0,33931.0,Petrol,Automatic,Second,18.9 kmpl,1197 CC,82 bhp,White,5.0,4.0,,5.91
Maruti Swift,Pune,2010.0,75000.0,Petrol,Manual,First,16.1 kmpl,1298 CC,88.2 bhp,Black/Silver,5.0,4.0,,2.85
Hyundai Grand,Delhi,2017.0,12248.0,Petrol,Manual,First,18.9 kmpl,1197 CC,81.86 bhp,Others,5.0,4.0,6.54 Lakh,4.9
Hyundai Grand,Kolkata,2015.0,15305.0,Petrol,Manual,First,18.9 kmpl,1197 CC,82 bhp,Black/Silver,5.0,4.0,,3.75
Maruti Celerio,Hyderabad,2017.0,17000.0,Petrol,Manual,First,23.1 kmpl,998 CC,67.04 bhp,White,5.0,4.0,,4.9
Hyundai i10,Mumbai,2012.0,51000.0,Petrol,Manual,First,20.36 kmpl,1197 CC,78.9 bhp,Black/Silver,5.0,4.0,,2.85
Honda Amaze,Coimbatore,2014.0,28246.0,Petrol,Manual,Second,17.8 kmpl,1198 CC,86.7 bhp,White,5.0,4.0,,4.94
Toyota Etios,Delhi,2014.0,70000.0,Petrol,Manual,First,16.78 kmpl,1496 CC,88.73 bhp,Black/Silver,5.0,4.0,,3.25
Hyundai Grand,Kochi,2016.0,28147.0,Petrol,Manual,First,18.9 kmpl,1197 CC,81.86 bhp,White,5.0,4.0,6.62 Lakh,5.07
Tata Tiago,Coimbatore,2019.0,15379.0,Petrol,Automatic,First,23.84 kmpl,1199 CC,83.83 bhp,Black/Silver,5.0,4.0,7.17 Lakh,6.97
Hyundai Creta,Bangalore,2016.0,28000.0,Diesel,Manual,First,19.67 kmpl,1582 CC,126.2 bhp,White,5.0,4.0,,13.75
Audi Q5,Bangalore,2014.0,53900.0,Diesel,Automatic,First,14.16 kmpl,1968 CC,174.3 bhp,Black/Silver,5.0,4.0,,29.0
Skoda Laura,Coimbatore,2013.0,72202.0,Diesel,Automatic,First,20.0 kmpl,1968 CC,138.1 bhp,Black/Silver,5.0,4.0,,9.06
Maruti Swift,Hyderabad,2013.0,84175.0,Diesel,Manual,First,23.4 kmpl,1248 CC,74 bhp,Black/Silver,5.0,4.0,,6.95
Volkswagen Polo,Delhi,2010.0,62001.0,Petrol,Manual,First,15.26 kmpl,1598 CC,103.5 bhp,White,5.0,4.0,,2.65
Maruti Zen,Jaipur,2000.0,90000.0,Petrol,Manual,Second,17.3 kmpl,993 CC,60 bhp,Others,5.0,4.0,,0.7
Honda Brio,Mumbai,2014.0,35000.0,Petrol,Automatic,First,16.5 kmpl,1198 CC,86.8 bhp,Others,5.0,4.0,,4.25
Renault Duster,Kochi,2016.0,57390.0,Diesel,Manual,First,19.01 kmpl,1461 CC,108.45 bhp,Others,5.0,4.0,,6.73
Skoda Octavia,Hyderabad,2003.0,132000.0,Diesel,Manual,First,18.7 kmpl,1896 CC,66 bhp,Black/Silver,5.0,4.0,,2.25
Mercedes-Benz New,Bangalore,2007.0,39037.0,Diesel,Automatic,First,14.84 kmpl,2143 CC,170 bhp,White,5.0,4.0,,9.25
Ford EcoSport,Hyderabad,2017.0,21800.0,Petrol,Manual,First,17.0 kmpl,1497 CC,121.36 bhp,Black/Silver,5.0,4.0,11.27 Lakh,8.75
Honda Brio,Hyderabad,2014.0,28000.0,Petrol,Automatic,First,16.5 kmpl,1198 CC,86.8 bhp,Black/Silver,5.0,4.0,,4.95
Volkswagen Vento,Hyderabad,2017.0,28000.0,Diesel,Manual,First,20.64 kmpl,1498 CC,108.5 bhp,Black/Silver,5.0,4.0,14.2 Lakh,10.0
Honda Accord,Jaipur,2009.0,88000.0,Petrol,Automatic,First,11.1 kmpl,2354 CC,142 bhp,White,5.0,4.0,,5.25
Maruti Celerio,Delhi,2014.0,35214.0,Petrol,Automatic,Second,23.1 kmpl,998 CC,67.04 bhp,Others,5.0,4.0,5.57 Lakh,3.2
Toyota Fortuner,Bangalore,2014.0,72000.0,Diesel,Manual,Second,11.5 kmpl,2982 CC,171 bhp,White,7.0,5.0,,18.5
Nissan Micra,Ahmedabad,2016.0,41000.0,Petrol,Manual,First,19.69 kmpl,1198 CC,67.04 bhp,Black/Silver,5.0,4.0,6.78 Lakh,4.25
Mahindra Ssangyong,Delhi,2014.0,65000.0,Diesel,Automatic,First,11.18 kmpl,2696 CC,184 bhp,Black/Silver,7.0,5.0,,10.5
Maruti Eeco,Kochi,2017.0,31841.0,CNG,Manual,First,15.1 km/kg,1196 CC,73 bhp,White,5.0,4.0,,4.7
Maruti Wagon,Pune,2012.0,90400.0,CNG,Manual,First,26.2 km/kg,998 CC,58.2 bhp,Black/Silver,5.0,4.0,,2.9
Audi Q5,Coimbatore,2016.0,47293.0,Diesel,Automatic,First,14.16 kmpl,1968 CC,174.3 bhp,Others,5.0,4.0,,38.72
Hyundai i10,Kochi,2014.0,61517.0,Petrol,Automatic,First,16.95 kmpl,1197 CC,78.9 bhp,White,5.0,4.0,,4.39
Hyundai Santro,Coimbatore,2012.0,51019.0,Petrol,Manual,First,0.0 kmpl,999 CC,null bhp,White,5.0,4.0,,3.48
Honda Amaze,Mumbai,2016.0,17362.0,Petrol,Manual,First,18.0 kmpl,1198 CC,86.7 bhp,White,5.0,4.0,,5.65
Nissan Sunny,Delhi,2012.0,70000.0,Diesel,Manual,First,21.64 kmpl,1461 CC,84.8 bhp,White,5.0,4.0,,2.59
Mercedes-Benz GLE,Coimbatore,2018.0,30706.0,Diesel,Automatic,First,11.57 kmpl,2987 CC,254.79 bhp,Black/Silver,5.0,4.0,95.13 Lakh,59.29
Maruti Esteem,Jaipur,2003.0,55000.0,Petrol,Manual,Third,15.9 kmpl,1298 CC,null bhp,Black/Silver,5.0,4.0,,0.7
Toyota Etios,Ahmedabad,2017.0,42000.0,Diesel,Manual,First,23.59 kmpl,1364 CC,67.04 bhp,Black/Silver,5.0,4.0,,6.25
Toyota Etios,Kochi,2016.0,36681.0,Diesel,Manual,First,23.59 kmpl,1364 CC,67.06 bhp,Black/Silver,5.0,4.0,8.82 Lakh,6.71
Jeep Compass,Hyderabad,2017.0,37000.0,Diesel,Manual,First,17.1 kmpl,1956 CC,170 bhp,Others,5.0,4.0,19.91 Lakh,16.9
Hyundai Creta,Bangalore,2016.0,32000.0,Diesel,Automatic,First,17.01 kmpl,1582 CC,126.2 bhp,Others,5.0,4.0,,15.5
BMW 5,Coimbatore,2017.0,27313.0,Diesel,Automatic,First,14.69 kmpl,2993 CC,258 bhp,Others,5.0,4.0,,48.63
Mitsubishi Pajero,Kochi,2013.0,48272.0,Diesel,Manual,First,10.5 kmpl,2835 CC,116.9 bhp,Others,6.0,5.0,,11.82
Skoda Rapid,Chennai,2012.0,55000.0,Diesel,Manual,First,20.5 kmpl,1598 CC,103.5 bhp,White,5.0,4.0,,5.9
Maruti Ciaz,Pune,2016.0,50000.0,Diesel,Manual,First,28.09 kmpl,1248 CC,88.5 bhp,Others,5.0,4.0,,8.5
Mahindra TUV,Coimbatore,2017.0,22251.0,Diesel,Manual,First,18.49 kmpl,1493 CC,100 bhp,White,7.0,5.0,,8.75
Honda City,Delhi,2011.0,78256.0,Petrol,Automatic,First,16.8 kmpl,1497 CC,118 bhp,Black/Silver,5.0,4.0,,4.15
Ford Ecosport,Hyderabad,2014.0,55000.0,Diesel,Manual,First,22.7 kmpl,1498 CC,89.84 bhp,Others,5.0,4.0,,6.0
Skoda Octavia,Pune,2008.0,82000.0,Diesel,Manual,Second,18.7 kmpl,1896 CC,66 bhp,Black/Silver,5.0,4.0,,2.35
Mercedes-Benz New,Jaipur,2014.0,41000.0,Diesel,Automatic,First,14.84 kmpl,2143 CC,170 bhp,Others,5.0,4.0,,18.5
Hyundai Verna,Bangalore,2014.0,45000.0,Petrol,Automatic,First,15.74 kmpl,1591 CC,121.3 bhp,White,5.0,4.0,,7.5
Maruti Celerio,Mumbai,2015.0,40337.0,Petrol,Automatic,First,23.1 kmpl,998 CC,67.04 bhp,White,5.0,4.0,,4.45
Honda Brio,Pune,2012.0,79000.0,Petrol,Manual,First,18.4 kmpl,1198 CC,86.8 bhp,Others,5.0,4.0,,2.9
Volkswagen Polo,Kolkata,2011.0,50000.0,Petrol,Manual,First,16.47 kmpl,1198 CC,73.9 bhp,Others,5.0,4.0,,2.35
Renault Duster,,2013.0,62000.0,Diesel,Manual,First,19.01 kmpl,1461 CC,,White,5.0,4.0,,7.75
Ford Endeavour,Hyderabad,2016.0,107890.0,Diesel,Manual,First,13.5 kmpl,2198 CC,157.7 bhp,Black/Silver,7.0,5.0,,20.5
Audi A4,Hyderabad,2011.0,54000.0,Diesel,Automatic,First,16.55 kmpl,1968 CC,147.51 bhp,White,5.0,4.0,,18.0
Honda Brio,Kochi,2014.0,74325.0,Petrol,Manual,First,19.4 kmpl,1198 CC,86.8 bhp,Others,5.0,4.0,,3.51
Honda City,Delhi,2010.0,76752.0,Petrol,Manual,First,17.4 kmpl,1497 CC,117.3 bhp,Black/Silver,5.0,4.0,,3.57
Mercedes-Benz GL-Class,Pune,2013.0,100000.0,Diesel,Automatic,First,12.0 kmpl,2987 CC,224 bhp,Black/Silver,7.0,5.0,,32.0
Hyundai Creta,Mumbai,2016.0,27000.0,Petrol,Automatic,First,13.0 kmpl,1591 CC,121.3 bhp,Black/Silver,5.0,4.0,,11.45
Hyundai Accent,Bangalore,2008.0,72000.0,Petrol,Manual,Second,13.2 kmpl,1495 CC,94 bhp,Others,5.0,4.0,,2.0
Volkswagen Polo,Jaipur,2013.0,62000.0,Diesel,Manual,First,22.07 kmpl,1199 CC,73.9 bhp,Others,5.0,4.0,,3.5
Mitsubishi Pajero,Bangalore,2012.0,155566.0,Diesel,Manual,Second,9.5 kmpl,2835 CC,118.6 bhp,Black/Silver,6.0,5.0,,9.15
Mercedes-Benz New,Hyderabad,2014.0,51355.0,Diesel,Automatic,First,14.84 kmpl,2143 CC,170 bhp,Others,5.0,4.0,,27.0
Renault KWID,Hyderabad,2018.0,1900.0,Petrol,Manual,First,25.17 kmpl,799 CC,53.3 bhp,Others,5.0,4.0,4.8 Lakh,4.45
Hyundai EON,Coimbatore,2014.0,14799.0,Petrol,Manual,First,21.1 kmpl,814 CC,55.2 bhp,Black/Silver,5.0,4.0,,4.14
Hyundai i20,Jaipur,2015.0,81310.0,Diesel,Manual,First,21.19 kmpl,1396 CC,88.76 bhp,Others,5.0,4.0,,5.9
Maruti Swift,Hyderabad,2009.0,88096.0,Diesel,Manual,Second,19.3 kmpl,1248 CC,73.9 bhp,Others,5.0,4.0,,3.5
Tata Safari,Hyderabad,2014.0,93000.0,Diesel,Manual,First,14.0 kmpl,2179 CC,138.1 bhp,Others,7.0,5.0,,8.25
Toyota Innova,Coimbatore,2017.0,72202.0,Diesel,Manual,First,13.68 kmpl,2393 CC,147.8 bhp,Black/Silver,8.0,5.0,24.01 Lakh,17.92
Skoda Octavia,Kochi,2017.0,30523.0,Petrol,Automatic,First,14.7 kmpl,1798 CC,177.5 bhp,White,5.0,4.0,,17.08
Nissan Terrano,Jaipur,2015.0,75055.0,Diesel,Manual,First,19.01 kmpl,1461 CC,108.5 bhp,White,5.0,4.0,,6.5
Toyota Innova,Pune,2013.0,255000.0,Diesel,Manual,Third,12.99 kmpl,2494 CC,100.6 bhp,Others,7.0,4.0,,6.5
Maruti Swift,Kolkata,2014.0,33000.0,Petrol,Manual,First,19.1 kmpl,1197 CC,85.8 bhp,White,5.0,4.0,,3.99
Tata Tiago,Hyderabad,2017.0,53000.0,Diesel,Manual,First,27.28 kmpl,1047 CC,69 bhp,Others,5.0,4.0,,5.0
Hyundai Santro,Jaipur,2009.0,89000.0,Petrol,Manual,Second,0.0 kmpl,999 CC,null bhp,Others,5.0,4.0,,1.6
Mercedes-Benz GLE,Coimbatore,2018.0,29277.0,Diesel,Automatic,First,11.57 kmpl,2987 CC,254.79 bhp,White,5.0,4.0,95.13 Lakh,59.65
Hyundai Santro,Pune,2010.0,55000.0,LPG,Manual,Second,13.45 km/kg,1086 CC,62.1 bhp,White,5.0,4.0,,1.65
Maruti Swift,Chennai,2012.0,58133.0,Diesel,Manual,First,22.9 kmpl,1248 CC,74 bhp,Black/Silver,5.0,4.0,,4.8
Maruti Wagon,Kochi,2015.0,50230.0,Petrol,Manual,First,18.9 kmpl,998 CC,67.1 bhp,Black/Silver,5.0,4.0,,3.87
Honda BR-V,Kochi,2017.0,32249.0,Diesel,Manual,First,21.9 kmpl,1498 CC,98.6 bhp,White,7.0,5.0,15.45 Lakh,10.79
Mercedes-Benz GLE,Chennai,2016.0,29000.0,Diesel,Automatic,First,11.57 kmpl,2987 CC,254.79 bhp,Others,5.0,4.0,92.79 Lakh,65.0
Toyota Innova,Delhi,2006.0,150000.0,Petrol,Manual,First,12.4 kmpl,1998 CC,132 bhp,Others,8.0,5.0,,4.5
BMW X1,Chennai,2016.0,21000.0,Diesel,Automatic,First,17.05 kmpl,1995 CC,184 bhp,Others,5.0,4.0,,33.0
Maruti Celerio,Kochi,2017.0,3923.0,Petrol,Manual,First,23.1 kmpl,998 CC,67.04 bhp,White,5.0,4.0,,5.2
Maruti Wagon,Delhi,2006.0,65771.0,Petrol,Manual,Second,17.3 kmpl,1061 CC,64 bhp,Others,5.0,4.0,,0.75
Tata Nano,Ahmedabad,2014.0,18050.0,Petrol,Manual,Second,25.4 kmpl,624 CC,37.5 bhp,Others,4.0,4.0,,1.0
Skoda Laura,Pune,2011.0,31900.0,Petrol,Manual,First,13.4 kmpl,1798 CC,157.8 bhp,Black/Silver,5.0,4.0,,3.75
Hyundai Verna,Kochi,2017.0,41534.0,Petrol,Manual,First,17.01 kmpl,1591 CC,121.3 bhp,Others,5.0,4.0,,7.99
Audi A4,Coimbatore,2012.0,46913.0,Diesel,Automatic,First,14.94 kmpl,2967 CC,241.4 bhp,Others,5.0,4.0,,16.11
Hyundai Grand,Coimbatore,2019.0,13916.0,Petrol,Manual,First,18.9 kmpl,1197 CC,81.86 bhp,Black/Silver,5.0,4.0,,6.44
BMW 3,Kochi,2015.0,30717.0,Diesel,Automatic,Second,21.76 kmpl,1995 CC,190 bhp,Black/Silver,5.0,4.0,58.67 Lakh,25.99
Renault Duster,Jaipur,2012.0,97000.0,Diesel,Manual,Second,20.45 kmpl,1461 CC,83.8 bhp,Others,5.0,4.0,,4.25
Ford EcoSport,Kochi,2017.0,63423.0,Diesel,Manual,First,23.0 kmpl,1498 CC,98.96 bhp,White,5.0,4.0,10.42 Lakh,7.69
Honda Jazz,Coimbatore,2016.0,45449.0,Diesel,Manual,First,27.3 kmpl,1498 CC,98.6 bhp,Others,5.0,4.0,,7.48
Maruti Ritz,Hyderabad,2012.0,68776.0,Petrol,Manual,First,21.1 kmpl,1197 CC,85.80 bhp,Black/Silver,5.0,4.0,,3.9
Honda Amaze,Ahmedabad,2014.0,61297.0,Diesel,Manual,First,25.8 kmpl,1498 CC,98.6 bhp,Black/Silver,5.0,4.0,,4.35
Toyota Innova,Mumbai,2017.0,22000.0,Diesel,Manual,First,13.68 kmpl,2393 CC,147.8 bhp,Others,8.0,5.0,19.34 Lakh,16.5
Mahindra XUV500,Chennai,2011.0,126000.0,Diesel,Manual,Third,16.0 kmpl,2179 CC,140 bhp,Others,7.0,5.0,,6.7
Nissan Sunny,Jaipur,2013.0,120005.0,Diesel,Manual,First,21.64 kmpl,1461 CC,84.8 bhp,White,5.0,4.0,,4.0
Tata Manza,Pune,2012.0,73000.0,Diesel,Manual,First,21.12 kmpl,1248 CC,88.8 bhp,White,5.0,4.0,,3.4
Maruti Zen,Kochi,2003.0,61495.0,Petrol,Manual,Third,17.3 kmpl,993 CC,60 bhp,Others,5.0,4.0,,1.52
Maruti Swift,Hyderabad,2016.0,51787.0,Diesel,Manual,First,17.8 kmpl,1248 CC,null bhp,White,5.0,4.0,,6.45
Toyota Etios,Pune,2018.0,3000.0,Diesel,Manual,First,23.59 kmpl,1364 CC,67.04 bhp,White,5.0,4.0,10.63 Lakh,7.9
Hyundai Grand,Jaipur,2016.0,46522.0,Diesel,Manual,First,24.0 kmpl,1120 CC,70 bhp,Black/Silver,5.0,4.0,,4.5
Maruti Vitara,Pune,2016.0,21558.0,Diesel,Manual,First,24.3 kmpl,1248 CC,88.5 bhp,Black/Silver,5.0,4.0,10.65 Lakh,8.9
Volkswagen Ameo,Kochi,2018.0,46007.0,Petrol,Manual,First,17.0 kmpl,1198 CC,73.75 bhp,White,5.0,4.0,,5.71
Ford Endeavour,Coimbatore,2017.0,50484.0,Diesel,Automatic,First,10.91 kmpl,3198 CC,197.2 bhp,Others,7.0,5.0,,31.12
Maruti Swift,Hyderabad,2008.0,76206.0,Diesel,Manual,First,17.8 kmpl,1248 CC,75 bhp,Black/Silver,5.0,4.0,,4.25
Honda City,Mumbai,2011.0,57000.0,Petrol,Automatic,First,16.8 kmpl,1497 CC,118 bhp,Others,5.0,4.0,,4.4
Volkswagen Polo,Kolkata,2016.0,22000.0,Diesel,Manual,First,20.14 kmpl,1498 CC,88 bhp,Others,5.0,4.0,9.58 Lakh,6.29
Mercedes-Benz A,Pune,2015.0,48300.0,Diesel,Automatic,First,20.0 kmpl,2143 CC,107.3 bhp,White,5.0,4.0,,17.5
Mahindra XUV500,Hyderabad,2013.0,49000.0,Diesel,Manual,First,16.0 kmpl,2179 CC,140 bhp,Others,7.0,5.0,,9.0
Maruti Alto,Chennai,2017.0,5500.0,Petrol,Automatic,First,24.07 kmpl,998 CC,67.1 bhp,Others,5.0,4.0,,4.25
Hyundai i20,Mumbai,2010.0,57500.0,Petrol,Manual,First,18.5 kmpl,1197 CC,80 bhp,Others,5.0,4.0,,2.75
Tata Tigor,Kochi,2018.0,28973.0,Diesel,Manual,First,24.7 kmpl,1047 CC,69 bhp,Others,5.0,4.0,,6.64
Porsche Boxster,Kolkata,2015.0,10512.0,Petrol,Automatic,First,8.6 kmpl,2706 CC,265 bhp,Others,2.0,2.0,,64.0
Maruti Alto,Mumbai,2010.0,66000.0,Petrol,Manual,First,19.7 kmpl,796 CC,46.3 bhp,White,5.0,4.0,,1.5
Toyota Innova,Kochi,2018.0,8899.0,Diesel,Manual,First,13.68 kmpl,2393 CC,147.8 bhp,White,7.0,4.0,22.86 Lakh,19.92
Hyundai Verna,Mumbai,2015.0,40600.0,Petrol,Automatic,First,17.0 kmpl,1591 CC,121.3 bhp,Black/Silver,5.0,4.0,15.14 Lakh,7.2
Hyundai i20,Kochi,2017.0,58620.0,Petrol,Manual,First,18.6 kmpl,1197 CC,81.83 bhp,White,5.0,4.0,,7.14
Maruti Swift,Coimbatore,2013.0,38995.0,Diesel,Manual,First,19.3 kmpl,1248 CC,73.9 bhp,Black/Silver,5.0,4.0,,6.46
Toyota Corolla,Delhi,2013.0,56000.0,Petrol,Automatic,First,14.53 kmpl,1798 CC,138.1 bhp,Others,5.0,4.0,,8.25
Hyundai Santro,Ahmedabad,2008.0,51000.0,Petrol,Manual,First,17.0 kmpl,1086 CC,null bhp,White,5.0,4.0,,1.75
Renault Duster,Delhi,2012.0,130000.0,Diesel,Manual,First,19.64 kmpl,1461 CC,108.45 bhp,Black/Silver,5.0,4.0,,3.75
Honda Amaze,Jaipur,2014.0,69000.0,Petrol,Manual,First,19.5 kmpl,1199 CC,88.76 bhp,Black/Silver,5.0,4.0,7.52 Lakh,4.5
Ford Fiesta,Hyderabad,2008.0,83000.0,Diesel,Manual,Second,17.8 kmpl,1399 CC,null bhp,Black/Silver,5.0,4.0,,2.4
Toyota Fortuner,Hyderabad,2012.0,158000.0,Diesel,Automatic,First,12.55 kmpl,2982 CC,168.5 bhp,Black/Silver,7.0,5.0,,17.49
Maruti Wagon,Ahmedabad,2007.0,55100.0,Petrol,Manual,First,18.9 kmpl,998 CC,67.1 bhp,Black/Silver,5.0,4.0,,1.45
Mercedes-Benz E-Class,Pune,2010.0,130923.0,Diesel,Automatic,First,14.21 kmpl,2143 CC,203 bhp,Black/Silver,5.0,4.0,,12.5
Maruti Swift,Kolkata,2015.0,43000.0,Diesel,Manual,First,26.59 kmpl,1248 CC,74 bhp,White,5.0,4.0,,5.5
Ford Figo,Kochi,2016.0,33554.0,Diesel,Manual,First,25.83 kmpl,1498 CC,99 bhp,White,5.0,4.0,,6.22
Tata Indica,Chennai,2017.0,129000.0,Diesel,Manual,First,25.0 kmpl,1396 CC,69 bhp,Black/Silver,5.0,4.0,,3.0
Hyundai Grand,Kochi,2018.0,10393.0,Petrol,Manual,First,18.9 kmpl,1197 CC,81.86 bhp,Black/Silver,5.0,4.0,6.62 Lakh,6.03
Porsche Panamera,Kochi,2014.0,60033.0,Diesel,Automatic,First,18.18 kmpl,2967 CC,250 bhp,White,4.0,4.0,,51.52
Hyundai Creta,Coimbatore,2018.0,17665.0,Petrol,Manual,First,15.8 kmpl,1591 CC,121.3 bhp,Black/Silver,5.0,4.0,15.36 Lakh,11.78
Ford Endeavour,Hyderabad,2018.0,15000.0,Diesel,Automatic,First,10.91 kmpl,3198 CC,197 bhp,Black/Silver,7.0,5.0,,33.0
Maruti Vitara,Ahmedabad,2017.0,80000.0,Diesel,Manual,First,24.3 kmpl,1248 CC,88.5 bhp,Black/Silver,5.0,4.0,10.91 Lakh,8.0
Hyundai Verna,Hyderabad,2013.0,48158.0,Diesel,Manual,First,22.32 kmpl,1582 CC,126.32 bhp,Others,5.0,4.0,,6.7
BMW 5,Chennai,2010.0,58000.0,Diesel,Automatic,First,18.59 kmpl,2993 CC,265 bhp,Black/Silver,5.0,4.0,79.78 Lakh,11.75
Honda Amaze,Kolkata,2014.0,64000.0,Diesel,Manual,Second,25.8 kmpl,1498 CC,98.6 bhp,Others,5.0,4.0,,3.5
Honda City,Coimbatore,2013.0,38622.0,Petrol,Manual,First,17.4 kmpl,1497 CC,117.3 bhp,Others,5.0,4.0,12.68 Lakh,6.26
Hyundai Grand,Delhi,2015.0,63776.0,Diesel,Manual,First,24.0 kmpl,1120 CC,70 bhp,Others,5.0,4.0,,3.96
Hyundai i20,Chennai,2011.0,24000.0,Petrol,Manual,First,17.0 kmpl,1197 CC,80 bhp,White,5.0,4.0,,4.25
Maruti Wagon,Kolkata,2018.0,10000.0,Petrol,Manual,First,20.51 kmpl,998 CC,67.04 bhp,Others,5.0,4.0,,4.5
Maruti Celerio,Hyderabad,2014.0,44600.0,Petrol,Automatic,First,23.1 kmpl,998 CC,67.04 bhp,Others,5.0,4.0,,4.55
Land Rover Freelander,Pune,2012.0,85000.0,Diesel,Automatic,Second,0.0 kmpl,2179 CC,115 bhp,Others,5.0,4.0,,17.5
Maruti Swift,Delhi,2014.0,55000.0,Petrol,Manual,First,18.6 kmpl,1197 CC,85.8 bhp,Black/Silver,5.0,4.0,,4.2
Mahindra Xylo,Chennai,2015.0,82000.0,Diesel,Manual,Second,14.02 kmpl,2179 CC,118.3 bhp,Black/Silver,7.0,5.0,11.67 Lakh,4.85
Skoda Rapid,Hyderabad,2015.0,34000.0,Diesel,Automatic,First,21.66 kmpl,1498 CC,103.52 bhp,Black/Silver,5.0,4.0,,7.99
Mercedes-Benz B,Delhi,2013.0,32000.0,Petrol,Automatic,First,14.8 kmpl,1595 CC,120.7 bhp,Others,5.0,4.0,,11.0
BMW 3,Ahmedabad,2015.0,100000.0,Diesel,Automatic,First,18.88 kmpl,1995 CC,184 bhp,Others,5.0,4.0,,24.75
Nissan Micra,Kolkata,2011.0,39002.0,Diesel,Manual,First,23.08 kmpl,1461 CC,63.1 bhp,White,5.0,4.0,,2.85
Maruti Swift,Kochi,2017.0,34613.0,Diesel,Manual,First,28.4 kmpl,1248 CC,74 bhp,Black/Silver,5.0,4.0,7.92 Lakh,6.24
Maruti Swift,Mumbai,2008.0,69000.0,Petrol,Manual,Second,20.4 kmpl,1197 CC,81.80 bhp,Black/Silver,5.0,4.0,,2.15
Hyundai i20,Coimbatore,2017.0,35043.0,Petrol,Manual,First,17.19 kmpl,1197 CC,81.86 bhp,Others,5.0,4.0,,8.19
Maruti Wagon,Pune,2010.0,71000.0,Petrol,Manual,First,18.9 kmpl,998 CC,67.1 bhp,Black/Silver,5.0,4.0,,2.0
Hyundai i20,Kolkata,2012.0,33249.0,Diesel,Manual,First,21.27 kmpl,1396 CC,88.76 bhp,Black/Silver,5.0,4.0,,3.25
Skoda Superb,Hyderabad,2010.0,53293.0,Petrol,Manual,First,13.14 kmpl,1798 CC,160 bhp,Black/Silver,5.0,4.0,,6.0
Toyota Camry,Mumbai,2010.0,62714.0,Petrol,Automatic,First,12.1 kmpl,2362 CC,164.7 bhp,Black/Silver,5.0,4.0,,4.5
Mercedes-Benz New,Kolkata,2010.0,30500.0,Petrol,Automatic,First,11.74 kmpl,1796 CC,186 bhp,White,5.0,4.0,,10.5
Honda Amaze,Kochi,2017.0,37578.0,Petrol,Manual,First,18.0 kmpl,1198 CC,86.7 bhp,White,5.0,4.0,,6.14
Maruti Swift,Bangalore,2006.0,80010.0,Petrol,Manual,Second,20.4 kmpl,1197 CC,81.80 bhp,White,5.0,4.0,,2.85
Mercedes-Benz GLC,Mumbai,2017.0,24000.0,Diesel,Automatic,First,17.9 kmpl,2143 CC,170 bhp,White,5.0,4.0,59.77 Lakh,46.95
Mahindra Scorpio,Hyderabad,2014.0,90000.0,Diesel,Manual,First,12.05 kmpl,2179 CC,120 bhp,Black/Silver,8.0,5.0,,7.9
Chevrolet Cruze,Pune,2012.0,137008.0,Diesel,Automatic,First,18.1 kmpl,1991 CC,147.9 bhp,Black/Silver,4.0,4.0,,4.65
Ford Fiesta,Pune,2010.0,85000.0,Petrol,Manual,First,15.3 kmpl,1596 CC,101 bhp,Others,5.0,4.0,,1.46
Hyundai Xcent,Coimbatore,2015.0,65743.0,Petrol,Manual,First,20.14 kmpl,1197 CC,81.86 bhp,White,5.0,4.0,7.85 Lakh,6.2
Hyundai i20,Chennai,2011.0,32200.0,Petrol,Manual,Second,17.0 kmpl,1197 CC,80 bhp,White,5.0,4.0,,3.25
Ford Figo,Kolkata,2015.0,4311.0,Diesel,Manual,First,25.83 kmpl,1498 CC,99 bhp,Black/Silver,5.0,4.0,,4.8
Hyundai Creta,Bangalore,2017.0,26246.0,Petrol,Manual,First,15.29 kmpl,1591 CC,121.3 bhp,Others,5.0,4.0,,10.75
Hyundai Grand,Kolkata,2014.0,19500.0,Petrol,Manual,Second,18.9 kmpl,1197 CC,82 bhp,Black/Silver,5.0,4.0,,2.85
Maruti Wagon,Coimbatore,2017.0,37832.0,Petrol,Automatic,First,22.5 kmpl,998 CC,67 bhp,Black/Silver,5.0,4.0,6.33 Lakh,5.23
Maruti Baleno,Kochi,2017.0,24773.0,Petrol,Manual,First,21.4 kmpl,1197 CC,83.1 bhp,White,5.0,4.0,8.78 Lakh,7.5
Maruti Dzire,Delhi,2016.0,45376.0,Diesel,Manual,First,28.4 kmpl,1248 CC,73.75 bhp,White,5.0,4.0,8.58 Lakh,5.75
Honda Amaze,Delhi,2013.0,90000.0,Diesel,Manual,First,25.8 kmpl,1498 CC,98.6 bhp,Others,5.0,4.0,,3.8
Volkswagen Jetta,Kochi,2013.0,76718.0,Diesel,Automatic,First,16.96 kmpl,1968 CC,138.03 bhp,White,5.0,4.0,,6.51
Mahindra Scorpio,Delhi,2011.0,85000.0,Diesel,Manual,First,12.05 kmpl,2179 CC,120 bhp,White,8.0,5.0,,5.25
Honda Amaze,Coimbatore,2015.0,53497.0,Petrol,Manual,First,18.0 kmpl,1198 CC,86.7 bhp,Others,5.0,4.0,,5.45
BMW 5,Coimbatore,2013.0,108640.0,Diesel,Automatic,First,11.5 kmpl,2993 CC,235 bhp,White,5.0,4.0,,23.29
Maruti S-Cross,Delhi,2018.0,12923.0,Diesel,Manual,First,25.1 kmpl,1248 CC,88.5 bhp,White,5.0,4.0,11.26 Lakh,8.92
Chevrolet Beat,Chennai,2012.0,82697.0,Diesel,Manual,First,25.44 kmpl,936 CC,57.6 bhp,Others,5.0,4.0,,1.9
Tata Indica,Jaipur,2007.0,200000.0,Diesel,Manual,Second,17.2 kmpl,1396 CC,53.5 bhp,Others,5.0,4.0,,0.85
Mahindra Scorpio,Kolkata,2012.0,62000.0,Diesel,Manual,First,12.05 kmpl,2179 CC,120 bhp,Black/Silver,8.0,5.0,,6.25
Maruti SX4,Delhi,2009.0,92000.0,Petrol,Manual,First,15.5 kmpl,1586 CC,103.3 bhp,Black/Silver,5.0,4.0,,2.7
Maruti Baleno,Hyderabad,2005.0,92450.0,Petrol,Manual,First,15.4 kmpl,1590 CC,94 bhp,White,5.0,4.0,,1.2
Tata Zest,Mumbai,2014.0,36000.0,Petrol,Manual,First,17.57 kmpl,1193 CC,88.7 bhp,Black/Silver,5.0,4.0,7.63 Lakh,3.7
Tata Nexon,Coimbatore,2018.0,17477.0,Petrol,Manual,First,17.0 kmpl,1198 CC,108.5 bhp,White,5.0,4.0,11.13 Lakh,9.62
Hyundai Xcent,Mumbai,2016.0,10200.0,Petrol,Manual,First,19.1 kmpl,1197 CC,82 bhp,Black/Silver,5.0,4.0,,4.99
Maruti Baleno,Pune,2006.0,146000.0,Petrol,Manual,Second,15.4 kmpl,1590 CC,94 bhp,Others,5.0,4.0,,1.05
Toyota Innova,Mumbai,2016.0,25121.0,Diesel,Manual,First,13.68 kmpl,2393 CC,147.8 bhp,Black/Silver,7.0,4.0,23.06 Lakh,17.11
Tata Nano,Hyderabad,2014.0,16810.0,Petrol,Manual,First,25.4 kmpl,624 CC,37.5 bhp,Black/Silver,4.0,4.0,,1.6
Hyundai Verna,Delhi,2011.0,103814.0,Diesel,Manual,Second,22.32 kmpl,1582 CC,126.32 bhp,Black/Silver,5.0,4.0,,4.5
Mercedes-Benz GLE,Mumbai,2016.0,21000.0,Diesel,Automatic,First,17.9 kmpl,2143 CC,201.15 bhp,Black/Silver,5.0,4.0,78.76 Lakh,56.0
Honda Jazz,Kochi,2017.0,41981.0,Petrol,Manual,First,18.7 kmpl,1199 CC,88.7 bhp,White,5.0,4.0,,6.14
Maruti Ritz,Chennai,2011.0,67000.0,Petrol,Manual,Second,18.5 kmpl,1197 CC,85.80 bhp,Others,5.0,4.0,,2.25
Hyundai EON,Kochi,2015.0,43993.0,Petrol,Manual,First,21.1 kmpl,814 CC,55.2 bhp,Others,5.0,4.0,,3.45
Honda Civic,Hyderabad,2008.0,95000.0,Petrol,Automatic,Second,12.9 kmpl,1799 CC,130 bhp,Others,5.0,4.0,,3.0
Tata Indigo,Chennai,2009.0,167000.0,Diesel,Manual,Second,19.09 kmpl,1396 CC,69 bhp,Others,5.0,4.0,,2.7
Hyundai EON,Hyderabad,2013.0,17729.0,Petrol,Manual,First,21.1 kmpl,814 CC,55.2 bhp,Others,5.0,4.0,,3.65
Volkswagen Passat,Kolkata,2012.0,39273.0,Diesel,Automatic,First,14.3 kmpl,1968 CC,140 bhp,White,5.0,4.0,,6.99
Hyundai i20,Kochi,2016.0,55036.0,Diesel,Manual,First,22.54 kmpl,1396 CC,88.73 bhp,Others,5.0,4.0,,6.35
Hyundai Santa,Bangalore,2014.0,48000.0,Diesel,Automatic,First,13.01 kmpl,2199 CC,194.3 bhp,Black/Silver,7.0,5.0,,16.25
Toyota Etios,Kochi,2015.0,52207.0,Petrol,Manual,First,17.71 kmpl,1197 CC,78.9 bhp,White,5.0,4.0,,4.56
Hyundai i10,Delhi,2012.0,51000.0,Petrol,Manual,Second,19.81 kmpl,1086 CC,68.05 bhp,Others,5.0,4.0,,2.2
Mercedes-Benz New,Delhi,2016.0,20000.0,Diesel,Automatic,First,19.27 kmpl,2143 CC,170 bhp,Others,5.0,4.0,,33.0
Volkswagen Polo,Hyderabad,2015.0,50000.0,Diesel,Manual,First,20.14 kmpl,1498 CC,88.8 bhp,Black/Silver,5.0,4.0,,6.2
Chevrolet Beat,Kochi,2014.0,52398.0,Diesel,Manual,First,25.44 kmpl,936 CC,57.6 bhp,Others,5.0,4.0,,2.47
Maruti Ritz,Chennai,2009.0,83000.0,Diesel,Manual,First,23.2 kmpl,1248 CC,73.94 bhp,Others,5.0,4.0,,2.95
Renault Duster,Hyderabad,2013.0,74911.0,Diesel,Manual,First,20.45 kmpl,1461 CC,83.8 bhp,White,5.0,4.0,,6.0
Honda City,Delhi,2015.0,50000.0,Petrol,Automatic,First,18.0 kmpl,1497 CC,117.3 bhp,White,5.0,4.0,,8.25
Hyundai Getz,Pune,2005.0,91000.0,Petrol,Manual,Third,16.8 kmpl,1341 CC,83 bhp,Others,5.0,4.0,,0.8
Volkswagen Polo,Pune,2010.0,39000.0,Diesel,Manual,First,22.07 kmpl,1199 CC,73.9 bhp,Others,5.0,4.0,,3.05
Hyundai Xcent,Delhi,2015.0,58000.0,Diesel,Manual,First,24.4 kmpl,1120 CC,71.01 bhp,Black/Silver,5.0,4.0,,4.95
Audi A4,Hyderabad,2015.0,50000.0,Diesel,Automatic,First,17.11 kmpl,1968 CC,174.33 bhp,Others,5.0,4.0,,25.0
Audi A6,Kochi,2013.0,91903.0,Diesel,Automatic,First,17.68 kmpl,1968 CC,174.33 bhp,Black/Silver,5.0,4.0,,17.56
Audi Q5,Coimbatore,2017.0,40318.0,Diesel,Automatic,First,14.16 kmpl,1968 CC,174.3 bhp,White,5.0,4.0,,43.74
Mahindra XUV500,Kochi,2012.0,82103.0,Diesel,Manual,First,15.1 kmpl,2179 CC,140 bhp,Black/Silver,7.0,5.0,,6.2
Volkswagen Vento,Mumbai,2014.0,61529.0,Petrol,Automatic,First,18.19 kmpl,1197 CC,103.5 bhp,White,5.0,4.0,,5.65
Skoda Laura,Delhi,2013.0,81755.0,Diesel,Manual,First,20.0 kmpl,1968 CC,108.5 bhp,White,5.0,4.0,,4.75
Audi A4,Bangalore,2014.0,21000.0,Diesel,Automatic,First,17.11 kmpl,1968 CC,174.33 bhp,Others,5.0,4.0,,24.5
Fiat Linea,Kochi,2016.0,56628.0,Diesel,Manual,First,20.4 kmpl,1248 CC,92 bhp,Black/Silver,5.0,4.0,,5.85
Honda Civic,Ahmedabad,2009.0,89000.0,Petrol,Manual,First,13.5 kmpl,1799 CC,130 bhp,Others,5.0,4.0,,4.25
Volkswagen Polo,Delhi,2013.0,69000.0,Petrol,Automatic,First,17.21 kmpl,1197 CC,103.6 bhp,Black/Silver,5.0,4.0,,4.5
Hyundai Getz,Jaipur,2005.0,100000.0,Petrol,Manual,Second,15.3 kmpl,,,,5.0,4.0,,0.85
Hyundai Verna,Mumbai,2011.0,74000.0,Diesel,Manual,Second,22.32 kmpl,1582 CC,126.3 bhp,Black/Silver,5.0,4.0,,3.75
Honda Civic,Pune,2010.0,61700.0,Petrol,Manual,First,14.8 kmpl,1799 CC,130.2 bhp,Others,5.0,4.0,,2.95
Maruti Wagon,Pune,2014.0,58000.0,CNG,Manual,First,26.6 km/kg,998 CC,58.16 bhp,White,5.0,4.0,,3.0
Mercedes-Benz New,Hyderabad,2012.0,41367.0,Diesel,Automatic,First,15.8 kmpl,2148 CC,170 bhp,Black/Silver,5.0,4.0,,18.49
Hyundai Verna,Kochi,2019.0,12645.0,Petrol,Automatic,First,17.0 kmpl,1591 CC,121.3 bhp,White,5.0,4.0,13.49 Lakh,11.5
Hyundai i20,Pune,2016.0,6000.0,Petrol,Manual,First,17.19 kmpl,1197 CC,81.86 bhp,Black/Silver,5.0,4.0,,7.25
Maruti Dzire,Coimbatore,2018.0,25082.0,Diesel,Automatic,First,28.4 kmpl,1248 CC,73.75 bhp,White,5.0,4.0,9.62 Lakh,8.37
Mercedes-Benz New,Coimbatore,2018.0,20604.0,Diesel,Automatic,First,19.27 kmpl,2143 CC,167.62 bhp,White,5.0,4.0,,39.62
Renault Duster,Delhi,2015.0,73539.0,Diesel,Manual,First,19.01 kmpl,1461 CC,108.45 bhp,White,5.0,4.0,,6.75
Hyundai Verna,Hyderabad,2008.0,90000.0,Diesel,Manual,Second,16.8 kmpl,1493 CC,110 bhp,Others,5.0,4.0,,2.25
Audi Q7,Coimbatore,2015.0,55662.0,Diesel,Automatic,First,12.07 kmpl,2967 CC,241.4 bhp,Others,7.0,5.0,,42.83
Toyota Etios,Pune,2015.0,190000.0,Petrol,Manual,Second,16.78 kmpl,1496 CC,88.73 bhp,Black/Silver,5.0,4.0,,3.85
Hyundai Elantra,Jaipur,2012.0,98008.0,Diesel,Manual,First,22.7 kmpl,1582 CC,126.24 bhp,White,5.0,4.0,,6.25
Toyota Etios,Pune,2014.0,80102.0,Petrol,Manual,First,17.71 kmpl,1197 CC,78.9 bhp,White,5.0,4.0,,3.5
Ford Ecosport,Mumbai,2017.0,30000.0,Diesel,Manual,First,22.7 kmpl,1498 CC,89.84 bhp,Black/Silver,5.0,4.0,,8.75
Honda City,Delhi,2015.0,50000.0,Petrol,Automatic,First,18.0 kmpl,1497 CC,117.3 bhp,Black/Silver,5.0,4.0,,7.41
Mahindra XUV500,Delhi,2016.0,81177.0,Diesel,Manual,First,16.0 kmpl,1997 CC,140 bhp,Black/Silver,7.0,5.0,,11.25
Honda City,Kochi,2015.0,80606.0,Diesel,Manual,First,25.1 kmpl,1498 CC,98.6 bhp,Others,5.0,4.0,,6.96
Hyundai Xcent,Jaipur,2014.0,12500.0,Petrol,Manual,First,19.1 kmpl,1197 CC,82 bhp,White,5.0,4.0,,4.15
Volkswagen Vento,Pune,2013.0,64430.0,Diesel,,First,20.54 kmpl,1598 CC,103.6 bhp,White,5.0,4.0,,5.2
Jaguar XF,Pune,2013.0,46000.0,Diesel,Automatic,Second,16.36 kmpl,2179 CC,187.7 bhp,White,5.0,4.0,,24.0
Maruti Swift,Chennai,2012.0,78000.0,Diesel,Manual,First,22.9 kmpl,1248 CC,74 bhp,Others,5.0,4.0,,4.4
Mercedes-Benz CLA,Delhi,2016.0,40000.0,Petrol,Automatic,First,15.04 kmpl,1991 CC,183 bhp,Black/Silver,5.0,4.0,41.02 Lakh,24.5
Hyundai i20,Chennai,2012.0,107000.0,Diesel,Manual,Second,21.27 kmpl,1396 CC,88.76 bhp,Others,5.0,4.0,,4.5
Hyundai Santro,Pune,2005.0,100000.0,CNG,Manual,Third,17.0 km/kg,1086 CC,null bhp,White,5.0,4.0,,1.2
Maruti Ertiga,Jaipur,2014.0,57000.0,Diesel,Manual,First,20.77 kmpl,1248 CC,88.8 bhp,Others,7.0,5.0,,7.0
Mahindra Scorpio,Delhi,2012.0,77000.0,Diesel,Manual,Second,12.05 kmpl,2179 CC,120 bhp,Others,8.0,5.0,,4.93
Toyota Innova,Coimbatore,2015.0,67585.0,Diesel,Manual,First,12.99 kmpl,2494 CC,100.6 bhp,White,7.0,4.0,,11.99
Maruti Omni,Coimbatore,2019.0,4721.0,Petrol,Manual,First,14.0 kmpl,796 CC,35 bhp,White,5.0,4.0,,4.11
Nissan Sunny,Pune,2013.0,125600.0,Diesel,Manual,First,21.64 kmpl,1461 CC,84.8 bhp,Black/Silver,5.0,4.0,,3.75
Toyota Fortuner,Pune,2012.0,125000.0,Diesel,Automatic,First,11.5 kmpl,2982 CC,169 bhp,Black/Silver,7.0,5.0,,13.5
Datsun GO,Kolkata,2016.0,6000.0,Petrol,Manual,First,20.63 kmpl,1198 CC,67.06 bhp,Black/Silver,5.0,4.0,,2.7
Toyota Innova,Ahmedabad,2016.0,54000.0,Diesel,Manual,First,13.68 kmpl,2393 CC,147.8 bhp,Others,7.0,4.0,23.14 Lakh,16.5
Maruti Vitara,Delhi,2017.0,40000.0,Diesel,Manual,First,24.3 kmpl,1248 CC,88.5 bhp,White,5.0,4.0,,7.85
Maruti Swift,Hyderabad,2013.0,99595.0,Diesel,Manual,Second,22.9 kmpl,1248 CC,74 bhp,Others,5.0,4.0,,4.75
Honda Jazz,Hyderabad,2016.0,43000.0,Diesel,Manual,First,27.3 kmpl,1498 CC,98.6 bhp,Others,5.0,4.0,,7.75
Hyundai i10,Delhi,2012.0,62282.0,Petrol,Automatic,First,16.95 kmpl,1197 CC,78.9 bhp,Black/Silver,5.0,4.0,,2.9
Honda City,Chennai,2014.0,30000.0,Petrol,Manual,Second,16.8 kmpl,1497 CC,116.3 bhp,Black/Silver,5.0,4.0,,6.0
Maruti Swift,Chennai,2019.0,65000.0,Diesel,Automatic,First,26.59 kmpl,1248 CC,74 bhp,Black/Silver,5.0,4.0,,6.75
Hyundai i20,Mumbai,2014.0,32720.0,Diesel,Manual,First,23.0 kmpl,1396 CC,90 bhp,White,5.0,4.0,,4.5
Maruti Ciaz,Kochi,2018.0,25692.0,Petrol,,First,21.56 kmpl,1462 CC,103.25 bhp,Others,5.0,4.0,10.65 Lakh,9.95
Maruti Celerio,Hyderabad,2014.0,44000.0,Petrol,Automatic,First,23.1 kmpl,998 CC,67.04 bhp,Others,5.0,4.0,,4.3
Maruti Celerio,Delhi,2014.0,48000.0,Petrol,Manual,First,23.1 kmpl,998 CC,67.04 bhp,Black/Silver,5.0,4.0,,3.25
Renault Duster,Jaipur,2013.0,61238.0,Diesel,Manual,First,20.45 kmpl,1461 CC,83.8 bhp,White,5.0,4.0,,5.25
Maruti Swift,Delhi,2014.0,71800.0,Diesel,Manual,First,23.4 kmpl,1248 CC,74 bhp,Others,5.0,4.0,,2.9
Hyundai i20,Mumbai,2010.0,58000.0,Petrol,Manual,Second,18.5 kmpl,1197 CC,80 bhp,Black/Silver,5.0,4.0,,2.5
Renault KWID,Kochi,2016.0,53886.0,Petrol,Manual,First,25.17 kmpl,799 CC,53.3 bhp,Black/Silver,5.0,4.0,,3.07
Hyundai i10,Mumbai,2008.0,38235.0,Petrol,Manual,First,20.36 kmpl,1197 CC,78.9 bhp,Black/Silver,5.0,4.0,,1.95
Toyota Fortuner,Delhi,2014.0,107000.0,Diesel,Manual,First,13.0 kmpl,2982 CC,168.5 bhp,Others,7.0,5.0,,16.5
Ford Ikon,Chennai,2002.0,65134.0,Petrol,Manual,Third,13.8 kmpl,1299 CC,70 bhp,Black/Silver,5.0,4.0,,0.8
Toyota Corolla,Pune,2009.0,70000.0,Petrol,Manual,Third,14.53 kmpl,1798 CC,138.1 bhp,Black/Silver,5.0,4.0,,3.0
Skoda Fabia,Pune,2008.0,61000.0,Petrol,Manual,Second,17.5 kmpl,1198 CC,70 bhp,Black/Silver,5.0,4.0,,1.65
Maruti Swift,Kolkata,2013.0,40000.0,Petrol,Manual,First,19.1 kmpl,1197 CC,85.8 bhp,Black/Silver,5.0,4.0,,3.55
Audi Q5,Hyderabad,2016.0,43000.0,Diesel,Automatic,First,14.16 kmpl,1968 CC,174.3 bhp,Black/Silver,5.0,4.0,,39.5
Skoda Superb,Kochi,2019.0,13747.0,Petrol,Automatic,First,14.67 kmpl,1798 CC,177.46 bhp,Others,5.0,4.0,36.15 Lakh,27.3
Mercedes-Benz New,Delhi,2011.0,51000.0,Petrol,Automatic,First,11.74 kmpl,1796 CC,186 bhp,Others,5.0,4.0,,11.5
Mahindra XUV500,Pune,2012.0,80000.0,Diesel,Manual,First,15.1 kmpl,2179 CC,140 bhp,Black/Silver,7.0,5.0,,6.5
Maruti Swift,Delhi,2012.0,52000.0,Diesel,Manual,First,28.4 kmpl,1248 CC,74 bhp,White,5.0,4.0,,3.55
Mercedes-Benz New,Kochi,2011.0,71703.0,Petrol,Automatic,First,14.74 kmpl,1991 CC,181.03 bhp,White,5.0,4.0,,9.14
Chevrolet Aveo,Mumbai,2011.0,57000.0,Petrol,Manual,Second,14.49 kmpl,1399 CC,92.7 bhp,White,5.0,4.0,,2.1
Hyundai i20,Mumbai,2017.0,14001.0,Petrol,Manual,First,18.6 kmpl,1197 CC,81.83 bhp,Others,5.0,4.0,,5.75
Maruti Alto,Delhi,2012.0,65537.0,CNG,Manual,Second,33.44 km/kg,796 CC,40.3 bhp,Black/Silver,4.0,4.0,,2.1
Honda City,Delhi,2010.0,87430.0,Petrol,Manual,First,17.0 kmpl,1497 CC,118 bhp,White,5.0,4.0,,3.5
Ford EcoSport,Coimbatore,2019.0,35188.0,Diesel,Manual,First,22.77 kmpl,1498 CC,98.59 bhp,Others,5.0,4.0,,11.13
Maruti Alto,Pune,2017.0,38000.0,Petrol,Manual,First,22.74 kmpl,796 CC,47.3 bhp,Others,5.0,4.0,,3.11
BMW 3,Chennai,2014.0,70000.0,Diesel,Automatic,First,18.88 kmpl,1995 CC,184 bhp,White,5.0,4.0,,17.55
Ford Endeavour,Hyderabad,2007.0,130000.0,Diesel,Manual,First,13.1 kmpl,2499 CC,141 bhp,White,7.0,5.0,,6.0
Maruti Wagon,Pune,2015.0,25200.0,Petrol,Manual,First,18.9 kmpl,998 CC,67.1 bhp,White,5.0,4.0,,3.35
Honda Jazz,Kolkata,2010.0,39800.0,Petrol,Manual,First,16.0 kmpl,1198 CC,90 bhp,Black/Silver,5.0,4.0,,1.99
Hyundai i10,Chennai,2012.0,55231.0,Petrol,Manual,Second,20.36 kmpl,1197 CC,78.9 bhp,White,5.0,4.0,,2.78
Maruti Wagon,Mumbai,2014.0,40000.0,CNG,Manual,Second,26.6 km/kg,998 CC,58.16 bhp,Black/Silver,5.0,4.0,,3.15
Honda Accord,Mumbai,2011.0,60000.0,Petrol,Automatic,First,11.7 kmpl,2354 CC,177.6 bhp,White,5.0,4.0,,4.45
Mahindra KUV,Kochi,2017.0,29085.0,Petrol,Manual,First,18.15 kmpl,1198 CC,82 bhp,White,6.0,4.0,,5.84
Tata Nano,Kochi,2014.0,59508.0,Petrol,Manual,First,25.4 kmpl,624 CC,37.48 bhp,White,4.0,4.0,,1.26
Toyota Fortuner,Pune,2014.0,55960.0,Diesel,Manual,First,11.5 kmpl,2982 CC,171 bhp,Black/Silver,7.0,5.0,,17.25
Honda Amaze,Kolkata,2014.0,36000.0,Diesel,Manual,First,25.8 kmpl,1498 CC,98.6 bhp,Black/Silver,5.0,4.0,,3.25
Maruti Omni,Coimbatore,2017.0,15473.0,Petrol,Manual,First,16.8 kmpl,796 CC,34.2 bhp,White,5.0,4.0,,3.58
Honda Amaze,Kochi,2017.0,61795.0,Petrol,Manual,First,17.8 kmpl,1198 CC,86.7 bhp,Black/Silver,5.0,4.0,,5.53
Fiat Grande,Kolkata,2011.0,25000.0,Petrol,Manual,Second,15.7 kmpl,1172 CC,67 bhp,Black/Silver,5.0,4.0,,1.25
Honda Jazz,Kochi,2010.0,82606.0,Petrol,Manual,Second,16.0 kmpl,1198 CC,90 bhp,White,5.0,4.0,,2.69
Jeep Compass,Coimbatore,2019.0,6261.0,Diesel,Manual,First,16.3 kmpl,1956 CC,170 bhp,Black/Silver,5.0,4.0,26.95 Lakh,23.91
Maruti Alto,Mumbai,2013.0,26200.0,CNG,Manual,First,30.46 km/kg,796 CC,47.3 bhp,Black/Silver,5.0,4.0,,2.15
Maruti Wagon,,2009.0,,Petrol,Manual,Second,14.0 kmpl,1061 CC,64 bhp,White,5.0,4.0,,1.85
Volkswagen Ameo,Kochi,2018.0,17370.0,Petrol,Manual,First,17.0 kmpl,1198 CC,73.75 bhp,White,5.0,4.0,,5.84
Maruti Alto,Kolkata,2018.0,2100.0,Petrol,Manual,First,24.07 kmpl,998 CC,67.1 bhp,Black/Silver,5.0,4.0,4.33 Lakh,3.6
Honda Brio,Mumbai,2012.0,25000.0,Petrol,Manual,First,18.4 kmpl,1198 CC,86.8 bhp,White,5.0,4.0,,2.75
Hyundai i20,Ahmedabad,2016.0,74000.0,Diesel,Manual,First,21.9 kmpl,1396 CC,88.76 bhp,Black/Silver,5.0,4.0,,6.5
Hyundai Grand,Delhi,2015.0,27000.0,Petrol,Manual,First,18.9 kmpl,1197 CC,82 bhp,White,5.0,4.0,,4.5
Mercedes-Benz E-Class,Jaipur,2013.0,60000.0,Diesel,Automatic,First,10.0 kmpl,2148 CC,170 bhp,White,5.0,4.0,,27.0
Maruti Eeco,Chennai,2016.0,55000.0,Petrol,Manual,First,15.1 kmpl,1196 CC,73 bhp,Others,7.0,5.0,4.87 Lakh,3.75
Toyota Corolla,Hyderabad,2010.0,156210.0,Diesel,Manual,First,21.43 kmpl,1364 CC,87.2 bhp,Others,5.0,4.0,,5.99
Maruti Alto,Hyderabad,2009.0,85000.0,Petrol,Manual,Second,19.7 kmpl,796 CC,46.3 bhp,White,5.0,4.0,,1.8
Ford Figo,Hyderabad,2013.0,90200.0,Diesel,Manual,First,20.0 kmpl,1399 CC,68.05 bhp,Black/Silver,5.0,4.0,,3.5
Hyundai i20,Jaipur,2017.0,58500.0,Petrol,Manual,First,18.6 kmpl,1197 CC,81.83 bhp,White,5.0,4.0,,6.25
Ford EcoSport,Mumbai,2017.0,2000.0,Petrol,Manual,First,18.88 kmpl,1499 CC,110.4 bhp,White,5.0,4.0,,8.65
Hyundai Creta,Coimbatore,2017.0,15731.0,Petrol,Manual,First,15.29 kmpl,1591 CC,121.3 bhp,White,5.0,4.0,,12.49
Nissan Micra,Mumbai,2015.0,34895.0,Petrol,Automatic,First,19.15 kmpl,1198 CC,75.94 bhp,Black/Silver,5.0,4.0,9.47 Lakh,4.6
Mercedes-Benz E-Class,Mumbai,2010.0,73000.0,Petrol,Automatic,First,10.93 kmpl,3498 CC,272 bhp,White,5.0,4.0,,10.4
Ford EcoSport,Kolkata,2017.0,1800.0,Petrol,Automatic,First,16.05 kmpl,1499 CC,110.4 bhp,White,5.0,4.0,,11.37
Mahindra KUV,Chennai,2016.0,13500.0,Petrol,Manual,First,18.15 kmpl,1198 CC,82 bhp,White,6.0,4.0,,3.75
Maruti Baleno,Coimbatore,2018.0,25093.0,Petrol,Manual,First,21.4 kmpl,1197 CC,83.1 bhp,Others,5.0,4.0,,7.76
Honda City,Mumbai,2015.0,28004.0,Petrol,Manual,First,17.8 kmpl,1497 CC,117.3 bhp,White,5.0,4.0,,7.1
Maruti SX4,Pune,2007.0,68553.0,Petrol,Manual,Second,15.0 kmpl,1586 CC,104.68 bhp,White,5.0,4.0,,1.5
Renault Duster,Bangalore,2013.0,75371.0,Diesel,Manual,First,20.46 kmpl,1461 CC,83.8 bhp,Others,5.0,4.0,,6.69
Maruti Wagon,Mumbai,2014.0,43628.0,Petrol,Manual,First,22.5 kmpl,998 CC,67.04 bhp,Black/Silver,5.0,4.0,5.61 Lakh,3.16
Audi Q7,Coimbatore,2014.0,118218.0,Diesel,Automatic,First,12.07 kmpl,2967 CC,241.4 bhp,White,7.0,5.0,,31.41
Skoda Rapid,Hyderabad,2017.0,31000.0,Diesel,Manual,First,21.13 kmpl,1498 CC,108.4 bhp,Others,5.0,4.0,15.38 Lakh,10.5
Toyota Etios,Kolkata,2012.0,55000.0,Petrol,Manual,First,17.6 kmpl,1496 CC,88.7 bhp,Others,5.0,4.0,,2.99
Mahindra Scorpio,Kolkata,2011.0,51387.0,Diesel,Manual,First,12.05 kmpl,2179 CC,120 bhp,Others,7.0,5.0,,5.5
Maruti Alto,Hyderabad,2007.0,52195.0,Petrol,Manual,First,19.7 kmpl,796 CC,46.3 bhp,Others,5.0,4.0,,1.75
Mahindra XUV500,Pune,2011.0,90000.0,Diesel,Manual,Second,15.1 kmpl,2179 CC,140 bhp,White,7.0,5.0,,6.1
Hyundai Verna,Jaipur,2015.0,89000.0,Petrol,Manual,First,17.01 kmpl,1591 CC,121.3 bhp,Black/Silver,5.0,4.0,,7.5
Jaguar XJ,Coimbatore,2011.0,43686.0,Petrol,Automatic,First,10.5 kmpl,5000 CC,503 bhp,Others,4.0,4.0,,50.66
Tata Indigo,Ahmedabad,2012.0,50123.0,Diesel,Manual,First,17.0 kmpl,1405 CC,70 bhp,White,5.0,4.0,,1.9
Tata Manza,Kolkata,2010.0,40000.0,Petrol,Manual,First,15.0 kmpl,1368 CC,90 bhp,Others,5.0,4.0,,1.35
Honda City,Jaipur,2014.0,76551.0,Diesel,Manual,First,25.1 kmpl,1498 CC,98.6 bhp,White,5.0,4.0,,7.25
Toyota Etios,Coimbatore,2018.0,43127.0,Diesel,Manual,First,23.59 kmpl,1364 CC,67.04 bhp,Others,5.0,4.0,,6.85
Maruti Celerio,Jaipur,2014.0,56000.0,Petrol,Manual,First,23.1 kmpl,998 CC,67.04 bhp,Others,5.0,4.0,,2.79
Maruti Ciaz,Delhi,2017.0,32000.0,Petrol,Automatic,First,19.12 kmpl,1373 CC,91.1 bhp,Others,5.0,4.0,,9.2
Maruti Ciaz,Kolkata,2015.0,62144.0,Diesel,Manual,Second,26.21 kmpl,1248 CC,88.5 bhp,Others,5.0,4.0,,5.75
Mercedes-Benz S,Kolkata,2010.0,35277.0,Petrol,Automatic,First,7.81 kmpl,5461 CC,362.9 bhp,White,5.0,4.0,,30.0
Honda Amaze,Kochi,2016.0,39854.0,Petrol,Manual,First,18.0 kmpl,1198 CC,86.7 bhp,Others,5.0,4.0,,5.64
Audi A4,Delhi,2009.0,88000.0,Diesel,Automatic,First,16.55 kmpl,1968 CC,140 bhp,Black/Silver,5.0,4.0,,7.98
Hyundai Grand,Jaipur,2017.0,23000.0,Petrol,Manual,First,18.9 kmpl,1197 CC,82 bhp,White,5.0,4.0,,4.5
Hyundai i10,Hyderabad,2011.0,60000.0,Petrol,Manual,First,20.36 kmpl,1197 CC,78.9 bhp,Others,5.0,4.0,,3.2
Hyundai Grand,Jaipur,2018.0,10000.0,Petrol,Manual,First,18.9 kmpl,1197 CC,81.86 bhp,White,5.0,4.0,6.96 Lakh,5.85
Maruti Alto,Bangalore,2011.0,11000.0,Petrol,Manual,Third,18.9 kmpl,796 CC,47 bhp,Black/Silver,5.0,4.0,,2.9
Audi Q5,Coimbatore,2014.0,87652.0,Diesel,Automatic,Second,14.16 kmpl,1968 CC,174.3 bhp,Others,5.0,4.0,,25.71
Honda City,Kochi,2016.0,47681.0,Petrol,Automatic,First,16.8 kmpl,1497 CC,116.3 bhp,Others,5.0,4.0,,8.73
Maruti Wagon,Coimbatore,2015.0,72599.0,Petrol,Manual,First,22.5 kmpl,998 CC,67.04 bhp,Black/Silver,5.0,4.0,5.72 Lakh,4.32
Hyundai Grand,Coimbatore,2018.0,20667.0,Petrol,Automatic,First,18.9 kmpl,1197 CC,81.86 bhp,Others,5.0,4.0,8.63 Lakh,7.55
BMW 5,Mumbai,2013.0,35000.0,Diesel,Automatic,First,16.73 kmpl,2993 CC,218 bhp,White,5.0,4.0,,21.0
Tata Nano,Bangalore,2016.0,17800.0,Petrol,Automatic,Second,21.9 kmpl,624 CC,37.48 bhp,White,4.0,4.0,,2.38
Honda Brio,Kochi,2015.0,49133.0,Petrol,Manual,First,19.4 kmpl,1198 CC,86.8 bhp,Black/Silver,5.0,4.0,,4.51
Maruti Swift,Pune,2011.0,70000.0,Petrol,Manual,First,16.1 kmpl,1298 CC,88.2 bhp,Black/Silver,5.0,4.0,,1.3
Nissan Sunny,Kochi,2013.0,68880.0,Petrol,Manual,First,16.95 kmpl,1498 CC,97.7 bhp,Black/Silver,5.0,4.0,,3.97
BMW 3,Pune,2011.0,43706.0,Petrol,Automatic,First,10.9 kmpl,2497 CC,215 bhp,White,5.0,4.0,,9.0
Honda City,Mumbai,2005.0,56000.0,Petrol,Manual,Second,17.7 kmpl,1497 CC,78 bhp,White,5.0,4.0,,1.25
Toyota Etios,Coimbatore,2016.0,53702.0,Diesel,Manual,First,23.59 kmpl,1364 CC,67.04 bhp,Others,5.0,4.0,,6.55
Chevrolet Beat,Kolkata,2013.0,26300.0,Diesel,Manual,First,25.44 kmpl,936 CC,57.6 bhp,Others,5.0,4.0,,2.8
Ford EcoSport,Pune,2017.0,14000.0,Petrol,Automatic,First,14.8 kmpl,1497 CC,121.36 bhp,Black/Silver,5.0,4.0,13.23 Lakh,9.99
Chevrolet Sail,Mumbai,2015.0,41000.0,Petrol,Manual,First,18.2 kmpl,1199 CC,82.4 bhp,Others,5.0,4.0,,3.25
Honda Brio,Coimbatore,2014.0,28637.0,Petrol,Manual,First,19.4 kmpl,1198 CC,86.8 bhp,White,5.0,4.0,,5.53
Honda Amaze,Jaipur,2014.0,41210.0,Petrol,Manual,First,18.0 kmpl,1198 CC,86.7 bhp,Others,5.0,4.0,,4.4
Maruti Ritz,Kolkata,2010.0,47722.0,Diesel,Manual,First,21.1 kmpl,1248 CC,73.9 bhp,White,5.0,4.0,,1.7
Maruti Swift,Pune,2014.0,197000.0,Diesel,Manual,First,23.4 kmpl,1248 CC,74 bhp,Others,5.0,4.0,,5.0
Renault Duster,Ahmedabad,2014.0,55300.0,Diesel,Manual,First,19.87 kmpl,1461 CC,83.8 bhp,White,5.0,4.0,,4.75
Maruti Celerio,Mumbai,2016.0,7100.0,Petrol,Automatic,First,23.1 kmpl,998 CC,67.04 bhp,Others,5.0,4.0,,4.35
Maruti Swift,Chennai,2015.0,49900.0,Petrol,Manual,First,20.85 kmpl,1197 CC,83.14 bhp,Others,5.0,4.0,,4.8
Audi Q3,Coimbatore,2018.0,22060.0,Diesel,Automatic,First,18.51 kmpl,1968 CC,147.51 bhp,White,5.0,4.0,44.8 Lakh,32.73
Maruti Alto,Jaipur,2016.0,51264.0,Petrol,Manual,First,24.07 kmpl,998 CC,67.1 bhp,Black/Silver,5.0,4.0,4.24 Lakh,3.2
Ford Ikon,Pune,2004.0,69870.0,Petrol,Manual,Second,14.2 kmpl,1597 CC,92 bhp,Others,5.0,4.0,,1.1
Hyundai Verna,Pune,2013.0,21107.0,Petrol,Manual,First,17.1 kmpl,1591 CC,121.3 bhp,Others,5.0,4.0,,5.25
Volkswagen Vento,Hyderabad,2012.0,110000.0,Diesel,Manual,Second,20.54 kmpl,1598 CC,103.6 bhp,White,5.0,4.0,,3.65
Honda City,Pune,2013.0,127000.0,Petrol,Manual,Second,16.8 kmpl,1497 CC,116.3 bhp,Others,5.0,4.0,,4.5
Maruti Swift,Ahmedabad,2010.0,83000.0,Diesel,Manual,First,19.3 kmpl,1248 CC,73.9 bhp,Black/Silver,5.0,4.0,,2.75
Maruti Swift,Chennai,2014.0,75180.0,Diesel,Manual,First,22.9 kmpl,1248 CC,74 bhp,White,5.0,4.0,,5.25
Renault Duster,Mumbai,2013.0,29000.0,Diesel,Manual,First,19.01 kmpl,1461 CC,108.45 bhp,White,5.0,4.0,,6.5
Toyota Corolla,Kochi,2013.0,81504.0,Diesel,Manual,First,21.43 kmpl,1364 CC,87.2 bhp,Others,5.0,4.0,,6.53
Honda Mobilio,Kolkata,2015.0,50000.0,Diesel,Manual,First,24.2 kmpl,1498 CC,98.6 bhp,Black/Silver,7.0,5.0,,4.7
Maruti Swift,Pune,2010.0,135000.0,Diesel,Manual,First,17.8 kmpl,1248 CC,75 bhp,Others,5.0,4.0,,3.1
Mahindra E,Chennai,2016.0,50000.0,Electric,Automatic,First,,72 CC,41 bhp,White,5.0,4.0,13.58 Lakh,13.0
Hyundai Grand,Delhi,2018.0,9434.0,Petrol,Manual,First,18.9 kmpl,1197 CC,81.86 bhp,White,5.0,4.0,6.71 Lakh,5.75
Hyundai Santro,Delhi,2012.0,53000.0,Petrol,Manual,First,17.92 kmpl,1086 CC,62.1 bhp,White,5.0,4.0,,2.35
Honda City,Delhi,2014.0,55000.0,Petrol,Manual,First,17.8 kmpl,1497 CC,117.3 bhp,Black/Silver,5.0,4.0,,5.84
Renault Duster,Mumbai,2016.0,36600.0,Diesel,Manual,First,19.87 kmpl,1461 CC,83.8 bhp,Black/Silver,5.0,4.0,,7.49
Maruti Swift,Hyderabad,2017.0,2000.0,Diesel,Manual,First,28.4 kmpl,1248 CC,74 bhp,Others,5.0,4.0,,8.2
Ford Fiesta,Pune,2012.0,78000.0,Diesel,Manual,First,17.8 kmpl,1399 CC,68 bhp,White,5.0,4.0,,2.8
Audi Q5,Coimbatore,2013.0,80127.0,Diesel,Automatic,First,12.8 kmpl,1968 CC,167.6 bhp,Others,5.0,4.0,,23.68
Audi Q3,Mumbai,2017.0,31000.0,Diesel,Automatic,First,18.51 kmpl,1968 CC,147.51 bhp,White,5.0,4.0,44.75 Lakh,27.0
Hyundai i10,Jaipur,2010.0,83000.0,Petrol,Manual,First,19.81 kmpl,1086 CC,68.05 bhp,White,5.0,4.0,,1.75
Honda CR-V,Kolkata,2015.0,35000.0,Petrol,Automatic,First,10.1 kmpl,2354 CC,152 bhp,White,5.0,4.0,,14.7
Honda City,Hyderabad,2015.0,82000.0,Diesel,Manual,First,25.6 kmpl,1498 CC,98.6 bhp,White,5.0,4.0,13.33 Lakh,8.0
Toyota Fortuner,Ahmedabad,2016.0,88008.0,Diesel,Automatic,Second,12.9 kmpl,2755 CC,174.5 bhp,Black/Silver,7.0,5.0,34.45 Lakh,22.5
Renault Duster,Hyderabad,2013.0,42000.0,Diesel,Manual,First,19.64 kmpl,1461 CC,108.45 bhp,White,5.0,4.0,,8.0
Tata Nexon,Mumbai,2018.0,14000.0,Diesel,Manual,First,21.5 kmpl,1497 CC,108.5 bhp,White,5.0,4.0,12.22 Lakh,9.9
Hyundai Xcent,Pune,2018.0,31000.0,Petrol,Manual,First,20.14 kmpl,1197 CC,81.86 bhp,Others,5.0,4.0,,5.0
Honda City,Kochi,2017.0,65850.0,Diesel,Manual,First,25.1 kmpl,1498 CC,98.6 bhp,Black/Silver,5.0,4.0,,9.44
Hyundai Elantra,Coimbatore,2015.0,58239.0,Petrol,Automatic,First,14.62 kmpl,1999 CC,149.92 bhp,Black/Silver,5.0,4.0,23.64 Lakh,9.69
Maruti Wagon,Jaipur,2007.0,71000.0,Petrol,Manual,Second,18.9 kmpl,998 CC,67.1 bhp,Others,5.0,4.0,,1.5
Hyundai i10,Chennai,2008.0,85445.0,Petrol,Manual,Second,19.81 kmpl,1086 CC,68.05 bhp,Others,5.0,4.0,,2.0
Maruti Celerio,Kolkata,2015.0,30458.0,Petrol,Manual,First,23.1 kmpl,998 CC,67.04 bhp,Others,5.0,4.0,,2.99
Volkswagen Vento,Kolkata,2015.0,70623.0,Petrol,Manual,First,15.04 kmpl,1598 CC,103.6 bhp,Black/Silver,5.0,4.0,,3.99
Hyundai Accent,Pune,2005.0,123200.0,Petrol,Manual,Second,13.2 kmpl,1495 CC,94 bhp,White,5.0,4.0,,1.0
Mercedes-Benz New,Bangalore,2012.0,49000.0,Diesel,Automatic,Second,14.84 kmpl,2143 CC,167.62 bhp,Others,5.0,4.0,,19.25
Maruti Wagon,Hyderabad,2013.0,67263.0,Petrol,Manual,First,18.9 kmpl,998 CC,67.1 bhp,Black/Silver,5.0,4.0,,3.6
Toyota Etios,Delhi,2011.0,36000.0,Petrol,Manual,First,17.6 kmpl,1496 CC,88.7 bhp,White,5.0,4.0,,3.2
Toyota Corolla,Coimbatore,2015.0,53920.0,Petrol,Manual,First,14.28 kmpl,1798 CC,138.03 bhp,Others,5.0,4.0,23.37 Lakh,10.77
Ford Ecosport,Hyderabad,2014.0,62700.0,Diesel,Manual,First,22.7 kmpl,1498 CC,89.84 bhp,Black/Silver,5.0,4.0,,6.8
BMW 3,Hyderabad,2013.0,30000.0,Diesel,Automatic,First,18.88 kmpl,1995 CC,184 bhp,White,5.0,4.0,,22.0
Toyota Innova,Hyderabad,2009.0,147000.0,Diesel,Manual,First,12.99 kmpl,2494 CC,100.6 bhp,Others,7.0,4.0,,7.5
Mercedes-Benz E-Class,Mumbai,2014.0,52000.0,Diesel,Automatic,First,13.0 kmpl,2143 CC,204 bhp,White,5.0,4.0,,24.5
Hyundai Grand,Kochi,2017.0,17489.0,Petrol,Automatic,First,18.9 kmpl,1197 CC,82 bhp,Others,5.0,4.0,,5.99
Maruti Dzire,Pune,2018.0,27000.0,Diesel,Manual,First,28.4 kmpl,1248 CC,73.75 bhp,White,5.0,4.0,7.91 Lakh,5.9
Audi A4,Jaipur,2012.0,60000.0,Diesel,Automatic,Second,15.2 kmpl,1968 CC,140.8 bhp,Others,5.0,4.0,,16.0
Hyundai Elite,Kochi,2018.0,18553.0,Petrol,Manual,First,18.6 kmpl,1197 CC,81.86 bhp,Others,5.0,4.0,,7.93
Toyota Fortuner,Kochi,2015.0,51535.0,Diesel,Automatic,First,12.55 kmpl,2982 CC,168.5 bhp,Others,7.0,5.0,,19.03
Volkswagen Vento,Pune,2013.0,41000.0,Petrol,Automatic,First,14.4 kmpl,1598 CC,103.6 bhp,White,5.0,4.0,,5.25
Honda Jazz,Chennai,2017.0,8000.0,Petrol,Manual,First,18.2 kmpl,1199 CC,88.7 bhp,Black/Silver,5.0,4.0,9.1 Lakh,7.9
BMW 3,Mumbai,2016.0,31000.0,Diesel,Automatic,First,21.76 kmpl,1995 CC,190 bhp,Black/Silver,5.0,4.0,60.88 Lakh,29.95
Toyota Innova,Hyderabad,2011.0,144471.0,Diesel,Manual,First,12.8 kmpl,2494 CC,102 bhp,Others,8.0,5.0,,7.8
Tata Nano,Pune,2011.0,50000.0,Petrol,Manual,Second,23.9 kmpl,624 CC,37.48 bhp,Others,4.0,4.0,,0.75
Mercedes-Benz E-Class,Kochi,2017.0,36884.0,Diesel,Automatic,First,13.0 kmpl,2143 CC,204 bhp,Black/Silver,5.0,4.0,,32.25
Volkswagen Vento,Mumbai,2011.0,58000.0,Petrol,Manual,First,15.04 kmpl,1598 CC,103.6 bhp,White,5.0,4.0,,3.0
Toyota Innova,Hyderabad,2006.0,142000.0,Diesel,Manual,First,12.8 kmpl,2494 CC,102 bhp,Black/Silver,7.0,4.0,,6.25
Maruti Alto,Kochi,2018.0,46805.0,Petrol,Manual,First,24.07 kmpl,998 CC,67.1 bhp,Black/Silver,5.0,4.0,4.09 Lakh,3.63
Honda Amaze,Delhi,2014.0,66000.0,Diesel,Manual,First,25.8 kmpl,1498 CC,98.6 bhp,White,5.0,4.0,,3.5
Honda City,Mumbai,2007.0,70000.0,Petrol,Manual,First,16.9 kmpl,1497 CC,100 bhp,White,5.0,4.0,,1.55
Mahindra Scorpio,Bangalore,2008.0,176000.0,Diesel,Manual,Second,10.5 kmpl,2179 CC,120 bhp,Others,8.0,5.0,,4.3
Hyundai Verna,Jaipur,2012.0,65900.0,Diesel,Manual,First,22.32 kmpl,1582 CC,126.32 bhp,Black/Silver,5.0,4.0,,5.75
Datsun GO,Pune,2016.0,35000.0,Petrol,Manual,First,20.62 kmpl,1198 CC,67 bhp,White,7.0,5.0,,3.1
Chevrolet Spark,Chennai,2008.0,62000.0,Petrol,Manual,Third,18.0 kmpl,995 CC,62 bhp,White,5.0,4.0,,1.1
BMW 3,Hyderabad,2007.0,74199.0,Diesel,Automatic,First,16.07 kmpl,1995 CC,181 bhp,Black/Silver,5.0,4.0,,9.25
Mercedes-Benz New,Coimbatore,2017.0,25559.0,Diesel,Automatic,First,19.71 kmpl,2143 CC,201.15 bhp,White,5.0,4.0,,37.93
Maruti Alto,Hyderabad,2014.0,58500.0,Petrol,Manual,First,22.74 kmpl,796 CC,47.3 bhp,White,5.0,4.0,,2.75
Jaguar XF,Chennai,2014.0,43000.0,Diesel,Automatic,Second,16.36 kmpl,2179 CC,187.7 bhp,Black/Silver,5.0,4.0,,26.5
Hyundai Xcent,Kochi,2016.0,45560.0,Petrol,Automatic,First,16.9 kmpl,1197 CC,82 bhp,White,5.0,4.0,,6.34
Mercedes-Benz E-Class,Ahmedabad,2011.0,78000.0,Diesel,Manual,Second,15.0 kmpl,2148 CC,null bhp,White,5.0,4.0,,14.5
Toyota Corolla,Mumbai,2008.0,78000.0,Petrol,Automatic,Second,14.53 kmpl,1794 CC,138.1 bhp,White,5.0,4.0,,3.41
Hyundai Elite,Chennai,2016.0,11000.0,Petrol,Manual,First,18.6 kmpl,1197 CC,81.86 bhp,Others,5.0,4.0,,7.95
Toyota Innova,Delhi,2012.0,68000.0,Diesel,Manual,First,12.8 kmpl,2494 CC,102 bhp,White,7.0,4.0,,6.95
Honda City,Ahmedabad,2016.0,67000.0,Diesel,Manual,First,26.0 kmpl,1498 CC,98.6 bhp,Others,5.0,4.0,,7.25
Volkswagen Polo,Delhi,2013.0,77445.0,Diesel,Manual,First,22.07 kmpl,1199 CC,73.9 bhp,White,5.0,4.0,,3.75
Mercedes-Benz GLA,Kolkata,2014.0,52000.0,Diesel,Automatic,First,17.9 kmpl,2143 CC,136 bhp,Others,5.0,4.0,,19.5
Volkswagen Jetta,Hyderabad,2010.0,42021.0,Diesel,Manual,First,0.0 kmpl,1968 CC,null bhp,Others,5.0,4.0,,5.45
Hyundai Grand,Kochi,2017.0,51223.0,Petrol,Manual,First,18.9 kmpl,1197 CC,81.86 bhp,Black/Silver,5.0,4.0,7.48 Lakh,5.66
Mahindra Scorpio,Kolkata,2015.0,52373.0,Diesel,Manual,Second,15.4 kmpl,2179 CC,120 bhp,Black/Silver,7.0,5.0,,8.5
Mahindra XUV500,Delhi,2015.0,36096.0,Diesel,Manual,First,15.1 kmpl,2179 CC,140 bhp,Black/Silver,7.0,5.0,,8.85
Audi A4,Delhi,2013.0,36000.0,Diesel,Automatic,Second,16.55 kmpl,1968 CC,147.51 bhp,Others,5.0,4.0,,14.0
Toyota Innova,Pune,2015.0,77000.0,Diesel,Manual,First,12.99 kmpl,2494 CC,100 bhp,Black/Silver,8.0,5.0,,12.5
Ford Fiesta,Hyderabad,2012.0,107000.0,Diesel,Manual,First,17.8 kmpl,1399 CC,67 bhp,Others,5.0,4.0,,3.0
Chevrolet Aveo,Jaipur,2007.0,140000.0,Petrol,Manual,First,15.26 kmpl,1150 CC,74.9 bhp,White,5.0,4.0,,0.9
Jeep Compass,Pune,2018.0,16039.0,Diesel,Manual,First,17.1 kmpl,1956 CC,170 bhp,White,5.0,4.0,23.89 Lakh,18.5
Maruti Swift,Hyderabad,2016.0,64000.0,Diesel,Manual,First,22.9 kmpl,1248 CC,74 bhp,Others,5.0,4.0,,6.8
Maruti SX4,Mumbai,2012.0,90000.0,Diesel,Manual,First,21.5 kmpl,1248 CC,88.8 bhp,Black/Silver,5.0,4.0,,3.81
Hyundai i20,Delhi,2014.0,42365.0,Petrol,Manual,First,17.0 kmpl,1197 CC,80 bhp,White,5.0,4.0,,5.5
Tata Indica,Hyderabad,2016.0,80103.0,Diesel,Manual,First,25.0 kmpl,1396 CC,69 bhp,Black/Silver,5.0,4.0,,1.8
Toyota Etios,Coimbatore,2013.0,62601.0,Diesel,Manual,First,23.59 kmpl,1364 CC,null bhp,Others,5.0,4.0,,4.67
Toyota Fortuner,Coimbatore,2017.0,47198.0,Diesel,Manual,First,12.55 kmpl,2982 CC,168.5 bhp,Others,7.0,5.0,,28.42
Honda Brio,Hyderabad,2013.0,47000.0,Petrol,Automatic,First,16.5 kmpl,1198 CC,86.8 bhp,White,5.0,4.0,,5.4
Maruti Celerio,Jaipur,2016.0,30000.0,Petrol,Automatic,Second,23.1 kmpl,998 CC,67.04 bhp,Others,5.0,4.0,,4.25
Honda Brio,Chennai,2013.0,42320.0,Petrol,Manual,First,19.4 kmpl,1198 CC,86.8 bhp,Others,5.0,4.0,,2.9
Maruti Zen,Kolkata,2003.0,65000.0,Petrol,Manual,First,17.3 kmpl,993 CC,60 bhp,Black/Silver,5.0,4.0,,0.65
Hyundai i10,Pune,2012.0,45275.0,Petrol,Manual,First,20.36 kmpl,1197 CC,78.9 bhp,Others,5.0,4.0,,2.8
Mahindra XUV500,Hyderabad,2015.0,88428.0,Diesel,Manual,First,16.0 kmpl,2179 CC,140 bhp,Others,7.0,5.0,,10.6
Jaguar XE,Delhi,2018.0,1000.0,Diesel,Automatic,First,13.6 kmpl,1999 CC,177 bhp,White,5.0,4.0,52.77 Lakh,40.0
Audi A4,Hyderabad,2015.0,45000.0,Diesel,Automatic,First,18.25 kmpl,1968 CC,187.74 bhp,White,5.0,4.0,55.61 Lakh,25.0
Maruti Swift,Kolkata,2015.0,45000.0,Diesel,Manual,First,25.2 kmpl,1248 CC,74 bhp,Others,5.0,4.0,,3.55
Maruti Baleno,Kochi,2018.0,23714.0,Petrol,Manual,First,21.4 kmpl,1197 CC,83.1 bhp,White,5.0,4.0,,6.57
Hyundai Elite,Kochi,2016.0,56911.0,Petrol,Manual,First,18.6 kmpl,1197 CC,81.86 bhp,Black/Silver,5.0,4.0,,6.54
Honda City,Jaipur,2005.0,123000.0,Petrol,Manual,Third,13.0 kmpl,1493 CC,100 bhp,White,5.0,4.0,,1.1
Toyota Innova,Pune,2007.0,170428.0,Diesel,Manual,Second,12.8 kmpl,2494 CC,102 bhp,White,8.0,5.0,,5.7
Tata New,Pune,2008.0,86000.0,Diesel,Manual,Third,13.93 kmpl,,,,7.0,5.0,,0.6
Renault KWID,Pune,2017.0,4700.0,Petrol,Manual,First,25.17 kmpl,799 CC,53.3 bhp,White,5.0,4.0,,3.0
Hyundai i20,Kochi,2014.0,44612.0,Petrol,Manual,First,18.5 kmpl,1197 CC,80 bhp,White,5.0,4.0,,4.07
Toyota Innova,Kochi,2019.0,10601.0,Diesel,Automatic,First,11.36 kmpl,2755 CC,171.5 bhp,White,7.0,4.0,20.74 Lakh,19.65
Honda City,Pune,2012.0,89000.0,Petrol,Manual,Second,16.8 kmpl,1497 CC,116.3 bhp,White,5.0,4.0,,3.5
Maruti Swift,Mumbai,2015.0,60000.0,Petrol,Manual,First,17.5 kmpl,1197 CC,85.8 bhp,White,5.0,4.0,,4.8
Maruti Ritz,Hyderabad,2010.0,75014.0,Diesel,Manual,First,21.1 kmpl,1248 CC,73.9 bhp,White,5.0,4.0,,3.85
Hyundai i10,Kochi,2011.0,65423.0,Petrol,Manual,First,20.36 kmpl,1197 CC,78.9 bhp,Black/Silver,5.0,4.0,,3.16
Hyundai Santro,Bangalore,2008.0,35268.0,Petrol,Manual,Second,0.0 kmpl,1086 CC,62 bhp,Black/Silver,5.0,4.0,,1.88
Honda Amaze,Coimbatore,2014.0,44753.0,Petrol,Manual,First,18.0 kmpl,1198 CC,86.7 bhp,White,5.0,4.0,,4.94
Mitsubishi Outlander,Bangalore,2010.0,39525.0,Petrol,Automatic,First,11.3 kmpl,2360 CC,170 bhp,Others,5.0,4.0,,9.25
Mahindra Scorpio,Kochi,2014.0,45239.0,Diesel,Manual,First,12.05 kmpl,2179 CC,120 bhp,White,8.0,5.0,,7.09
Hyundai Verna,Kochi,2016.0,42024.0,Diesel,Automatic,First,19.08 kmpl,1582 CC,126.2 bhp,White,5.0,4.0,,9.73
Mercedes-Benz E-Class,Coimbatore,2016.0,38730.0,Diesel,Automatic,First,14.21 kmpl,2143 CC,203 bhp,White,5.0,4.0,,29.98
BMW 5,Coimbatore,2012.0,40471.0,Diesel,Automatic,Second,16.2 kmpl,2993 CC,235 bhp,Others,5.0,4.0,,25.72
Maruti Vitara,Mumbai,2016.0,20000.0,Diesel,Manual,First,24.3 kmpl,1248 CC,88.5 bhp,White,5.0,4.0,11.98 Lakh,9.0
Mahindra XUV500,Kochi,2017.0,41290.0,Diesel,Manual,Second,16.0 kmpl,2179 CC,140 bhp,White,7.0,5.0,,10.94
Maruti Swift,Chennai,2008.0,86700.0,Petrol,Manual,Second,16.1 kmpl,1298 CC,88.2 bhp,Others,5.0,4.0,,2.4
Chevrolet Optra,Mumbai,2012.0,56000.0,Petrol,Manual,First,12.9 kmpl,1598 CC,102.5 bhp,White,5.0,4.0,,2.15
Mahindra XUV500,Kolkata,2016.0,54000.0,Diesel,Manual,First,16.0 kmpl,2179 CC,140 bhp,Black/Silver,7.0,5.0,,13.0
Mahindra XUV500,Kochi,2015.0,59182.0,Diesel,Manual,First,15.1 kmpl,2179 CC,140 bhp,White,7.0,5.0,,9.46
Toyota Innova,Delhi,2015.0,57854.0,Diesel,Manual,First,12.99 kmpl,2494 CC,100.6 bhp,Black/Silver,7.0,4.0,,12.5
Mercedes-Benz New,Mumbai,2013.0,80578.0,Diesel,Automatic,Second,14.84 kmpl,2143 CC,170 bhp,White,5.0,4.0,,14.5
Chevrolet Optra,Jaipur,2007.0,118000.0,Petrol,Manual,First,12.9 kmpl,1598 CC,102.5 bhp,Others,5.0,4.0,,1.35
Maruti Eeco,Coimbatore,2017.0,22874.0,Petrol,Manual,First,15.1 kmpl,1196 CC,73 bhp,White,5.0,4.0,,4.44
Renault KWID,Pune,2018.0,1000.0,Petrol,Manual,First,25.17 kmpl,799 CC,53.3 bhp,Others,5.0,4.0,4.45 Lakh,3.4
Mahindra XUV500,Mumbai,2015.0,83000.0,Diesel,Manual,First,16.0 kmpl,2179 CC,140 bhp,White,7.0,5.0,,9.0
Maruti Wagon,Kolkata,2016.0,29930.0,Petrol,Manual,First,18.9 kmpl,998 CC,67.1 bhp,White,5.0,4.0,,3.35
Maruti Baleno,Mumbai,2016.0,8500.0,Petrol,Manual,First,21.4 kmpl,1197 CC,83.1 bhp,White,5.0,4.0,,5.49
Honda City,Hyderabad,2007.0,91000.0,Petrol,Manual,Second,17.7 kmpl,1497 CC,78 bhp,Black/Silver,5.0,4.0,,3.0
Hyundai i20,Pune,2010.0,72000.0,Petrol,Manual,Second,17.0 kmpl,1197 CC,80 bhp,Others,5.0,4.0,,2.75
Toyota Fortuner,Chennai,2010.0,135000.0,Diesel,Manual,Second,11.5 kmpl,2982 CC,171 bhp,Black/Silver,7.0,5.0,,11.0
Volkswagen Polo,Chennai,2012.0,60000.0,Diesel,Manual,First,22.07 kmpl,1199 CC,73.9 bhp,White,5.0,4.0,,4.0
Hyundai Grand,Kochi,2015.0,58397.0,Diesel,Manual,First,24.0 kmpl,1120 CC,70 bhp,Black/Silver,5.0,4.0,,4.9
Maruti Wagon,Mumbai,2010.0,37822.0,Petrol,Manual,First,22.5 kmpl,998 CC,67.04 bhp,White,5.0,4.0,5.04 Lakh,2.35
Hyundai Elantra,Delhi,2016.0,28000.0,Petrol,Automatic,First,14.62 kmpl,1999 CC,149.92 bhp,White,5.0,4.0,21.77 Lakh,13.9
Hyundai Verna,Coimbatore,2014.0,83558.0,Diesel,Manual,First,22.32 kmpl,1582 CC,126.32 bhp,Black/Silver,5.0,4.0,,6.98
Hyundai i20,Ahmedabad,2018.0,30000.0,Diesel,Manual,First,22.54 kmpl,1396 CC,88.73 bhp,Black/Silver,5.0,4.0,,7.75
Hyundai Verna,Delhi,2014.0,62000.0,Diesel,Manual,First,22.32 kmpl,1582 CC,126.32 bhp,Black/Silver,5.0,4.0,,5.7
Mercedes-Benz E-Class,Delhi,2013.0,70000.0,Diesel,Automatic,First,10.0 kmpl,2148 CC,170 bhp,Black/Silver,5.0,4.0,,15.8
Hyundai Verna,Delhi,2013.0,57478.0,Petrol,Manual,Second,17.0 kmpl,1591 CC,121.3 bhp,Black/Silver,5.0,4.0,13.59 Lakh,5.25
Mahindra Scorpio,Kolkata,2013.0,75000.0,Diesel,Manual,First,12.05 kmpl,2179 CC,120 bhp,Others,8.0,5.0,,6.29
Maruti Ritz,Mumbai,2012.0,29000.0,Petrol,Manual,First,18.5 kmpl,1197 CC,85.80 bhp,Black/Silver,5.0,4.0,,3.25
Honda City,Ahmedabad,2014.0,66000.0,Diesel,Manual,First,26.0 kmpl,1498 CC,98.6 bhp,Black/Silver,5.0,4.0,,5.7
Ford Figo,Jaipur,2012.0,140000.0,Diesel,Manual,First,20.0 kmpl,1399 CC,68 bhp,White,5.0,4.0,,2.51
Maruti Alto,Jaipur,2005.0,49000.0,Petrol,Manual,First,19.7 kmpl,796 CC,46.3 bhp,White,5.0,4.0,,0.9
Toyota Fortuner,Pune,2014.0,102000.0,Diesel,Automatic,Second,12.55 kmpl,2982 CC,168.5 bhp,White,7.0,5.0,,16.5
BMW 3,Mumbai,2012.0,37000.0,Diesel,Automatic,Third,22.69 kmpl,1995 CC,190 bhp,Black/Silver,5.0,4.0,,15.0
Honda City,Mumbai,2018.0,5000.0,Petrol,Manual,First,17.8 kmpl,1497 CC,117.3 bhp,White,5.0,4.0,,10.11
Maruti A-Star,Jaipur,2009.0,65000.0,Petrol,Manual,Second,19.0 kmpl,998 CC,66.1 bhp,White,5.0,4.0,,2.05
Audi Q5,Ahmedabad,2009.0,99100.0,Petrol,Automatic,Second,9.74 kmpl,1984 CC,208 bhp,Others,5.0,4.0,,10.0
Maruti Zen,Chennai,2002.0,99024.0,Petrol,Manual,First,17.3 kmpl,993 CC,60 bhp,Black/Silver,5.0,4.0,,0.95
BMW X3,Coimbatore,2014.0,41089.0,Diesel,Automatic,First,16.09 kmpl,1995 CC,184 bhp,White,5.0,4.0,,28.79
Mercedes-Benz GLE,Coimbatore,2017.0,29819.0,Diesel,Automatic,First,11.57 kmpl,2987 CC,254.79 bhp,White,5.0,4.0,95.13 Lakh,61.29
Ford Endeavour,Coimbatore,2017.0,61108.0,Diesel,Automatic,First,10.91 kmpl,3198 CC,197 bhp,Others,7.0,5.0,,28.88
Maruti Swift,Kochi,2016.0,65210.0,Diesel,Manual,First,22.9 kmpl,1248 CC,74 bhp,White,5.0,4.0,,5.48
Nissan Micra,Pune,2018.0,24000.0,Petrol,Manual,First,19.69 kmpl,1198 CC,67.04 bhp,Others,5.0,4.0,6.99 Lakh,4.0
Hyundai i20,Hyderabad,2015.0,72495.0,Diesel,Manual,First,21.9 kmpl,1396 CC,88.76 bhp,Others,5.0,4.0,,7.0
Tata Indica,Hyderabad,2012.0,110000.0,Diesel,Manual,First,22.3 kmpl,1248 CC,74 bhp,White,5.0,4.0,,2.8
Hyundai Grand,Kochi,2018.0,50234.0,Petrol,Manual,First,18.9 kmpl,1197 CC,81.86 bhp,White,5.0,4.0,6.32 Lakh,4.77
Hyundai Verna,Mumbai,2012.0,75059.0,Petrol,Automatic,First,17.0 kmpl,1591 CC,121.3 bhp,Others,5.0,4.0,13.7 Lakh,4.25
Honda BRV,Kochi,2017.0,35676.0,Petrol,Automatic,First,16.0 kmpl,1497 CC,117.3 bhp,White,7.0,5.0,14.65 Lakh,9.48
Toyota Etios,Kolkata,2011.0,42118.0,Petrol,Manual,First,18.3 kmpl,1197 CC,null bhp,Black/Silver,5.0,4.0,,2.19
Hyundai i20,Bangalore,2012.0,67000.0,Diesel,Manual,First,23.0 kmpl,1396 CC,90 bhp,Black/Silver,5.0,4.0,,4.5
Honda CR-V,Coimbatore,2015.0,63856.0,Petrol,Automatic,First,13.7 kmpl,1997 CC,153.86 bhp,Others,5.0,4.0,,13.96
Honda Amaze,Pune,2016.0,62000.0,Diesel,Manual,First,25.8 kmpl,1498 CC,98.6 bhp,White,5.0,4.0,,6.1
Skoda Superb,Mumbai,2015.0,56073.0,Petrol,Automatic,First,13.7 kmpl,1798 CC,157.75 bhp,Others,5.0,4.0,,13.25
Toyota Etios,Delhi,2013.0,70000.0,Diesel,Manual,First,23.59 kmpl,1364 CC,null bhp,Black/Silver,5.0,4.0,,3.88
Toyota Corolla,Kolkata,2009.0,60000.0,Petrol,Manual,First,14.53 kmpl,1798 CC,138 bhp,Others,5.0,4.0,,2.25
Audi A4,Chennai,2014.0,70000.0,Diesel,Automatic,First,17.11 kmpl,1968 CC,174.33 bhp,Black/Silver,5.0,4.0,,18.0
Toyota Fortuner,Hyderabad,2011.0,157000.0,Diesel,Manual,First,12.55 kmpl,2982 CC,168.5 bhp,White,7.0,5.0,,11.99
Tata Indica,Hyderabad,2013.0,62188.0,Diesel,Manual,First,17.2 kmpl,1396 CC,53.5 bhp,Black/Silver,5.0,4.0,,2.95
Skoda Octavia,Jaipur,2005.0,100000.0,Petrol,Automatic,First,14.45 kmpl,1984 CC,227 bhp,Black/Silver,5.0,4.0,28.37 Lakh,2.05
Honda City,Delhi,2014.0,66500.0,Diesel,Manual,First,26.0 kmpl,1498 CC,98.6 bhp,White,5.0,4.0,,5.7
Honda Brio,Chennai,2015.0,16000.0,Petrol,Manual,First,19.4 kmpl,1198 CC,86.8 bhp,Black/Silver,5.0,4.0,,4.35
Mercedes-Benz New,Bangalore,2016.0,51944.0,Diesel,Automatic,First,19.27 kmpl,2143 CC,170 bhp,White,5.0,4.0,,32.5
Hyundai EON,Hyderabad,2014.0,20600.0,Petrol,Manual,First,21.1 kmpl,814 CC,55.2 bhp,Black/Silver,5.0,4.0,,2.6
Mini Cooper,Kochi,2015.0,27641.0,Diesel,Automatic,Second,20.7 kmpl,1496 CC,113.98 bhp,Black/Silver,4.0,4.0,34.89 Lakh,24.77
Mercedes-Benz New,Delhi,2015.0,15000.0,Diesel,Automatic,First,19.27 kmpl,2143 CC,170 bhp,Others,5.0,4.0,,28.5
Volkswagen Polo,Chennai,2014.0,35059.0,Petrol,Automatic,First,17.21 kmpl,1798 CC,189 bhp,White,4.0,4.0,,5.75
Renault Duster,Pune,2014.0,142000.0,Diesel,Manual,Second,19.01 kmpl,1461 CC,108.45 bhp,White,5.0,4.0,,6.0
Maruti Dzire,Coimbatore,2019.0,8018.0,Petrol,Automatic,First,22.0 kmpl,1197 CC,81.80 bhp,Others,5.0,4.0,10.26 Lakh,8.3
Hyundai Elantra,Bangalore,2012.0,36000.0,Diesel,Manual,Second,22.7 kmpl,1582 CC,126.24 bhp,Black/Silver,5.0,4.0,,7.5
Renault Duster,Chennai,2015.0,93000.0,Diesel,Manual,Second,20.45 kmpl,1461 CC,83.8 bhp,Black/Silver,5.0,4.0,,7.1
Maruti Swift,Hyderabad,2014.0,108000.0,Diesel,Manual,First,25.2 kmpl,1248 CC,74 bhp,White,5.0,4.0,,5.5
Honda Brio,Mumbai,2012.0,70000.0,Petrol,Manual,Second,19.4 kmpl,1198 CC,86.8 bhp,Black/Silver,5.0,4.0,,2.5
Renault Duster,Bangalore,2014.0,74500.0,Diesel,Manual,First,19.01 kmpl,1461 CC,108.45 bhp,Others,5.0,4.0,,7.95
Maruti Swift,Pune,2009.0,90000.0,Diesel,Manual,Second,19.3 kmpl,1248 CC,73.9 bhp,White,5.0,4.0,,3.0
Maruti Swift,Bangalore,2014.0,29000.0,Diesel,Manual,First,23.4 kmpl,1248 CC,74 bhp,Black/Silver,5.0,4.0,,5.75
Honda Jazz,Coimbatore,2018.0,12794.0,Petrol,Automatic,First,19.0 kmpl,1199 CC,88.7 bhp,Others,5.0,4.0,,9.15
Toyota Innova,Kolkata,2017.0,31000.0,Diesel,Manual,First,13.68 kmpl,2393 CC,147.8 bhp,White,7.0,4.0,21.36 Lakh,16.95
Toyota Fortuner,Pune,2009.0,138205.0,Diesel,Manual,Second,11.5 kmpl,2982 CC,171 bhp,Black/Silver,7.0,5.0,,10.5
Ford Ecosport,Jaipur,2014.0,60000.0,Diesel,Manual,First,22.7 kmpl,1498 CC,89.84 bhp,Black/Silver,5.0,4.0,,5.75
Volkswagen Vento,Kochi,2017.0,33550.0,Diesel,Automatic,First,21.5 kmpl,1498 CC,108.5 bhp,Others,5.0,4.0,15.86 Lakh,9.6
Maruti Alto,Coimbatore,2011.0,46808.0,Petrol,Manual,Second,24.07 kmpl,998 CC,67.1 bhp,White,5.0,4.0,4.7 Lakh,3.19
BMW 5,Hyderabad,2013.0,56000.0,Diesel,Automatic,First,16.73 kmpl,2993 CC,218 bhp,White,5.0,4.0,,33.5
Skoda Laura,Delhi,2011.0,87670.0,Petrol,Manual,First,13.4 kmpl,1798 CC,157.8 bhp,Others,5.0,4.0,,4.0
Hyundai Verna,Hyderabad,2010.0,120000.0,Diesel,Manual,Second,16.2 kmpl,1493 CC,110 bhp,White,5.0,4.0,,3.5
Hyundai i20,Mumbai,2011.0,52359.0,Petrol,Manual,First,18.5 kmpl,1197 CC,80 bhp,White,5.0,4.0,,3.25
Maruti Alto,Kochi,2012.0,14814.0,Petrol,Manual,Second,19.7 kmpl,796 CC,46.3 bhp,Others,5.0,4.0,,2.47
Hyundai Grand,Kochi,2014.0,51134.0,Diesel,Manual,First,24.0 kmpl,1120 CC,70 bhp,White,5.0,4.0,,4.72
Maruti Ciaz,Ahmedabad,2015.0,59000.0,Diesel,Manual,First,28.09 kmpl,1248 CC,88.5 bhp,Black/Silver,5.0,4.0,,6.0
Chevrolet Cruze,Mumbai,2011.0,65000.0,Diesel,Manual,First,17.9 kmpl,1998 CC,163.7 bhp,Black/Silver,5.0,4.0,,4.55
Maruti Wagon,Chennai,2008.0,55000.0,Petrol,Manual,Second,18.9 kmpl,1061 CC,67 bhp,Others,5.0,4.0,,1.75
Hyundai EON,Pune,2013.0,30000.0,Petrol,Manual,First,21.1 kmpl,814 CC,55.2 bhp,White,5.0,4.0,,2.1
Audi Q7,Mumbai,2008.0,99000.0,Diesel,Automatic,Third,12.07 kmpl,2967 CC,241.4 bhp,Black/Silver,7.0,5.0,,12.95
Hyundai Santro,Mumbai,2008.0,65000.0,Petrol,Manual,Second,0.0 kmpl,1086 CC,62 bhp,Others,5.0,4.0,,1.39
Maruti Baleno,Pune,2016.0,14930.0,Petrol,Manual,First,21.4 kmpl,1197 CC,83.1 bhp,Black/Silver,5.0,4.0,,5.85
Honda City,Kolkata,2013.0,39000.0,Petrol,Automatic,First,15.6 kmpl,1497 CC,116.3 bhp,White,5.0,4.0,,4.55
Skoda Octavia,Hyderabad,2015.0,122086.0,Diesel,Automatic,First,19.3 kmpl,1968 CC,141 bhp,White,5.0,4.0,,12.99
Mahindra XUV500,Kolkata,2017.0,14600.0,Diesel,Manual,First,16.0 kmpl,2179 CC,140 bhp,Others,7.0,5.0,,14.5
Honda Civic,Delhi,2012.0,88578.0,Petrol,Manual,First,13.5 kmpl,1799 CC,130 bhp,White,5.0,4.0,,3.95
Hyundai Creta,Mumbai,2017.0,27000.0,Diesel,Manual,First,19.67 kmpl,1582 CC,126.2 bhp,Others,5.0,4.0,,12.9
Volkswagen Vento,Kochi,2014.0,52400.0,Diesel,Manual,First,20.54 kmpl,1598 CC,103.6 bhp,Others,5.0,4.0,,5.36
Hyundai i20,Mumbai,2016.0,6000.0,Petrol,Manual,First,18.6 kmpl,1197 CC,81.83 bhp,White,5.0,4.0,,5.95
Hyundai Grand,Coimbatore,2016.0,44178.0,Petrol,Manual,First,18.9 kmpl,1197 CC,82 bhp,White,5.0,4.0,,5.88
Renault Duster,Pune,2014.0,30000.0,Diesel,Manual,First,20.45 kmpl,1461 CC,83.8 bhp,White,5.0,4.0,,8.0
Maruti Ciaz,Delhi,2017.0,26322.0,Diesel,Manual,First,28.09 kmpl,1248 CC,88.5 bhp,Others,5.0,4.0,,8.9
Hyundai Santro,Hyderabad,2005.0,87591.0,Petrol,Manual,First,0.0 kmpl,1086 CC,null bhp,White,5.0,4.0,,1.3
Hyundai Creta,Hyderabad,2016.0,41713.0,Diesel,Manual,First,19.67 kmpl,1582 CC,126.2 bhp,White,5.0,4.0,,12.5
Maruti Alto,Hyderabad,2015.0,96000.0,Petrol,Manual,First,22.74 kmpl,796 CC,47.3 bhp,White,5.0,4.0,,2.5
Mahindra XUV500,Coimbatore,2018.0,24500.0,Diesel,Automatic,First,16.0 kmpl,2179 CC,140 bhp,Black/Silver,7.0,5.0,,16.52
Maruti Alto,Jaipur,2013.0,86000.0,Petrol,Manual,First,22.74 kmpl,796 CC,47.3 bhp,Black/Silver,5.0,4.0,,2.41
Renault KWID,Kochi,2017.0,53105.0,Petrol,Automatic,First,22.5 kmpl,999 CC,67 bhp,Others,5.0,4.0,4.93 Lakh,4.41
Maruti Swift,Bangalore,2014.0,25789.0,Diesel,Manual,Second,23.4 kmpl,1248 CC,74 bhp,Others,5.0,4.0,,6.85
Mahindra XUV500,Kolkata,2014.0,62000.0,Diesel,Manual,First,15.1 kmpl,2179 CC,140 bhp,Others,7.0,5.0,,7.25
Hyundai i10,Mumbai,2010.0,62000.0,Petrol,Manual,First,20.36 kmpl,1197 CC,78.9 bhp,Black/Silver,5.0,4.0,,2.1
Maruti S,Delhi,2015.0,16607.0,Diesel,Manual,First,22.7 kmpl,1598 CC,118 bhp,Black/Silver,5.0,4.0,,7.65
Hyundai i20,Pune,2012.0,64000.0,Diesel,Manual,First,21.9 kmpl,1396 CC,90 bhp,Others,5.0,4.0,,4.25
Hyundai Verna,Kochi,2012.0,58646.0,Diesel,Manual,First,22.32 kmpl,1582 CC,126.32 bhp,Black/Silver,5.0,4.0,,4.74
Maruti Ritz,Jaipur,2011.0,91000.0,Diesel,Manual,First,23.2 kmpl,1248 CC,73.94 bhp,Others,5.0,4.0,,3.0
Mercedes-Benz New,Coimbatore,2017.0,32324.0,Diesel,Automatic,First,14.84 kmpl,2143 CC,170 bhp,White,5.0,4.0,,30.5
Hyundai Santro,Mumbai,2007.0,72000.0,Petrol,Manual,Third,17.0 kmpl,1086 CC,null bhp,White,5.0,4.0,,0.95
Mercedes-Benz M-Class,Bangalore,2015.0,20000.0,Diesel,Automatic,First,0.0 kmpl,2987 CC,165 bhp,Black/Silver,5.0,4.0,,47.35
Honda City,Ahmedabad,2012.0,34000.0,Petrol,Manual,First,17.4 kmpl,1497 CC,117.3 bhp,White,5.0,4.0,12.68 Lakh,5.75
Hyundai i20,Kochi,2013.0,67914.0,Diesel,Manual,First,23.0 kmpl,1396 CC,90 bhp,Black/Silver,5.0,4.0,,3.45
Maruti 800,Hyderabad,2011.0,83969.0,Petrol,Manual,First,16.1 kmpl,796 CC,37 bhp,Others,4.0,4.0,,1.3
Maruti Celerio,Kolkata,2015.0,33517.0,Diesel,Manual,First,27.62 kmpl,793 CC,47 bhp,Others,5.0,4.0,,3.1
Hyundai Grand,Delhi,2014.0,42000.0,Diesel,Manual,First,24.0 kmpl,1120 CC,70 bhp,Black/Silver,5.0,4.0,,3.5
Volkswagen Ameo,Mumbai,2016.0,16650.0,Petrol,Manual,First,17.0 kmpl,1198 CC,74 bhp,Black/Silver,5.0,4.0,,5.5
Maruti Baleno,Coimbatore,2018.0,12831.0,Petrol,Automatic,First,21.4 kmpl,1197 CC,83.1 bhp,Black/Silver,5.0,4.0,,9.89
Volvo S60,Chennai,2012.0,20000.0,Diesel,Automatic,First,18.5 kmpl,1985 CC,163 bhp,Others,5.0,4.0,,12.0
Hyundai EON,Kochi,2018.0,13102.0,Petrol,Manual,First,21.1 kmpl,814 CC,55.2 bhp,White,5.0,4.0,,4.06
Honda Accord,Mumbai,2011.0,87000.0,Petrol,Automatic,First,11.7 kmpl,2354 CC,177.6 bhp,Others,5.0,4.0,,5.4
Ford Ikon,Jaipur,2010.0,135000.0,Diesel,Manual,First,13.8 kmpl,1399 CC,68 bhp,White,5.0,4.0,,1.6
Honda City,Delhi,2011.0,90000.0,Petrol,Manual,Second,17.0 kmpl,1497 CC,118 bhp,White,5.0,4.0,,3.4
Mercedes-Benz E-Class,Kochi,2015.0,41057.0,Diesel,Automatic,First,13.0 kmpl,2143 CC,201.1 bhp,White,5.0,4.0,,24.63
Maruti Ciaz,Ahmedabad,2015.0,52000.0,Diesel,Manual,First,28.09 kmpl,1248 CC,88.5 bhp,Others,5.0,4.0,,6.9
Ford EcoSport,Kolkata,2016.0,21460.0,Petrol,Manual,First,17.0 kmpl,1497 CC,121.36 bhp,Others,5.0,4.0,9.47 Lakh,6.0
Hyundai i10,Kochi,2016.0,34952.0,Petrol,Manual,First,19.81 kmpl,1086 CC,68.05 bhp,White,5.0,4.0,,4.01
Honda Accord,Chennai,2006.0,120000.0,Petrol,Automatic,Second,9.0 kmpl,2997 CC,218 bhp,Black/Silver,5.0,4.0,,2.65
Skoda Laura,Bangalore,2009.0,74000.0,Diesel,Automatic,Second,17.0 kmpl,1896 CC,105 bhp,Others,5.0,4.0,,7.75
Mahindra KUV,Hyderabad,2016.0,24025.0,Petrol,Manual,First,18.15 kmpl,1198 CC,82 bhp,Black/Silver,6.0,4.0,,4.1
Hyundai Elantra,Kolkata,2013.0,42000.0,Diesel,Manual,First,22.7 kmpl,1582 CC,126.24 bhp,Black/Silver,5.0,4.0,,5.85
Maruti Swift,Jaipur,2012.0,95100.0,Diesel,Manual,First,22.9 kmpl,1248 CC,74 bhp,White,5.0,4.0,,3.75
BMW 3,Hyderabad,2013.0,58000.0,Diesel,Automatic,First,13.2 kmpl,1995 CC,170 bhp,Others,5.0,4.0,,19.5
Ford EcoSport,Mumbai,2015.0,23000.0,Petrol,Automatic,First,15.63 kmpl,1499 CC,110.4 bhp,White,5.0,4.0,,6.8
Honda Brio,Mumbai,2014.0,22100.0,Petrol,Manual,First,19.4 kmpl,1198 CC,86.8 bhp,Black/Silver,5.0,4.0,,3.55
Hyundai Santro,Hyderabad,2010.0,58163.0,Petrol,Manual,First,0.0 kmpl,1086 CC,62 bhp,Black/Silver,5.0,4.0,,2.45
Maruti Ertiga,Delhi,2014.0,22281.0,Diesel,Manual,First,20.77 kmpl,1248 CC,88.8 bhp,Black/Silver,7.0,5.0,,6.5
Mahindra XUV500,Mumbai,2016.0,120000.0,Diesel,Manual,First,15.1 kmpl,2179 CC,140 bhp,Others,7.0,5.0,,12.0
Honda Amaze,Pune,2014.0,52000.0,Diesel,Manual,Second,25.8 kmpl,1498 CC,98.6 bhp,Others,5.0,4.0,,4.1
Honda CR-V,Hyderabad,2014.0,88046.0,Petrol,Automatic,First,10.1 kmpl,2354 CC,152 bhp,White,5.0,4.0,,13.99
Mahindra XUV500,Pune,2015.0,87900.0,Diesel,Manual,First,16.0 kmpl,2179 CC,140 bhp,White,7.0,5.0,,12.01
Volkswagen Vento,Pune,2016.0,55001.0,Petrol,Automatic,Second,16.93 kmpl,1197 CC,103.2 bhp,White,5.0,4.0,,8.5
Hyundai i10,Kochi,2015.0,16900.0,Petrol,Manual,First,20.36 kmpl,1197 CC,78.9 bhp,Others,5.0,4.0,,3.87
Honda Accord,Chennai,2010.0,80000.0,Petrol,Manual,First,10.2 kmpl,2354 CC,180 bhp,White,5.0,4.0,,3.99
Honda City,Mumbai,2012.0,51920.0,Petrol,Manual,First,16.8 kmpl,1497 CC,,White,5.0,4.0,,4.25
Maruti Ertiga,Mumbai,2012.0,25000.0,Petrol,Manual,Second,17.5 kmpl,1373 CC,91.1 bhp,White,7.0,5.0,,5.15
Hyundai Verna,Kolkata,2014.0,32000.0,Diesel,Manual,First,22.32 kmpl,1582 CC,126.3 bhp,White,5.0,4.0,,4.3
Mahindra Thar,Mumbai,2018.0,2500.0,Diesel,Manual,First,18.06 kmpl,2523 CC,63 bhp,Black/Silver,7.0,5.0,,8.25
Hyundai Creta,Kochi,2017.0,40459.0,Diesel,Manual,First,19.67 kmpl,1582 CC,126.2 bhp,Black/Silver,5.0,4.0,,13.28
Maruti Swift,Pune,2012.0,120000.0,Diesel,Manual,First,22.9 kmpl,1248 CC,74 bhp,White,5.0,4.0,,3.75
Tata New,Hyderabad,2007.0,103000.0,Diesel,Manual,First,13.93 kmpl,2179 CC,138 bhp,Others,7.0,5.0,,3.6
Mahindra NuvoSport,Coimbatore,2018.0,37323.0,Diesel,Manual,Second,17.45 kmpl,1493 CC,100 bhp,Black/Silver,7.0,5.0,10.52 Lakh,7.29
Maruti Swift,Hyderabad,2016.0,30000.0,Diesel,Manual,First,26.59 kmpl,1248 CC,74 bhp,Others,5.0,4.0,,6.0
Toyota Fortuner,Delhi,2010.0,76000.0,Diesel,Manual,First,11.5 kmpl,2982 CC,171 bhp,Others,7.0,5.0,,9.25
Hyundai Grand,Kolkata,2014.0,44300.0,Petrol,Manual,Second,18.9 kmpl,1197 CC,82 bhp,Black/Silver,5.0,4.0,,2.3
Audi A4,Coimbatore,2015.0,48214.0,Diesel,Automatic,First,17.11 kmpl,1968 CC,174.33 bhp,White,5.0,4.0,,23.32
Mercedes-Benz GLA,Pune,2017.0,35000.0,Diesel,Automatic,First,17.9 kmpl,2143 CC,136 bhp,Black/Silver,5.0,4.0,41.94 Lakh,23.5
Hyundai Grand,Jaipur,2015.0,53000.0,Petrol,Manual,Second,18.9 kmpl,1197 CC,82 bhp,Others,5.0,4.0,,4.0
Volkswagen Ameo,Kochi,2017.0,14576.0,Petrol,Manual,First,17.0 kmpl,1198 CC,73.75 bhp,Black/Silver,5.0,4.0,8.38 Lakh,6.69
Maruti Ritz,Hyderabad,2011.0,79000.0,Diesel,Manual,First,23.2 kmpl,1248 CC,73.94 bhp,White,5.0,4.0,,3.65
Honda Amaze,Kolkata,2013.0,46992.0,Diesel,Manual,First,25.8 kmpl,1498 CC,98.6 bhp,Others,5.0,4.0,,3.75
Chevrolet Spark,Kolkata,2012.0,11000.0,Petrol,Manual,First,16.2 kmpl,995 CC,62.1 bhp,Black/Silver,5.0,4.0,,1.4
Skoda Superb,Mumbai,2012.0,95000.0,Petrol,Automatic,First,13.7 kmpl,1798 CC,157.75 bhp,Black/Silver,5.0,4.0,,10.0
Renault Duster,Coimbatore,2015.0,76427.0,Diesel,Manual,First,19.01 kmpl,1461 CC,108.45 bhp,White,5.0,4.0,,8.58
Honda Amaze,Kolkata,2013.0,32576.0,Petrol,Manual,First,19.5 kmpl,1199 CC,88.76 bhp,White,5.0,4.0,7.36 Lakh,3.15
Hyundai Xcent,Delhi,2014.0,52000.0,Petrol,Manual,First,19.1 kmpl,1197 CC,81.86 bhp,Others,5.0,4.0,,3.75
Maruti Swift,Chennai,2016.0,49000.0,Diesel,Manual,First,25.2 kmpl,1248 CC,74 bhp,Black/Silver,5.0,4.0,,5.9
Mercedes-Benz CLA,Kochi,2019.0,20483.0,Diesel,Automatic,First,17.9 kmpl,2143 CC,136 bhp,Black/Silver,5.0,4.0,,30.3
Honda CR-V,Mumbai,2014.0,24000.0,Petrol,Manual,First,13.7 kmpl,1997 CC,153.86 bhp,Others,5.0,4.0,,11.51
Skoda Fabia,Pune,2011.0,47490.0,Petrol,Manual,First,17.5 kmpl,1198 CC,75 bhp,Black/Silver,5.0,4.0,,2.29
Hyundai Verna,Mumbai,2018.0,8000.0,Petrol,Automatic,First,17.0 kmpl,1591 CC,121.3 bhp,Others,5.0,4.0,15.14 Lakh,12.85
Volkswagen Vento,Hyderabad,2014.0,75000.0,Diesel,Automatic,First,21.21 kmpl,1498 CC,103.2 bhp,Others,5.0,4.0,,7.5
Volkswagen Ameo,Coimbatore,2018.0,35569.0,Petrol,Manual,First,17.0 kmpl,1198 CC,73.75 bhp,Black/Silver,5.0,4.0,8.68 Lakh,7.27
BMW 5,Mumbai,2010.0,74000.0,Petrol,Automatic,First,10.8 kmpl,2497 CC,150 bhp,Others,5.0,4.0,,12.95
Hyundai EON,Jaipur,2015.0,38000.0,Petrol,Manual,First,21.1 kmpl,814 CC,55.2 bhp,Others,5.0,4.0,,2.75
Mitsubishi Pajero,Kolkata,2014.0,39163.0,Diesel,Manual,First,13.5 kmpl,2477 CC,178 bhp,Others,7.0,5.0,,14.7
Honda City,Hyderabad,2008.0,73095.0,Petrol,Automatic,First,16.8 kmpl,1497 CC,118 bhp,Black/Silver,5.0,4.0,,3.8
Tata Indica,Pune,2007.0,137000.0,Petrol,Manual,Second,15.3 kmpl,1193 CC,65.3 bhp,White,5.0,4.0,,0.95
Hyundai Creta,Coimbatore,2016.0,37023.0,Diesel,Manual,First,19.67 kmpl,1582 CC,126.2 bhp,Black/Silver,5.0,4.0,,13.39
Toyota Innova,Mumbai,2013.0,47234.0,Diesel,Manual,First,12.99 kmpl,2494 CC,100.6 bhp,Others,8.0,5.0,,9.35
Maruti Ciaz,Kochi,2018.0,10575.0,Petrol,Manual,First,21.56 kmpl,1462 CC,103.25 bhp,Others,5.0,4.0,11.11 Lakh,9.18
Hyundai i10,Coimbatore,2015.0,41008.0,Petrol,Manual,Second,20.36 kmpl,1197 CC,78.9 bhp,Black/Silver,5.0,4.0,,4.87
Hyundai i10,Chennai,2011.0,70816.0,Petrol,Automatic,First,16.95 kmpl,1197 CC,78.9 bhp,Black/Silver,5.0,4.0,,3.1
Maruti Celerio,Bangalore,2015.0,67600.0,Petrol,,,23.1 kmpl,998 CC,67.04 bhp,Black/Silver,5.0,4.0,,4.0
Hyundai Verna,Delhi,2013.0,52000.0,Petrol,Manual,First,17.1 kmpl,1591 CC,121.3 bhp,Black/Silver,5.0,4.0,,5.25
Renault Duster,Pune,2013.0,20000.0,Petrol,Manual,First,13.24 kmpl,1598 CC,102.57 bhp,White,5.0,4.0,,6.0
Maruti Omni,Mumbai,2011.0,39000.0,Petrol,Manual,First,14.0 kmpl,796 CC,35 bhp,White,5.0,4.0,,1.5
Hyundai Grand,Mumbai,2017.0,13000.0,Petrol,Manual,First,18.9 kmpl,1197 CC,82 bhp,Black/Silver,5.0,4.0,,5.15
Honda Amaze,Delhi,2013.0,75348.0,Diesel,Manual,First,25.8 kmpl,1498 CC,98.6 bhp,White,5.0,4.0,,3.75
Jeep Compass,Kochi,2018.0,26101.0,Diesel,Manual,First,17.1 kmpl,1956 CC,170 bhp,Black/Silver,5.0,4.0,21.38 Lakh,17.55
Maruti Zen,Hyderabad,2010.0,39300.0,Petrol,Manual,First,18.2 kmpl,998 CC,67.1 bhp,White,5.0,4.0,,2.25
Mercedes-Benz New,Jaipur,2013.0,35299.0,Diesel,Automatic,First,14.84 kmpl,2143 CC,170 bhp,Black/Silver,5.0,4.0,,19.0
Audi A6,Hyderabad,2014.0,48000.0,Diesel,Automatic,First,18.53 kmpl,1968 CC,187.74 bhp,Black/Silver,5.0,4.0,,29.0
Nissan Terrano,Hyderabad,2013.0,85000.0,Diesel,Manual,First,19.01 kmpl,1461 CC,108.5 bhp,Others,5.0,4.0,,8.5
Volkswagen Jetta,Chennai,2012.0,55000.0,Diesel,Manual,First,15.0 kmpl,1896 CC,105 bhp,Black/Silver,5.0,4.0,,9.5
Maruti Ertiga,Delhi,2014.0,52000.0,Diesel,Manual,First,20.77 kmpl,1248 CC,88.8 bhp,White,7.0,5.0,,5.95
Toyota Etios,Coimbatore,2015.0,49894.0,Diesel,Manual,First,23.59 kmpl,1364 CC,67.06 bhp,White,5.0,4.0,,5.27
Maruti Swift,Mumbai,2008.0,91000.0,Diesel,Manual,Second,19.3 kmpl,1248 CC,73.9 bhp,Others,5.0,4.0,,2.85
Audi Q3,Kochi,2017.0,37542.0,Diesel,Automatic,First,15.73 kmpl,1968 CC,174.33 bhp,White,5.0,4.0,,25.71
BMW 1,Pune,2015.0,46001.0,Diesel,Automatic,First,20.58 kmpl,1995 CC,143 bhp,White,5.0,4.0,,16.0
Honda Amaze,Delhi,2013.0,45000.0,Diesel,Manual,Second,25.8 kmpl,1498 CC,98.6 bhp,Others,5.0,4.0,,3.3
Ford Fiesta,Chennai,2006.0,216000.0,Diesel,Manual,Second,17.8 kmpl,1399 CC,68 bhp,White,5.0,4.0,,1.45
Land Rover Range,Hyderabad,2016.0,52000.0,Diesel,Automatic,First,15.68 kmpl,1999 CC,177 bhp,White,5.0,4.0,74.49 Lakh,42.0
Volkswagen Vento,Mumbai,2013.0,21000.0,Petrol,Automatic,Second,14.4 kmpl,1598 CC,103.6 bhp,White,5.0,4.0,,4.45
Skoda Octavia,Mumbai,2013.0,21000.0,Petrol,Manual,First,16.8 kmpl,1395 CC,138.02 bhp,Others,5.0,4.0,,8.75
Maruti Swift,Pune,2010.0,49900.0,Petrol,Manual,Second,17.5 kmpl,1298 CC,85.8 bhp,White,5.0,4.0,,3.3
Hyundai Grand,Mumbai,2013.0,71904.0,Diesel,Manual,First,24.0 kmpl,1120 CC,70 bhp,White,5.0,4.0,,4.61
Honda City,Kochi,2014.0,60952.0,Petrol,Automatic,First,16.8 kmpl,1497 CC,118 bhp,White,5.0,4.0,,5.91
Hyundai Grand,Hyderabad,2014.0,79000.0,Diesel,Manual,First,24.0 kmpl,1120 CC,70 bhp,Black/Silver,5.0,4.0,,4.15
Hyundai i20,Chennai,2009.0,47000.0,Diesel,Manual,First,21.9 kmpl,1396 CC,90 bhp,White,5.0,4.0,,2.8
Hyundai i10,Coimbatore,2011.0,32824.0,Petrol,Automatic,First,16.95 kmpl,1197 CC,78.9 bhp,White,5.0,4.0,,3.83
Maruti Swift,Delhi,2013.0,65650.0,Diesel,Manual,First,28.4 kmpl,1248 CC,74 bhp,Others,5.0,4.0,,3.85
Mercedes-Benz GLC,Coimbatore,2017.0,50794.0,Diesel,Automatic,First,17.9 kmpl,2143 CC,170 bhp,Others,5.0,4.0,,43.3
Toyota Innova,Ahmedabad,2013.0,94000.0,Diesel,Manual,First,12.8 kmpl,2494 CC,102 bhp,Others,8.0,5.0,,8.85
Hyundai Xcent,Jaipur,2014.0,65000.0,Diesel,Manual,First,24.4 kmpl,1120 CC,71 bhp,Black/Silver,5.0,4.0,,6.0
Renault Duster,Jaipur,2014.0,75000.0,Diesel,Manual,First,20.46 kmpl,1461 CC,83.8 bhp,White,5.0,4.0,,7.5
Mahindra XUV500,Delhi,2012.0,72450.0,Diesel,Manual,First,15.1 kmpl,2179 CC,140 bhp,White,7.0,5.0,,8.1
Renault KWID,Kochi,2017.0,24214.0,Petrol,Manual,Second,25.17 kmpl,799 CC,53.3 bhp,White,5.0,4.0,3.95 Lakh,3.46
Hyundai Santro,Pune,2007.0,72000.0,Petrol,Manual,Second,17.0 kmpl,1086 CC,null bhp,White,5.0,4.0,,1.11
Mercedes-Benz New,Chennai,2014.0,45000.0,Diesel,Manual,First,15.8 kmpl,2148 CC,170 bhp,Black/Silver,5.0,4.0,,23.0
Tata Indigo,Kolkata,2015.0,103000.0,Petrol,Manual,First,15.64 kmpl,1193 CC,64.08 bhp,White,5.0,4.0,,3.0
Honda Brio,Kolkata,2013.0,33280.0,Petrol,Manual,First,19.4 kmpl,1198 CC,86.8 bhp,Others,5.0,4.0,,2.39
Honda City,Kochi,2018.0,11966.0,Petrol,Manual,First,16.8 kmpl,1497 CC,116.3 bhp,Black/Silver,5.0,4.0,,10.28
Ford Fiesta,Pune,2008.0,74000.0,Petrol,Manual,Second,16.6 kmpl,1388 CC,68 bhp,Black/Silver,5.0,4.0,,1.6
Hyundai Creta,Delhi,2016.0,69000.0,Petrol,Manual,First,15.8 kmpl,1591 CC,121.3 bhp,Others,5.0,4.0,14.23 Lakh,9.7
Skoda Laura,Hyderabad,2008.0,113000.0,Diesel,Manual,First,17.5 kmpl,1896 CC,106 bhp,White,5.0,4.0,,4.5
Maruti Swift,Kolkata,2014.0,57000.0,Diesel,Manual,First,26.59 kmpl,1248 CC,74 bhp,Black/Silver,5.0,4.0,,3.89
Nissan Terrano,Kochi,2015.0,56066.0,Diesel,Manual,First,19.64 kmpl,1461 CC,108.5 bhp,White,5.0,4.0,16.65 Lakh,6.92
Tata Zest,Bangalore,2017.0,27768.0,Diesel,Manual,First,20.65 kmpl,1248 CC,88.7 bhp,Others,5.0,4.0,10.06 Lakh,5.85
Hyundai i10,Bangalore,2009.0,60510.0,Petrol,Automatic,Second,16.95 kmpl,1197 CC,78.9 bhp,Others,5.0,4.0,,3.1
Volkswagen Polo,Mumbai,2014.0,57000.0,Petrol,Manual,First,16.47 kmpl,1198 CC,74 bhp,Black/Silver,5.0,4.0,,3.95
Maruti A-Star,Pune,2009.0,85000.0,Petrol,Manual,Third,19.0 kmpl,998 CC,66.1 bhp,White,5.0,4.0,,1.8
Datsun GO,Kolkata,2016.0,12800.0,Petrol,Manual,First,19.44 kmpl,1198 CC,67 bhp,White,7.0,5.0,,3.25
Audi A4,Bangalore,2014.0,30000.0,Diesel,Automatic,First,14.94 kmpl,2967 CC,241.4 bhp,White,5.0,4.0,,24.5
Mercedes-Benz New,Kolkata,2009.0,28352.0,Petrol,Automatic,First,11.7 kmpl,1796 CC,178 bhp,White,5.0,4.0,,9.35
Hyundai Accent,Mumbai,2005.0,150000.0,Diesel,Manual,First,13.1 kmpl,1493 CC,82 bhp,White,5.0,4.0,,0.85
Maruti Ciaz,Mumbai,2017.0,19416.0,Petrol,Manual,First,21.56 kmpl,1462 CC,103.25 bhp,Black/Silver,5.0,4.0,11.56 Lakh,8.25
Chevrolet Beat,Jaipur,2013.0,98598.0,Diesel,Manual,First,25.44 kmpl,936 CC,57.6 bhp,Others,5.0,4.0,,1.55
Mahindra Bolero,Chennai,2012.0,35000.0,Diesel,Manual,First,13.6 kmpl,2523 CC,null bhp,Others,7.0,5.0,,7.0
Maruti Alto,Jaipur,2010.0,73513.0,Petrol,Manual,First,19.7 kmpl,796 CC,46.3 bhp,White,5.0,4.0,,1.85
Honda City,Kochi,2016.0,60475.0,Petrol,Automatic,First,18.0 kmpl,1497 CC,117.3 bhp,White,5.0,4.0,,9.1
Maruti Swift,Pune,2014.0,75216.0,Diesel,Manual,First,22.9 kmpl,1248 CC,74 bhp,White,5.0,4.0,,5.1
Maruti Celerio,Kochi,2015.0,60586.0,Petrol,Manual,First,23.1 kmpl,998 CC,67.04 bhp,Black/Silver,5.0,4.0,,4.11
Honda City,Kolkata,2015.0,32000.0,Petrol,Manual,First,17.0 kmpl,1497 CC,118 bhp,White,5.0,4.0,,5.5
Toyota Innova,Hyderabad,2015.0,64771.0,Diesel,Manual,First,12.8 kmpl,2494 CC,102 bhp,Black/Silver,8.0,5.0,,15.5
Jaguar XF,Kolkata,2014.0,18000.0,Diesel,Automatic,First,16.36 kmpl,2179 CC,187.7 bhp,White,5.0,4.0,,25.7
Skoda Superb,Kochi,2016.0,56674.0,Petrol,Automatic,First,13.7 kmpl,1798 CC,157.75 bhp,Others,5.0,4.0,,14.05
Honda City,Pune,2013.0,46000.0,Petrol,Manual,First,17.0 kmpl,1497 CC,118 bhp,Black/Silver,5.0,4.0,,5.1
Honda Civic,Mumbai,2010.0,86000.0,Petrol,Manual,First,14.8 kmpl,1799 CC,130.2 bhp,Others,5.0,4.0,,2.9
Maruti Swift,Jaipur,2011.0,120000.0,Diesel,Manual,Second,22.9 kmpl,1248 CC,74 bhp,Others,5.0,4.0,,3.2
Nissan Sunny,Hyderabad,2012.0,117777.0,Diesel,Manual,First,21.64 kmpl,1461 CC,84.8 bhp,Black/Silver,5.0,4.0,,4.75
Maruti Alto,Hyderabad,2011.0,76976.0,Petrol,Manual,Second,19.7 kmpl,796 CC,46.3 bhp,White,5.0,4.0,,2.15
Hyundai EON,Hyderabad,2012.0,60500.0,Petrol,Manual,First,21.1 kmpl,814 CC,55.2 bhp,Others,5.0,4.0,,2.6
Maruti Swift,Hyderabad,2018.0,5456.0,Diesel,Manual,First,28.4 kmpl,1248 CC,74 bhp,White,5.0,4.0,,8.65
Toyota Innova,Mumbai,2015.0,102000.0,Diesel,Manual,First,12.99 kmpl,2494 CC,100.6 bhp,Others,7.0,4.0,,8.25
Hyundai Verna,Pune,2017.0,50000.0,Diesel,Manual,First,22.0 kmpl,1582 CC,126.2 bhp,White,5.0,4.0,15.72 Lakh,11.5
Maruti Swift,Mumbai,2016.0,9107.0,Petrol,Manual,First,20.4 kmpl,1197 CC,81.80 bhp,Black/Silver,5.0,4.0,,5.15
Hyundai i20,Delhi,2015.0,44000.0,Diesel,Manual,First,22.54 kmpl,1396 CC,88.73 bhp,Black/Silver,5.0,4.0,,5.35
Skoda Yeti,Pune,2011.0,97000.0,Diesel,Manual,First,17.67 kmpl,1968 CC,138.08 bhp,Others,5.0,4.0,,6.0
Mahindra Bolero,Jaipur,2016.0,65000.0,Diesel,Manual,First,15.96 kmpl,2523 CC,62.1 bhp,White,7.0,5.0,11.15 Lakh,7.21
Maruti SX4,Mumbai,2010.0,47500.0,Petrol,Manual,First,15.5 kmpl,1586 CC,103.3 bhp,Black/Silver,5.0,4.0,,2.45
Mitsubishi Pajero,Hyderabad,2007.0,78000.0,Diesel,Manual,Second,10.5 kmpl,2835 CC,107.2 bhp,Black/Silver,6.0,5.0,,6.2
Honda Amaze,Jaipur,2016.0,6714.0,Petrol,Manual,First,18.0 kmpl,1198 CC,86.7 bhp,White,5.0,4.0,,4.75
Skoda Superb,Mumbai,2016.0,14500.0,Petrol,Automatic,First,14.67 kmpl,1798 CC,177.46 bhp,Black/Silver,5.0,4.0,33.36 Lakh,20.75
Hyundai EON,Kolkata,2016.0,11583.0,Petrol,Manual,First,21.1 kmpl,814 CC,55.2 bhp,White,5.0,4.0,,2.75
Toyota Corolla,Delhi,2010.0,109703.0,Petrol,Automatic,Second,14.28 kmpl,1798 CC,138.03 bhp,White,5.0,4.0,20.46 Lakh,4.0
Mini Cooper,Hyderabad,2013.0,51000.0,Diesel,Automatic,First,23.8 kmpl,1998 CC,112 bhp,Others,5.0,4.0,,21.94
Land Rover Range,Bangalore,2012.0,66538.0,Diesel,Automatic,First,10.2 kmpl,4367 CC,308 bhp,Black/Silver,7.0,5.0,,70.0
BMW 6,Mumbai,2013.0,30000.0,Diesel,Automatic,First,9.52 kmpl,2993 CC,313 bhp,Others,4.0,4.0,,45.0
Chevrolet Beat,Pune,2011.0,48000.0,Petrol,Manual,Second,18.6 kmpl,1199 CC,79.4 bhp,Black/Silver,5.0,4.0,,1.8
Maruti Zen,Hyderabad,2005.0,84060.0,Petrol,Manual,Second,17.3 kmpl,993 CC,60 bhp,Black/Silver,5.0,4.0,,1.25
Toyota Fortuner,Mumbai,2015.0,31000.0,Diesel,Manual,First,13.0 kmpl,2982 CC,168.5 bhp,Black/Silver,7.0,5.0,,19.85
Hyundai Grand,Mumbai,2016.0,10770.0,Petrol,Manual,First,18.9 kmpl,1197 CC,82 bhp,Black/Silver,5.0,4.0,,4.75
Maruti Ritz,Coimbatore,2016.0,30232.0,Petrol,Manual,First,21.1 kmpl,1197 CC,85.80 bhp,White,5.0,4.0,,5.81
Honda City,Coimbatore,2017.0,27279.0,Petrol,Manual,First,17.4 kmpl,1497 CC,117.3 bhp,Others,5.0,4.0,,9.47
Hyundai Creta,Kochi,2017.0,37024.0,Diesel,Automatic,First,17.01 kmpl,1582 CC,126.2 bhp,Black/Silver,5.0,4.0,,10.97
Maruti Wagon,Mumbai,2007.0,50000.0,Petrol,Manual,Second,17.3 kmpl,1061 CC,64 bhp,Others,5.0,4.0,,1.1
Maruti Eeco,Delhi,2013.0,52000.0,CNG,Manual,Second,15.1 km/kg,1196 CC,73 bhp,Black/Silver,5.0,4.0,,2.6
Hyundai Creta,Mumbai,2016.0,29477.0,Petrol,Manual,First,15.8 kmpl,1591 CC,121.3 bhp,Black/Silver,5.0,4.0,16.36 Lakh,10.25
Hyundai i10,Delhi,2013.0,63265.0,Petrol,Manual,First,20.36 kmpl,1197 CC,78.9 bhp,White,5.0,4.0,,2.95
Mahindra Scorpio,Kochi,2018.0,27395.0,Diesel,Manual,First,15.4 kmpl,2179 CC,120 bhp,White,7.0,5.0,,14.19
Maruti Swift,Chennai,2018.0,11000.0,Diesel,Manual,First,28.4 kmpl,1248 CC,74 bhp,Others,5.0,4.0,,8.0
Volkswagen Passat,Kolkata,2012.0,72000.0,Diesel,Automatic,First,18.33 kmpl,1968 CC,167.7 bhp,Others,5.0,4.0,,6.0
Hyundai Grand,Delhi,2018.0,10000.0,Petrol,Manual,First,18.9 kmpl,1197 CC,81.86 bhp,Others,5.0,4.0,7.54 Lakh,6.5
Maruti Wagon,Mumbai,2015.0,26000.0,Petrol,Automatic,First,21.5 kmpl,1197 CC,81.80 bhp,Others,5.0,4.0,6.43 Lakh,3.65
Nissan Micra,Delhi,2015.0,28500.0,Petrol,Manual,First,19.49 kmpl,1198 CC,67.04 bhp,Others,5.0,4.0,,3.5
Mercedes-Benz New,Chennai,2015.0,26000.0,Diesel,Manual,First,15.8 kmpl,2148 CC,170 bhp,Black/Silver,5.0,4.0,,26.0
Land Rover Freelander,Bangalore,2010.0,125000.0,Diesel,Automatic,Second,0.0 kmpl,2179 CC,115 bhp,Others,5.0,4.0,,11.0
Toyota Innova,Delhi,2012.0,78600.0,Diesel,Manual,First,12.8 kmpl,2494 CC,102 bhp,Others,7.0,4.0,,8.9
Tata Manza,Jaipur,2012.0,79000.0,Diesel,Manual,First,21.12 kmpl,1248 CC,88.8 bhp,Black/Silver,5.0,4.0,,2.59
Honda City,Mumbai,2014.0,58000.0,Petrol,Manual,First,17.0 kmpl,1497 CC,118 bhp,White,5.0,4.0,,5.47
Ford EcoSport,Bangalore,2013.0,62084.0,Diesel,Manual,First,22.77 kmpl,1498 CC,98.59 bhp,Black/Silver,5.0,4.0,,6.6
Maruti Alto,Hyderabad,2007.0,52195.0,Petrol,Manual,First,19.7 kmpl,796 CC,46.3 bhp,Others,5.0,4.0,,1.75
Ford Ecosport,Kochi,2015.0,65925.0,Diesel,Manual,Second,22.7 kmpl,1498 CC,89.84 bhp,Black/Silver,5.0,4.0,,5.49
Honda City,Kochi,2016.0,58197.0,Petrol,Automatic,First,18.0 kmpl,1497 CC,117.3 bhp,Black/Silver,5.0,4.0,,9.19
Hyundai i10,Hyderabad,2011.0,84912.0,Petrol,Manual,First,20.36 kmpl,1197 CC,78.9 bhp,White,5.0,4.0,,3.5
Mahindra Xylo,Mumbai,2011.0,130000.0,Diesel,Manual,First,14.0 kmpl,2498 CC,112 bhp,Others,8.0,5.0,,2.75
Chevrolet Beat,Bangalore,2012.0,37000.0,Petrol,Manual,Second,18.6 kmpl,1199 CC,79.4 bhp,Black/Silver,5.0,4.0,,2.35
Toyota Innova,Bangalore,2017.0,64798.0,Diesel,Manual,First,13.68 kmpl,2393 CC,147.8 bhp,Others,7.0,4.0,26.45 Lakh,18.75
Tata Indigo,Pune,2010.0,70500.0,Petrol,Manual,First,15.64 kmpl,1193 CC,64.1 bhp,Others,5.0,4.0,,1.5
Maruti Wagon,Kolkata,2012.0,35503.0,Petrol,Manual,First,18.9 kmpl,998 CC,67.1 bhp,Others,5.0,4.0,,2.3
Porsche Panamera,Kochi,2015.0,54996.0,Diesel,Automatic,First,17.85 kmpl,2967 CC,300 bhp,White,4.0,4.0,,60.95
Maruti Wagon,Kochi,2014.0,52431.0,Petrol,Manual,First,22.5 kmpl,998 CC,67.04 bhp,Others,5.0,4.0,4.59 Lakh,3.01
Skoda Rapid,Mumbai,2015.0,44000.0,Diesel,Manual,First,21.14 kmpl,1498 CC,103.52 bhp,Black/Silver,5.0,4.0,,5.75
Toyota Innova,Hyderabad,2010.0,118000.0,Diesel,Manual,First,12.8 kmpl,2494 CC,102 bhp,Others,8.0,5.0,,8.75
Hyundai i20,Pune,2011.0,79152.0,Petrol,Manual,Second,18.5 kmpl,1197 CC,82.85 bhp,White,5.0,4.0,,3.3
Audi A4,Ahmedabad,2015.0,13000.0,Diesel,Automatic,First,16.55 kmpl,1968 CC,140 bhp,White,5.0,4.0,,23.0
Volkswagen Polo,Hyderabad,2013.0,65000.0,Diesel,Manual,Second,20.14 kmpl,1498 CC,88 bhp,White,5.0,4.0,10.15 Lakh,3.5
Maruti Swift,Coimbatore,2015.0,33195.0,Petrol,Manual,First,19.1 kmpl,1197 CC,85.8 bhp,Black/Silver,5.0,4.0,,6.26
Tata Tigor,Mumbai,2018.0,22345.0,Petrol,Manual,First,20.3 kmpl,1199 CC,84 bhp,Others,5.0,4.0,,4.95
Hyundai Grand,Delhi,2016.0,22129.0,Petrol,Manual,First,18.9 kmpl,1197 CC,82 bhp,Black/Silver,5.0,4.0,,4.25
Audi Q7,Coimbatore,2017.0,97430.0,Diesel,Automatic,First,14.75 kmpl,2967 CC,245 bhp,White,7.0,5.0,1.04 Cr,62.67
Mitsubishi Pajero,Hyderabad,2008.0,85000.0,Diesel,Manual,First,9.5 kmpl,2835 CC,118.6 bhp,Black/Silver,6.0,5.0,,7.99
Skoda Rapid,Kochi,2015.0,66122.0,Diesel,Automatic,First,21.66 kmpl,1498 CC,103.52 bhp,Others,5.0,4.0,,5.96
Chevrolet Optra,Kochi,2012.0,71787.0,Petrol,Manual,First,12.9 kmpl,1598 CC,102.5 bhp,Black/Silver,5.0,4.0,,3.21
Hyundai i20,Jaipur,2012.0,100000.0,Petrol,Manual,First,18.5 kmpl,1197 CC,82.85 bhp,Black/Silver,5.0,4.0,,3.25
Mahindra Thar,Kochi,2019.0,13024.0,Diesel,Manual,First,18.06 kmpl,2523 CC,63 bhp,Others,7.0,5.0,,9.11
Volkswagen Polo,Hyderabad,2016.0,29647.0,Diesel,Manual,First,20.14 kmpl,1498 CC,88 bhp,Others,5.0,4.0,10.15 Lakh,6.3
Volkswagen Polo,Jaipur,2011.0,77000.0,Diesel,Manual,First,22.07 kmpl,1199 CC,73.9 bhp,White,5.0,4.0,,2.9
Toyota Fortuner,Delhi,2015.0,36000.0,Diesel,Automatic,Second,12.55 kmpl,2982 CC,168.7 bhp,White,7.0,5.0,,21.5
Tata Indica,Chennai,2015.0,100073.0,Diesel,Manual,Second,25.0 kmpl,1396 CC,69 bhp,Black/Silver,5.0,4.0,,2.0
Nissan Micra,Hyderabad,2011.0,86732.0,Diesel,Manual,First,23.08 kmpl,1461 CC,63.1 bhp,Black/Silver,5.0,4.0,,3.6
Hyundai Xcent,Ahmedabad,2015.0,23000.0,Petrol,Manual,First,19.1 kmpl,1197 CC,82 bhp,Black/Silver,5.0,4.0,,4.9
Maruti Swift,Delhi,2013.0,72000.0,Diesel,Manual,First,23.4 kmpl,1248 CC,74 bhp,Others,5.0,4.0,,2.69
Maruti Alto,Chennai,2016.0,5700.0,Petrol,Manual,First,24.7 kmpl,796 CC,47.3 bhp,White,5.0,4.0,,2.8
Hyundai Santro,Pune,2005.0,126000.0,Petrol,Manual,Second,17.0 kmpl,1086 CC,null bhp,Others,5.0,4.0,,1.2
Honda Brio,Ahmedabad,2013.0,11000.0,Petrol,Manual,First,19.4 kmpl,1198 CC,86.8 bhp,Others,5.0,4.0,,3.9
Hyundai i20,Pune,2011.0,41980.0,Petrol,Manual,Second,17.0 kmpl,1197 CC,80 bhp,Others,5.0,4.0,,3.3
Honda City,Delhi,2012.0,65055.0,Petrol,Manual,Second,17.0 kmpl,1497 CC,118 bhp,White,5.0,4.0,,4.25
Volkswagen Polo,Bangalore,2012.0,78500.0,Diesel,Manual,First,22.07 kmpl,1199 CC,73.9 bhp,Black/Silver,5.0,4.0,,3.65
Maruti Swift,Kolkata,2014.0,25000.0,Diesel,Manual,First,22.9 kmpl,1248 CC,74 bhp,White,5.0,4.0,,3.95
Hyundai EON,Jaipur,2017.0,23360.0,Petrol,Manual,First,21.1 kmpl,814 CC,55.2 bhp,Black/Silver,5.0,4.0,,3.75
Hyundai i20,Chennai,2017.0,5000.0,Petrol,Manual,First,18.6 kmpl,1197 CC,81.83 bhp,White,5.0,4.0,,6.95
Land Rover Range,Bangalore,2011.0,55000.0,Diesel,Automatic,First,10.2 kmpl,4367 CC,308 bhp,Black/Silver,7.0,5.0,,67.0
Mercedes-Benz New,Chennai,2010.0,34000.0,Petrol,Manual,First,11.7 kmpl,1796 CC,178 bhp,White,5.0,4.0,,10.0
Hyundai i10,Kochi,2015.0,31965.0,Petrol,Manual,First,19.81 kmpl,1086 CC,68.05 bhp,White,5.0,4.0,,3.55
Mahindra Thar,Coimbatore,2017.0,28599.0,Diesel,Manual,First,16.55 kmpl,2498 CC,105 bhp,White,6.0,5.0,11.71 Lakh,9.66
Toyota Corolla,Ahmedabad,2012.0,52000.0,Diesel,Manual,First,21.43 kmpl,1364 CC,86.79 bhp,Black/Silver,5.0,4.0,19.27 Lakh,6.5
Toyota Innova,Mumbai,2017.0,30000.0,Diesel,Automatic,First,11.36 kmpl,2755 CC,171.5 bhp,White,7.0,4.0,27 Lakh,19.25
Honda Amaze,Kolkata,2014.0,48000.0,Petrol,Manual,First,18.0 kmpl,1198 CC,86.7 bhp,Others,5.0,4.0,,2.75
Hyundai Xcent,Mumbai,2016.0,170000.0,Diesel,Manual,First,24.4 kmpl,1120 CC,71 bhp,Others,5.0,4.0,,4.0
Toyota Innova,Hyderabad,2007.0,162000.0,Diesel,Manual,Second,12.8 kmpl,2494 CC,102 bhp,Others,8.0,5.0,,4.8
Hyundai Verna,Hyderabad,2014.0,67000.0,Petrol,Manual,First,17.01 kmpl,1591 CC,121.3 bhp,Black/Silver,5.0,4.0,,5.6
Skoda Laura,Jaipur,2011.0,115692.0,Diesel,Automatic,First,20.0 kmpl,1968 CC,138.1 bhp,White,5.0,4.0,,4.5
Honda Brio,Bangalore,2013.0,55116.0,Petrol,Manual,First,19.4 kmpl,1198 CC,86.8 bhp,White,5.0,4.0,,3.31
Toyota Innova,Chennai,2006.0,230000.0,Petrol,Manual,Third,12.4 kmpl,1998 CC,132 bhp,White,8.0,5.0,,4.5
Ford Figo,Coimbatore,2014.0,74980.0,Diesel,Manual,First,20.0 kmpl,1399 CC,68 bhp,Others,5.0,4.0,,4.08
Hyundai i20,Kolkata,2018.0,11000.0,Petrol,Manual,First,18.6 kmpl,1197 CC,81.83 bhp,White,5.0,4.0,,6.35
Maruti SX4,Coimbatore,2013.0,84360.0,Petrol,Manual,First,15.5 kmpl,1586 CC,103.3 bhp,White,5.0,4.0,,4.12
Hyundai Xcent,Delhi,2015.0,54000.0,Diesel,Manual,First,24.4 kmpl,1120 CC,71 bhp,Others,5.0,4.0,,3.7
Mini Cooper,Mumbai,2015.0,34000.0,Diesel,Automatic,First,23.8 kmpl,1998 CC,112 bhp,Black/Silver,5.0,4.0,,22.0
Honda Brio,Coimbatore,2016.0,14821.0,Petrol,Manual,First,19.4 kmpl,1198 CC,86.8 bhp,Others,5.0,4.0,,5.37
Ford Fiesta,Chennai,2009.0,76000.0,Diesel,Manual,First,17.8 kmpl,1399 CC,68 bhp,Black/Silver,5.0,4.0,,2.75
Mahindra XUV500,Delhi,2018.0,9000.0,Diesel,Manual,First,14.0 kmpl,2179 CC,155 bhp,White,7.0,5.0,16.4 Lakh,13.0
Honda City,Coimbatore,2018.0,45555.0,Diesel,Manual,First,26.0 kmpl,1498 CC,98.6 bhp,Others,5.0,4.0,,11.73
Mercedes-Benz M-Class,,2013.0,,Diesel,Automatic,First,11.74 kmpl,2987 CC,254.8 bhp,Others,5.0,4.0,,28.0
Mahindra XUV500,Pune,2014.0,81000.0,Diesel,Manual,First,15.1 kmpl,2179 CC,140 bhp,Others,7.0,5.0,,9.0
Hyundai Grand,Bangalore,2014.0,21000.0,Petrol,Automatic,First,18.9 kmpl,1197 CC,82 bhp,White,5.0,4.0,,5.4
Maruti Vitara,Coimbatore,2018.0,52380.0,Diesel,Manual,First,24.3 kmpl,1248 CC,88.5 bhp,White,5.0,4.0,12.47 Lakh,10.15
Honda Amaze,Jaipur,2013.0,63000.0,Diesel,Manual,Second,25.8 kmpl,1498 CC,98.6 bhp,Others,5.0,4.0,,4.25
Skoda Superb,Kolkata,2005.0,13002.0,Petrol,Automatic,First,9.3 kmpl,2771 CC,193.1 bhp,Black/Silver,5.0,4.0,,3.25
Honda Amaze,Kolkata,2014.0,45044.0,Diesel,Manual,First,25.8 kmpl,1498 CC,98.6 bhp,White,5.0,4.0,,3.7
Mercedes-Benz E-Class,Kolkata,2009.0,28888.0,Petrol,Automatic,First,10.0 kmpl,2496 CC,157.7 bhp,White,5.0,4.0,,7.56
Mercedes-Benz M-Class,Pune,2014.0,120000.0,Diesel,Automatic,First,0.0 kmpl,2987 CC,165 bhp,Black/Silver,5.0,4.0,,30.0
Maruti Swift,Coimbatore,2013.0,59254.0,Petrol,Manual,Second,17.5 kmpl,1298 CC,85.8 bhp,Black/Silver,5.0,4.0,,5.29
Hyundai Creta,Hyderabad,2015.0,48200.0,Petrol,Manual,First,15.29 kmpl,1591 CC,121.3 bhp,Others,5.0,4.0,,9.0
BMW 3,Pune,2012.0,39000.0,Petrol,Automatic,Second,12.05 kmpl,1995 CC,154 bhp,Black/Silver,5.0,4.0,,15.0
Toyota Corolla,Ahmedabad,2014.0,59000.0,Petrol,Automatic,First,14.28 kmpl,1798 CC,138.03 bhp,Others,5.0,4.0,,11.5
Tata Tiago,Hyderabad,2017.0,16500.0,Petrol,Manual,First,23.84 kmpl,1199 CC,84 bhp,Black/Silver,5.0,4.0,6.29 Lakh,5.0
Audi A6,Ahmedabad,2008.0,50000.0,Diesel,Automatic,Second,16.77 kmpl,2967 CC,241.38 bhp,Others,5.0,4.0,,7.5
Hyundai Grand,Mumbai,2018.0,3958.0,Petrol,Manual,First,18.9 kmpl,1197 CC,81.86 bhp,Black/Silver,5.0,4.0,7.14 Lakh,5.55
Honda Amaze,Jaipur,2015.0,91000.0,Diesel,Manual,First,25.8 kmpl,1498 CC,98.6 bhp,Others,5.0,4.0,,4.68
Mercedes-Benz E-Class,Jaipur,2008.0,62000.0,Petrol,Automatic,First,9.5 kmpl,2997 CC,231.1 bhp,White,5.0,4.0,,7.0
Mercedes-Benz New,Kochi,2019.0,13190.0,Petrol,Automatic,First,0.0 kmpl,1950 CC,181.43 bhp,White,5.0,4.0,49.49 Lakh,38.99
Maruti Ertiga,Hyderabad,2016.0,85423.0,Diesel,Manual,First,20.77 kmpl,1248 CC,88.8 bhp,White,7.0,5.0,,8.75
Hyundai i20,Kochi,2014.0,35487.0,Petrol,Manual,First,18.5 kmpl,1197 CC,82.9 bhp,White,5.0,4.0,,4.74
Mercedes-Benz GL-Class,Pune,2010.0,85001.0,Diesel,Automatic,Second,12.0 kmpl,2987 CC,224 bhp,White,7.0,5.0,,28.0
Honda Brio,Kochi,2016.0,38735.0,Petrol,Manual,First,19.4 kmpl,1198 CC,86.8 bhp,White,5.0,4.0,,4.92
Maruti Ciaz,Delhi,2017.0,25000.0,Diesel,Manual,First,28.09 kmpl,1248 CC,88.5 bhp,White,5.0,4.0,,8.3
Volkswagen Vento,Coimbatore,2013.0,62746.0,Diesel,Manual,Second,20.54 kmpl,1598 CC,103.6 bhp,Black/Silver,5.0,4.0,,5.9
Datsun redi-GO,Bangalore,2016.0,20487.0,Petrol,Manual,First,22.7 kmpl,799 CC,53.64 bhp,Black/Silver,5.0,4.0,4.37 Lakh,2.66
Mercedes-Benz E-Class,Coimbatore,2011.0,87073.0,Petrol,Automatic,First,10.93 kmpl,2497 CC,204 bhp,Others,5.0,4.0,,17.23
BMW X3,Hyderabad,2009.0,58000.0,Diesel,Automatic,First,18.56 kmpl,1995 CC,190 bhp,Others,5.0,4.0,69.59 Lakh,17.98
Volkswagen Vento,Mumbai,2015.0,120000.0,Diesel,Automatic,First,21.21 kmpl,1498 CC,103.2 bhp,Others,5.0,4.0,,5.75
Maruti Swift,Coimbatore,2014.0,67557.0,Diesel,Manual,First,23.4 kmpl,1248 CC,74 bhp,Others,5.0,4.0,,5.17
Ford Ecosport,Mumbai,2013.0,25984.0,Petrol,Manual,First,15.8 kmpl,1499 CC,110 bhp,Others,5.0,4.0,,5.35
Mercedes-Benz M-Class,Hyderabad,2012.0,83000.0,Diesel,Automatic,First,11.74 kmpl,2987 CC,254.8 bhp,Others,5.0,4.0,,36.0
Skoda Octavia,Delhi,2008.0,80000.0,Diesel,Manual,First,18.7 kmpl,1896 CC,66 bhp,Black/Silver,5.0,4.0,,2.2
Toyota Innova,Chennai,2011.0,248000.0,Diesel,Manual,Second,12.8 kmpl,2494 CC,102 bhp,Black/Silver,7.0,4.0,,9.2
Audi Q3,Hyderabad,2015.0,61000.0,Diesel,Automatic,First,15.73 kmpl,1968 CC,174.33 bhp,Others,5.0,4.0,,25.0
Mercedes-Benz New,Hyderabad,2017.0,11200.0,Diesel,Automatic,First,19.27 kmpl,2143 CC,167.62 bhp,Others,5.0,4.0,,37.5
Volkswagen Polo,Kolkata,2011.0,66000.0,Diesel,Manual,First,22.07 kmpl,1199 CC,73.9 bhp,Others,5.0,4.0,,2.49
Ford Figo,Chennai,2016.0,70000.0,Diesel,Manual,First,25.83 kmpl,1498 CC,99 bhp,Others,5.0,4.0,,4.6
Ford EcoSport,Bangalore,2014.0,84056.0,Petrol,Manual,First,18.88 kmpl,999 CC,123.24 bhp,Others,5.0,4.0,,6.75
Mitsubishi Lancer,Chennai,2003.0,125000.0,Diesel,Manual,Third,14.8 kmpl,1998 CC,68 bhp,Black/Silver,5.0,4.0,,3.0
Chevrolet Beat,Kolkata,2013.0,25000.0,Petrol,Manual,First,18.6 kmpl,1199 CC,79.4 bhp,White,5.0,4.0,,1.75
Hyundai i20,Delhi,2013.0,92408.0,Petrol,Manual,First,18.5 kmpl,1197 CC,82.85 bhp,White,5.0,4.0,,3.65
Toyota Corolla,Mumbai,2007.0,67000.0,Petrol,Manual,Third,13.4 kmpl,1794 CC,125 bhp,Others,5.0,4.0,,2.2
Hyundai Grand,Coimbatore,2017.0,47774.0,Petrol,Manual,First,18.9 kmpl,1197 CC,82 bhp,Black/Silver,5.0,4.0,,6.04
Toyota Innova,Kochi,2017.0,33901.0,Diesel,Manual,First,12.8 kmpl,2494 CC,102 bhp,Others,8.0,5.0,,14.29
Chevrolet Beat,Kochi,2012.0,83381.0,Petrol,Manual,First,18.6 kmpl,1199 CC,79.4 bhp,Black/Silver,5.0,4.0,,2.21
Maruti Swift,Pune,2015.0,79000.0,Diesel,Manual,First,17.8 kmpl,1248 CC,75 bhp,Black/Silver,5.0,4.0,,5.75
Toyota Innova,Hyderabad,2015.0,80883.0,Diesel,Manual,First,12.8 kmpl,2494 CC,102 bhp,Black/Silver,7.0,4.0,,13.5
Audi A4,Coimbatore,2014.0,57773.0,Diesel,Automatic,Second,17.11 kmpl,1968 CC,174.33 bhp,Others,5.0,4.0,,20.04
Maruti Vitara,Mumbai,2016.0,55000.0,Diesel,Manual,First,24.3 kmpl,1248 CC,88.5 bhp,White,5.0,4.0,9.96 Lakh,7.5
Hyundai Grand,Kochi,2018.0,20689.0,Petrol,Manual,First,18.9 kmpl,1197 CC,81.86 bhp,White,5.0,4.0,6.68 Lakh,6.07
Renault Duster,Jaipur,2013.0,65000.0,Diesel,Manual,Second,19.01 kmpl,1461 CC,108.45 bhp,Others,5.0,4.0,,5.5
Volvo XC60,Pune,2011.0,106976.0,Diesel,Automatic,First,13.5 kmpl,2400 CC,215 bhp,Black/Silver,5.0,4.0,,13.8
Hyundai i20,Kochi,2015.0,64399.0,Diesel,Manual,First,21.9 kmpl,1396 CC,90 bhp,Others,5.0,4.0,,5.02
Hyundai i20,Bangalore,2010.0,61000.0,Petrol,Manual,Fourth & Above,17.0 kmpl,1197 CC,80 bhp,Black/Silver,5.0,4.0,,3.25
Honda Brio,Mumbai,2014.0,26856.0,Petrol,Automatic,First,16.5 kmpl,1198 CC,86.8 bhp,White,5.0,4.0,,4.15
Ford EcoSport,Mumbai,2017.0,4018.0,Petrol,Manual,First,18.88 kmpl,1499 CC,110.4 bhp,Black/Silver,5.0,4.0,,8.25
BMW X1,Kolkata,2013.0,56683.0,Diesel,Automatic,Second,17.05 kmpl,1995 CC,184 bhp,Others,5.0,4.0,,13.5
BMW 3,Mumbai,2015.0,69123.0,Diesel,Automatic,First,18.88 kmpl,1995 CC,184 bhp,White,5.0,4.0,,19.0
Chevrolet Beat,Kolkata,2010.0,35000.0,Petrol,Manual,Second,18.6 kmpl,1199 CC,79.4 bhp,White,5.0,4.0,,1.5
BMW 3,Delhi,2011.0,31000.0,Petrol,Automatic,First,10.9 kmpl,2497 CC,215 bhp,White,5.0,4.0,,31.0
Maruti Wagon,Kolkata,2015.0,36428.0,Petrol,Manual,First,20.51 kmpl,998 CC,67.04 bhp,Black/Silver,5.0,4.0,,3.1
Chevrolet Beat,Mumbai,2013.0,74000.0,Diesel,Manual,First,25.44 kmpl,936 CC,57.6 bhp,Others,5.0,4.0,,2.65
Ford Fiesta,Chennai,2010.0,107000.0,Petrol,Manual,First,16.6 kmpl,1388 CC,68 bhp,Black/Silver,5.0,4.0,,2.6
Mercedes-Benz GL-Class,Pune,2014.0,79000.0,Diesel,Automatic,First,12.0 kmpl,2987 CC,224 bhp,White,7.0,5.0,,41.0
Honda Amaze,Kolkata,2013.0,57000.0,Diesel,Manual,First,25.8 kmpl,1498 CC,98.6 bhp,White,5.0,4.0,,3.45
Hyundai Santro,Chennai,2006.0,58000.0,Petrol,Manual,Second,0.0 kmpl,1086 CC,null bhp,Others,5.0,4.0,,1.5
Toyota Innova,Coimbatore,2019.0,33598.0,Diesel,Manual,First,13.68 kmpl,2393 CC,147.8 bhp,Others,7.0,4.0,23.94 Lakh,22.2
Maruti Baleno,Kolkata,2016.0,29000.0,Diesel,Manual,First,27.39 kmpl,1248 CC,74 bhp,Black/Silver,5.0,4.0,9.53 Lakh,6.5
Maruti Wagon,Jaipur,2006.0,101000.0,Petrol,Manual,Second,18.9 kmpl,998 CC,67.1 bhp,Black/Silver,5.0,4.0,,1.5
Mitsubishi Pajero,Mumbai,2008.0,93000.0,Diesel,Manual,Third,10.5 kmpl,2835 CC,107.2 bhp,White,6.0,5.0,,5.45
Hyundai Verna,Pune,2013.0,70000.0,Petrol,Manual,First,17.01 kmpl,1591 CC,121.3 bhp,White,5.0,4.0,,4.75
Maruti Wagon,Jaipur,2006.0,110000.0,Petrol,Manual,First,18.9 kmpl,998 CC,67.1 bhp,Black/Silver,5.0,4.0,,1.11
Maruti Alto,Kolkata,2016.0,26000.0,Petrol,Manual,First,22.74 kmpl,796 CC,47.3 bhp,Black/Silver,5.0,4.0,,2.6
Maruti Celerio,Kolkata,2016.0,30000.0,Petrol,Automatic,First,23.1 kmpl,998 CC,67.04 bhp,Others,5.0,4.0,5.77 Lakh,3.8
Mahindra Scorpio,Kochi,2017.0,26741.0,Diesel,Manual,First,15.4 kmpl,1997 CC,120 bhp,Others,7.0,5.0,,10.08
Honda Amaze,Kochi,2016.0,54944.0,Petrol,Manual,First,18.0 kmpl,1198 CC,86.7 bhp,White,5.0,4.0,,4.82
Mahindra Bolero,Coimbatore,2012.0,60271.0,Diesel,Manual,First,13.6 kmpl,2523 CC,63 bhp,White,7.0,5.0,,6.12
Maruti Swift,Hyderabad,2017.0,44504.0,Diesel,Manual,First,23.4 kmpl,1248 CC,74 bhp,Others,5.0,4.0,,5.6
BMW 5,Delhi,2017.0,16485.0,Diesel,Automatic,First,22.48 kmpl,1995 CC,187.74 bhp,Black/Silver,5.0,4.0,,42.75
Honda Amaze,Kolkata,2013.0,39575.0,Diesel,Manual,First,25.8 kmpl,1498 CC,98.6 bhp,White,5.0,4.0,,3.25
Toyota Camry,Coimbatore,2017.0,23249.0,Petrol,Automatic,First,19.16 kmpl,2487 CC,175.67 bhp,White,5.0,4.0,40.62 Lakh,26.11
Mahindra Quanto,Hyderabad,2012.0,90049.0,Diesel,Manual,First,17.21 kmpl,1493 CC,100 bhp,Black/Silver,7.0,5.0,,3.8
Mini Cooper,Kochi,2016.0,32298.0,Diesel,Automatic,First,20.7 kmpl,1496 CC,113.98 bhp,Black/Silver,4.0,4.0,35 Lakh,23.8
Toyota Etios,Hyderabad,2015.0,69189.0,Diesel,Manual,First,23.59 kmpl,1364 CC,67.06 bhp,White,5.0,4.0,,5.3
Skoda Superb,Mumbai,2017.0,35000.0,Diesel,Automatic,First,18.19 kmpl,1968 CC,174.5 bhp,Others,5.0,4.0,40.73 Lakh,25.75
Maruti A-Star,Coimbatore,2013.0,60587.0,Petrol,Automatic,Second,16.98 kmpl,998 CC,66.1 bhp,Black/Silver,5.0,4.0,,3.49
Mercedes-Benz New,Hyderabad,2011.0,57000.0,Diesel,Automatic,Second,14.94 kmpl,2143 CC,204 bhp,White,5.0,4.0,,17.25
Skoda Octavia,Bangalore,2013.0,58410.0,Diesel,Automatic,First,19.3 kmpl,1968 CC,141 bhp,White,5.0,4.0,,14.5
BMW 3,Kochi,2016.0,62404.0,Diesel,Automatic,First,22.69 kmpl,1995 CC,190 bhp,Others,5.0,4.0,54.43 Lakh,21.33
Maruti Zen,Jaipur,1999.0,70000.0,Petrol,Manual,Second,17.3 kmpl,993 CC,60 bhp,Black/Silver,5.0,4.0,,0.77
Chevrolet Beat,Pune,2012.0,78000.0,Petrol,Manual,Second,18.6 kmpl,1199 CC,79.4 bhp,Others,5.0,4.0,,2.0
Ford Ecosport,Chennai,2013.0,55000.0,Petrol,Manual,Second,15.8 kmpl,1499 CC,110 bhp,White,5.0,4.0,,5.2
Toyota Fortuner,Kolkata,2019.0,80000.0,Diesel,Manual,First,11.5 kmpl,2982 CC,171 bhp,Black/Silver,7.0,5.0,,8.99
Tata Tigor,Ahmedabad,2017.0,16235.0,Diesel,Manual,First,24.7 kmpl,1047 CC,69 bhp,Others,5.0,4.0,7.15 Lakh,5.5
Maruti Ertiga,Pune,2014.0,71899.0,Diesel,Manual,First,20.77 kmpl,1248 CC,88.76 bhp,Others,7.0,5.0,,7.25
Jeep Compass,Kochi,2018.0,42203.0,Diesel,Manual,First,17.1 kmpl,1956 CC,170 bhp,Black/Silver,5.0,4.0,21.72 Lakh,19.46
Hyundai Verna,Pune,2013.0,41500.0,Petrol,Manual,Second,17.01 kmpl,1591 CC,121.3 bhp,White,5.0,4.0,,5.0
Tata Indica,Hyderabad,2015.0,80500.0,Diesel,Manual,First,25.0 kmpl,1396 CC,69 bhp,White,5.0,4.0,,2.45
Maruti Alto,Kochi,2015.0,21652.0,Petrol,Manual,First,22.74 kmpl,796 CC,47.3 bhp,White,5.0,4.0,,3.01
Hyundai Grand,Pune,2014.0,37632.0,Petrol,Automatic,First,18.9 kmpl,1197 CC,82 bhp,White,5.0,4.0,,4.5
Honda Brio,Pune,2016.0,32000.0,Petrol,Automatic,First,16.5 kmpl,1198 CC,86.8 bhp,Others,5.0,4.0,,5.25
Maruti Swift,Bangalore,2009.0,65000.0,Petrol,Manual,Second,17.5 kmpl,1298 CC,85.8 bhp,White,5.0,4.0,,3.1
Fiat Punto,Chennai,2010.0,72204.0,Petrol,Manual,First,15.7 kmpl,1172 CC,67 bhp,Black/Silver,5.0,4.0,,2.25
Maruti Wagon,Delhi,2012.0,52000.0,Petrol,Manual,First,18.9 kmpl,998 CC,67.1 bhp,White,5.0,4.0,,2.45
BMW 5,Ahmedabad,2013.0,90000.0,Diesel,Automatic,First,22.48 kmpl,1995 CC,190 bhp,Others,5.0,4.0,63.71 Lakh,19.5
BMW 3,Coimbatore,2016.0,14351.0,Diesel,Automatic,First,18.88 kmpl,1995 CC,184 bhp,White,5.0,4.0,,35.55
Renault Duster,Mumbai,2013.0,75000.0,Diesel,Manual,Second,19.64 kmpl,1461 CC,108.45 bhp,Black/Silver,5.0,4.0,,5.4
Maruti Wagon,Ahmedabad,2004.0,60000.0,Petrol,Manual,Second,17.3 kmpl,1061 CC,64 bhp,White,5.0,4.0,,1.4
Hyundai Verna,Coimbatore,2017.0,38056.0,Diesel,Manual,First,23.9 kmpl,1582 CC,126.2 bhp,Black/Silver,5.0,4.0,,10.7
Honda City,Bangalore,2015.0,18955.0,Petrol,Automatic,First,18.0 kmpl,1497 CC,117.3 bhp,Black/Silver,5.0,4.0,16.04 Lakh,10.65
Maruti Swift,Ahmedabad,2013.0,60000.0,Diesel,Manual,First,22.9 kmpl,1248 CC,74 bhp,Black/Silver,5.0,4.0,,4.15
Honda City,Delhi,2009.0,65055.0,Petrol,Manual,First,17.0 kmpl,1497 CC,118 bhp,Black/Silver,5.0,4.0,,2.75
Toyota Fortuner,Bangalore,2013.0,100000.0,Diesel,Manual,Second,11.5 kmpl,2982 CC,171 bhp,Others,7.0,5.0,,17.75
Land Rover Discovery,Coimbatore,2019.0,25899.0,Diesel,Automatic,First,12.63 kmpl,2179 CC,147.5 bhp,Black/Silver,5.0,4.0,,55.7
Ford Figo,Chennai,2011.0,75000.0,Diesel,Manual,Second,20.0 kmpl,1399 CC,68 bhp,Black/Silver,5.0,4.0,,2.25
Toyota Etios,Coimbatore,2015.0,64005.0,Petrol,Manual,First,17.71 kmpl,1197 CC,78.9 bhp,White,5.0,4.0,6.41 Lakh,4.57
Hyundai Santro,Hyderabad,2007.0,69775.0,Petrol,Manual,Second,17.92 kmpl,1086 CC,62.1 bhp,Black/Silver,5.0,4.0,,1.85
Honda Amaze,Jaipur,2014.0,76414.0,Diesel,Manual,First,25.8 kmpl,1498 CC,98.6 bhp,White,5.0,4.0,,4.95
Toyota Fortuner,Delhi,2017.0,25000.0,Diesel,Automatic,First,12.55 kmpl,2982 CC,168.5 bhp,Black/Silver,7.0,5.0,,32.0
Hyundai i20,Pune,2016.0,6800.0,Petrol,Manual,First,18.6 kmpl,1197 CC,81.83 bhp,Others,5.0,4.0,,7.2
Maruti Swift,Jaipur,2015.0,130000.0,Diesel,Manual,First,25.2 kmpl,1248 CC,74 bhp,Others,5.0,4.0,,4.5
Hyundai Santro,Hyderabad,2006.0,74483.0,Petrol,Automatic,First,0.0 kmpl,999 CC,null bhp,Black/Silver,5.0,4.0,,2.3
Maruti Zen,Mumbai,2010.0,23000.0,Petrol,Manual,First,18.2 kmpl,1061 CC,64 bhp,Black/Silver,5.0,4.0,,1.9
Volkswagen Polo,Kochi,2016.0,36733.0,Petrol,Manual,First,16.47 kmpl,1198 CC,73.9 bhp,Black/Silver,5.0,4.0,,4.72
Nissan Sunny,Mumbai,2012.0,38800.0,Diesel,Manual,First,21.64 kmpl,1461 CC,84.8 bhp,White,5.0,4.0,,4.05
Toyota Corolla,Mumbai,2015.0,49000.0,Petrol,Manual,First,14.28 kmpl,1798 CC,138.03 bhp,Others,5.0,4.0,,8.95
Maruti Swift,Kolkata,2008.0,47000.0,Petrol,Manual,Second,17.5 kmpl,1298 CC,85.8 bhp,Black/Silver,5.0,4.0,,1.4
Audi A4,Bangalore,2014.0,24000.0,Diesel,Automatic,First,17.11 kmpl,1968 CC,174.33 bhp,Others,5.0,4.0,,25.0
Volkswagen Jetta,Chennai,2015.0,480000.0,Diesel,Automatic,First,16.96 kmpl,1968 CC,138.03 bhp,Others,5.0,4.0,,13.0
Maruti Ciaz,Delhi,2016.0,66000.0,Diesel,Manual,First,28.09 kmpl,1248 CC,88.5 bhp,Others,5.0,4.0,,6.4
Ford Endeavour,Pune,2007.0,90000.0,Diesel,Manual,Fourth & Above,10.9 kmpl,2499 CC,143 bhp,Others,7.0,5.0,,3.0
Maruti Wagon,Jaipur,2006.0,145000.0,Petrol,Manual,First,18.9 kmpl,998 CC,67.1 bhp,Black/Silver,5.0,4.0,,1.15
Maruti Alto,Delhi,2013.0,56000.0,Petrol,Manual,First,24.7 kmpl,796 CC,47.3 bhp,Others,5.0,4.0,,2.1
Toyota Camry,Mumbai,2015.0,33500.0,Petrol,,,19.16 kmpl,2494 CC,158.2 bhp,Others,5.0,4.0,,19.75
Audi Q5,Coimbatore,2015.0,60146.0,Diesel,Automatic,First,14.16 kmpl,1968 CC,174.3 bhp,Others,5.0,4.0,,29.64
Jaguar XF,Mumbai,2014.0,30900.0,Diesel,Automatic,First,14.74 kmpl,2993 CC,270.9 bhp,White,5.0,4.0,,29.5
Honda City,Mumbai,2016.0,8000.0,Petrol,Automatic,First,18.0 kmpl,1497 CC,117.3 bhp,White,5.0,4.0,,9.45
Maruti SX4,Mumbai,2016.0,38000.0,Diesel,Manual,First,22.7 kmpl,1598 CC,118 bhp,Others,5.0,4.0,,7.85
Hyundai i10,Coimbatore,2013.0,65807.0,Petrol,Manual,First,19.81 kmpl,1086 CC,68.05 bhp,White,5.0,4.0,,3.39
Maruti Baleno,Jaipur,2017.0,27000.0,Petrol,Manual,First,21.4 kmpl,1197 CC,83.1 bhp,Black/Silver,5.0,4.0,,4.5
Skoda Octavia,Coimbatore,2016.0,53211.0,Petrol,Manual,First,16.8 kmpl,1395 CC,138.02 bhp,White,5.0,4.0,,11.64
Hyundai Xcent,Chennai,2016.0,80000.0,Diesel,Manual,First,24.4 kmpl,1120 CC,71 bhp,Others,5.0,4.0,,3.5
Mercedes-Benz E-Class,Hyderabad,2014.0,53000.0,Diesel,Automatic,Second,14.21 kmpl,2143 CC,203 bhp,Others,5.0,4.0,,29.0
Maruti Swift,Pune,2018.0,12000.0,Diesel,Manual,First,23.4 kmpl,1248 CC,74 bhp,White,5.0,4.0,,5.5
Renault Duster,Hyderabad,2012.0,110224.0,Diesel,Manual,First,19.01 kmpl,1461 CC,108.45 bhp,White,5.0,4.0,,6.1
Mahindra Xylo,Pune,2009.0,70000.0,Diesel,Manual,First,14.0 kmpl,2498 CC,112 bhp,White,7.0,5.0,,2.85
Hyundai i10,Kolkata,2016.0,7200.0,Petrol,Manual,First,19.81 kmpl,1086 CC,68.05 bhp,White,5.0,4.0,,3.59
Honda Brio,Kochi,2012.0,91931.0,Petrol,Manual,First,18.5 kmpl,1198 CC,86.8 bhp,Others,5.0,4.0,6.62 Lakh,3.13
Audi A4,Chennai,2016.0,11000.0,Diesel,Automatic,First,17.11 kmpl,1968 CC,174.33 bhp,Black/Silver,5.0,4.0,,28.0
Hyundai Santro,Mumbai,2009.0,42000.0,Petrol,Manual,First,17.92 kmpl,1086 CC,62.1 bhp,Black/Silver,5.0,4.0,,1.45
Maruti Wagon,Delhi,2016.0,22000.0,Petrol,Manual,First,18.9 kmpl,998 CC,67.1 bhp,Black/Silver,5.0,4.0,,3.7
Mahindra XUV500,Bangalore,2014.0,55000.0,Diesel,Manual,First,15.1 kmpl,2179 CC,140 bhp,Black/Silver,7.0,5.0,,9.8
Hyundai EON,Coimbatore,2016.0,64624.0,Petrol,Manual,First,21.1 kmpl,814 CC,55.2 bhp,Black/Silver,5.0,4.0,,3.71
Hyundai i10,Hyderabad,2009.0,50902.0,Petrol,Automatic,First,19.2 kmpl,1197 CC,80 bhp,Black/Silver,5.0,4.0,,3.0
Audi A6,Mumbai,2015.0,55985.0,Petrol,Automatic,First,13.53 kmpl,1984 CC,,White,5.0,4.0,,23.5
Mahindra Scorpio,Bangalore,2010.0,144400.0,Diesel,Manual,Third,12.05 kmpl,2179 CC,120 bhp,Black/Silver,8.0,5.0,,5.25
Mercedes-Benz GLA,Delhi,2015.0,27000.0,Diesel,Automatic,First,17.9 kmpl,2143 CC,136 bhp,White,5.0,4.0,,23.0
Hyundai i10,Mumbai,2011.0,39000.0,Petrol,Manual,First,20.36 kmpl,1197 CC,78.9 bhp,Others,5.0,4.0,,2.6
Hyundai Verna,Coimbatore,2015.0,52191.0,Petrol,Manual,First,17.1 kmpl,1591 CC,121.3 bhp,White,5.0,4.0,,7.78
Tata Indica,Pune,2013.0,70000.0,Diesel,Manual,First,17.88 kmpl,1405 CC,48.21 bhp,Black/Silver,5.0,4.0,,1.8
Skoda Fabia,Jaipur,2010.0,72000.0,Petrol,Manual,First,16.25 kmpl,1198 CC,73.9 bhp,White,5.0,4.0,,2.21
Toyota Corolla,Ahmedabad,2012.0,52100.0,Diesel,Manual,First,21.43 kmpl,1364 CC,86.79 bhp,Black/Silver,5.0,4.0,19.27 Lakh,6.5
Mercedes-Benz New,Pune,2011.0,65000.0,Diesel,Manual,Second,15.8 kmpl,2148 CC,170 bhp,White,5.0,4.0,,10.0
Toyota Innova,Pune,2011.0,68000.0,Diesel,Manual,Second,12.8 kmpl,2494 CC,102 bhp,Black/Silver,7.0,4.0,,7.0
Hyundai Grand,Mumbai,2016.0,15000.0,Petrol,Automatic,First,18.9 kmpl,1197 CC,82 bhp,Black/Silver,5.0,4.0,,5.35
Maruti Wagon,Chennai,2014.0,52000.0,Petrol,Manual,First,22.5 kmpl,998 CC,67.04 bhp,White,5.0,4.0,5.51 Lakh,3.45
Maruti Wagon,Hyderabad,2007.0,84169.0,Petrol,Manual,First,14.0 kmpl,1061 CC,64 bhp,White,5.0,4.0,,2.2
Honda Jazz,Mumbai,2016.0,38000.0,Diesel,Manual,First,27.3 kmpl,1498 CC,98.6 bhp,Black/Silver,5.0,4.0,11.15 Lakh,6.21
Mahindra Logan,Chennai,2011.0,128000.0,Diesel,Manual,Third,19.2 kmpl,1461 CC,65 bhp,White,5.0,4.0,,2.0
Honda Amaze,Kolkata,2014.0,52000.0,Diesel,Manual,First,25.8 kmpl,1498 CC,98.6 bhp,White,5.0,4.0,,3.5
Honda Civic,Coimbatore,2009.0,56927.0,Petrol,Manual,First,13.5 kmpl,1799 CC,130 bhp,White,5.0,4.0,,4.41
Mercedes-Benz C-Class,Ahmedabad,2019.0,4000.0,Diesel,Automatic,First,0.0 kmpl,1950 CC,194 bhp,Black/Silver,5.0,4.0,49.14 Lakh,35.0
Maruti Ciaz,Kochi,2018.0,38394.0,Petrol,Manual,First,21.56 kmpl,1462 CC,103.25 bhp,Others,5.0,4.0,11.37 Lakh,9.18
Mitsubishi Pajero,Chennai,2008.0,160000.0,Diesel,Manual,First,10.5 kmpl,2835 CC,107.2 bhp,Black/Silver,6.0,5.0,,8.75
Hyundai Verna,Kolkata,2013.0,49000.0,Petrol,Manual,First,17.1 kmpl,1591 CC,121.3 bhp,Black/Silver,5.0,4.0,,4.5
Land Rover Freelander,Mumbai,2011.0,82000.0,Diesel,Automatic,Second,12.35 kmpl,2179 CC,187.74 bhp,White,5.0,4.0,,13.9
Hyundai i20,Hyderabad,2010.0,94500.0,Diesel,Manual,Second,21.9 kmpl,1396 CC,90 bhp,Others,5.0,4.0,,3.1
Renault Duster,Hyderabad,2015.0,83090.0,Diesel,Manual,First,19.01 kmpl,1461 CC,108.45 bhp,Black/Silver,5.0,4.0,,7.99
Mercedes-Benz New,Mumbai,2012.0,63720.0,Petrol,Automatic,First,11.74 kmpl,1796 CC,186 bhp,Others,5.0,4.0,,13.25
Audi A4,Kochi,2014.0,77395.0,Diesel,Automatic,First,17.11 kmpl,1968 CC,174.33 bhp,Others,5.0,4.0,,14.35
BMW 5,Kochi,2018.0,32586.0,Diesel,Automatic,First,22.48 kmpl,1995 CC,190 bhp,Others,5.0,4.0,67.87 Lakh,37.3
Porsche Panamera,Coimbatore,2010.0,42400.0,Petrol,Automatic,Third,8.0 kmpl,4806 CC,394.3 bhp,Black/Silver,4.0,4.0,,42.91
Renault KWID,Jaipur,2016.0,12500.0,Petrol,Manual,First,25.17 kmpl,799 CC,53.3 bhp,White,5.0,4.0,,3.0
Tata Indigo,Pune,2016.0,52000.0,Diesel,Manual,Second,25.0 kmpl,1396 CC,69.01 bhp,White,5.0,4.0,,2.4
Renault Duster,Chennai,2012.0,80000.0,Diesel,Manual,First,19.72 kmpl,1461 CC,108.45 bhp,Black/Silver,5.0,4.0,15.94 Lakh,6.75
Chevrolet Spark,Pune,2009.0,44200.0,Petrol,Manual,Second,18.0 kmpl,995 CC,62 bhp,White,5.0,4.0,,1.6
Toyota Innova,Jaipur,2014.0,105044.0,Diesel,Manual,First,12.99 kmpl,2494 CC,100.6 bhp,Black/Silver,7.0,4.0,,10.75
Toyota Camry,Mumbai,2008.0,80000.0,Petrol,Automatic,Second,12.1 kmpl,2362 CC,164.7 bhp,Black/Silver,5.0,4.0,,3.43
Audi Q3,Hyderabad,2013.0,63716.0,Diesel,Automatic,First,15.73 kmpl,1968 CC,174.33 bhp,White,5.0,4.0,,23.0
Toyota Innova,Mumbai,2012.0,106000.0,Diesel,Manual,First,12.99 kmpl,2494 CC,100 bhp,Black/Silver,8.0,5.0,,8.4
Hyundai i20,Delhi,2009.0,46946.0,Petrol,Manual,Second,18.5 kmpl,1197 CC,80 bhp,Black/Silver,5.0,4.0,,2.35
Honda Mobilio,Delhi,2015.0,31250.0,Diesel,Manual,First,24.5 kmpl,1498 CC,98.6 bhp,Black/Silver,7.0,5.0,,6.5
Volkswagen Jetta,Coimbatore,2012.0,58006.0,Diesel,Manual,First,15.0 kmpl,1896 CC,105 bhp,White,5.0,4.0,,6.7
Hyundai Grand,Chennai,2015.0,15000.0,Petrol,Manual,First,18.9 kmpl,1197 CC,82 bhp,Others,5.0,4.0,,4.9
Mercedes-Benz GLA,Chennai,2016.0,28000.0,Petrol,Automatic,First,13.7 kmpl,1991 CC,183 bhp,Others,5.0,4.0,,26.0
BMW X3,Kochi,2017.0,36723.0,Diesel,Automatic,First,18.56 kmpl,1995 CC,190 bhp,White,5.0,4.0,64.76 Lakh,32.57
BMW 5,Chennai,2016.0,30000.0,Diesel,Automatic,Second,18.12 kmpl,1995 CC,190 bhp,Others,5.0,4.0,,31.5
Maruti Baleno,Mumbai,2016.0,12000.0,Petrol,Manual,First,21.4 kmpl,1197 CC,83.1 bhp,Others,5.0,4.0,,6.1
Maruti Alto,Kolkata,2010.0,38127.0,Petrol,Manual,First,19.7 kmpl,796 CC,46.3 bhp,Black/Silver,5.0,4.0,,1.55
Hyundai i20,Kochi,2018.0,48407.0,Petrol,Manual,First,18.6 kmpl,1197 CC,81.83 bhp,Others,5.0,4.0,,7.65
Ford Ecosport,Delhi,2014.0,60000.0,Diesel,Manual,First,22.7 kmpl,1498 CC,89.84 bhp,White,5.0,4.0,,5.5
Honda City,Bangalore,2012.0,37000.0,Petrol,Automatic,First,15.6 kmpl,1497 CC,116.3 bhp,Black/Silver,5.0,4.0,,6.75
Maruti SX4,Kochi,2013.0,66012.0,Petrol,Manual,First,15.5 kmpl,1586 CC,103.3 bhp,Black/Silver,5.0,4.0,,4.15
BMW X6,Hyderabad,2013.0,58000.0,Diesel,Automatic,First,11.2 kmpl,2993 CC,306 bhp,Others,4.0,4.0,,48.0
Honda City,Mumbai,2011.0,56000.0,Petrol,Manual,First,16.8 kmpl,1497 CC,116.3 bhp,White,5.0,4.0,,3.45
Land Rover Range,Hyderabad,2012.0,56000.0,Diesel,Automatic,First,12.7 kmpl,2179 CC,187.7 bhp,Others,5.0,4.0,,30.0
Mercedes-Benz B,Coimbatore,2017.0,43812.0,Diesel,Automatic,First,15.0 kmpl,2143 CC,107.3 bhp,Others,5.0,4.0,,20.28
Maruti SX4,Chennai,2015.0,73000.0,Diesel,Manual,First,22.7 kmpl,1598 CC,118 bhp,White,5.0,4.0,,8.25
BMW X1,Chennai,2012.0,115000.0,Diesel,Automatic,Third,15.06 kmpl,1995 CC,177 bhp,White,5.0,4.0,,10.0
Honda Amaze,Pune,2014.0,49112.0,Petrol,Automatic,Second,15.5 kmpl,1198 CC,86.7 bhp,Others,5.0,4.0,,3.79
Toyota Innova,Hyderabad,2016.0,81424.0,Diesel,Manual,First,12.99 kmpl,2494 CC,100.6 bhp,White,8.0,5.0,,14.49
Maruti Baleno,Delhi,2018.0,22900.0,Petrol,Manual,First,21.4 kmpl,1197 CC,83.1 bhp,White,5.0,4.0,,7.0
Audi A6,Kolkata,2012.0,27090.0,Diesel,Automatic,First,18.53 kmpl,1968 CC,187.74 bhp,Others,5.0,4.0,,16.5
Maruti Swift,Bangalore,2007.0,60000.0,Diesel,Manual,Second,17.8 kmpl,1248 CC,null bhp,White,5.0,4.0,,3.4
Maruti Alto,Kolkata,2008.0,38000.0,Petrol,Manual,First,19.7 kmpl,796 CC,46.3 bhp,Black/Silver,5.0,4.0,,1.1
Maruti Swift,Kochi,2016.0,67906.0,Diesel,Manual,First,25.2 kmpl,1248 CC,74 bhp,Others,5.0,4.0,,5.63
Honda Accord,Mumbai,2008.0,125000.0,Petrol,Automatic,Third,11.7 kmpl,2354 CC,177.6 bhp,Black/Silver,5.0,4.0,,2.6
Maruti Swift,Kochi,2015.0,46561.0,Diesel,Manual,First,22.9 kmpl,1248 CC,74 bhp,Others,5.0,4.0,,4.94
Ford Fiesta,Chennai,2007.0,75000.0,Petrol,Manual,Second,16.6 kmpl,1388 CC,68 bhp,Black/Silver,5.0,4.0,,2.0
Maruti Swift,Hyderabad,2014.0,81768.0,Diesel,Manual,First,26.59 kmpl,1248 CC,74 bhp,Black/Silver,5.0,4.0,,5.69
Honda Mobilio,Kolkata,2015.0,26000.0,Petrol,Manual,First,17.3 kmpl,1497 CC,117.3 bhp,White,7.0,5.0,,4.25
Renault KWID,Bangalore,2016.0,20229.0,Petrol,Manual,First,25.17 kmpl,799 CC,53.3 bhp,Black/Silver,5.0,4.0,,3.5
Mahindra TUV,Hyderabad,2017.0,30000.0,Diesel,Automatic,First,18.49 kmpl,1493 CC,100 bhp,White,7.0,5.0,,8.2
Maruti SX4,Ahmedabad,2014.0,58000.0,Diesel,Manual,First,21.79 kmpl,1248 CC,88.73 bhp,Others,5.0,4.0,,4.5
Chevrolet Spark,Kochi,2008.0,43761.0,Petrol,Manual,First,18.0 kmpl,995 CC,62 bhp,Others,5.0,4.0,,1.75
Maruti Swift,Kolkata,2014.0,38578.0,Diesel,Manual,First,23.4 kmpl,1248 CC,74 bhp,Black/Silver,5.0,4.0,,3.96
Renault KWID,Hyderabad,2016.0,73000.0,Petrol,Manual,First,25.17 kmpl,799 CC,53.3 bhp,Others,5.0,4.0,,3.2
Audi Q7,Kochi,2014.0,79926.0,Diesel,Automatic,First,11.33 kmpl,4134 CC,335.2 bhp,Others,7.0,5.0,,29.77
Chevrolet Sail,Kolkata,2014.0,45000.0,Diesel,Manual,First,22.1 kmpl,1248 CC,74 bhp,White,5.0,4.0,,2.48
Volkswagen Polo,Hyderabad,2017.0,18500.0,Petrol,Manual,First,16.2 kmpl,1199 CC,74 bhp,Others,5.0,4.0,,6.25
Hyundai i20,Mumbai,2015.0,39000.0,Petrol,Manual,First,18.6 kmpl,1197 CC,81.83 bhp,Others,5.0,4.0,,5.5
Maruti Ciaz,Delhi,2016.0,41000.0,Diesel,Manual,First,28.09 kmpl,1248 CC,88.5 bhp,White,5.0,4.0,,9.5
Honda Jazz,Mumbai,2017.0,17978.0,Petrol,Automatic,First,19.0 kmpl,1199 CC,88.7 bhp,Others,5.0,4.0,10.1 Lakh,6.95
Audi A4,Delhi,2010.0,59000.0,Diesel,Automatic,First,16.55 kmpl,1968 CC,140 bhp,Black/Silver,5.0,4.0,,10.0
Audi Q5,Hyderabad,2013.0,72000.0,Diesel,Automatic,First,14.16 kmpl,1968 CC,174.3 bhp,Black/Silver,5.0,4.0,,29.0
Honda Amaze,Kochi,2016.0,47471.0,Diesel,Manual,First,25.8 kmpl,1498 CC,98.6 bhp,White,5.0,4.0,,5.25
Maruti Ciaz,Kochi,2015.0,44620.0,Petrol,Manual,First,20.73 kmpl,1373 CC,91.1 bhp,Others,5.0,4.0,,6.93
Honda Amaze,Delhi,2016.0,19000.0,Petrol,Automatic,First,15.5 kmpl,1198 CC,86.7 bhp,Others,5.0,4.0,,6.25
Honda City,Coimbatore,2012.0,88381.0,Petrol,Manual,First,17.0 kmpl,1497 CC,118 bhp,White,5.0,4.0,,5.25
Honda City,Delhi,2014.0,54257.0,Petrol,Manual,First,17.4 kmpl,1497 CC,117.3 bhp,Others,5.0,4.0,,6.25
Mahindra Scorpio,Jaipur,2011.0,83000.0,Diesel,Manual,First,12.05 kmpl,2179 CC,120 bhp,Black/Silver,8.0,5.0,,6.71
Hyundai i20,Bangalore,2012.0,52237.0,Petrol,Manual,First,17.0 kmpl,1197 CC,80 bhp,Others,5.0,4.0,,4.5
Maruti Swift,Chennai,2012.0,65060.0,Diesel,Manual,First,22.9 kmpl,1248 CC,74 bhp,Others,5.0,4.0,,4.8
Tata Tigor,Kochi,2019.0,29279.0,Diesel,Manual,First,24.7 kmpl,1047 CC,69 bhp,Black/Silver,5.0,4.0,,7.46
Honda Civic,Pune,2011.0,47000.0,Petrol,Automatic,Second,13.9 kmpl,1799 CC,130.3 bhp,Others,5.0,4.0,,4.5
Hyundai i20,Delhi,2013.0,63777.0,Petrol,Manual,First,18.5 kmpl,1197 CC,82.9 bhp,Black/Silver,5.0,4.0,,3.67
Maruti Swift,Coimbatore,2016.0,37806.0,Petrol,Manual,First,20.4 kmpl,1197 CC,81.80 bhp,Black/Silver,5.0,4.0,,5.2
Mercedes-Benz SLK-Class,Coimbatore,2016.0,22732.0,Petrol,Automatic,First,18.1 kmpl,3498 CC,306 bhp,Black/Silver,2.0,2.0,,55.54
Hyundai i10,Kolkata,2016.0,7000.0,Petrol,Manual,First,20.36 kmpl,1197 CC,78.9 bhp,White,5.0,4.0,,3.6
